{
"type": "FeatureCollection",
"name": "habilitaciones_urbanas",
"crs": { "type": "name", "properties": { "name": "urn:ogc:def:crs:OGC:1.3:CRS84" } },
"features": [
{"type":"Feature","properties":{"Layer":"TG_HAB_URB","Color":3,"ESTADO":"TITULADAS POR COFOPRI","COD_HAB_UR":"0032","ID_COD_URB":"1401010032","TIPO_HAB_U":"P.J.","NOMB_HAB_U":"P.J. JOSÉ GALVEZ"},"geometry":{"type":"MultiPolygon","coordinates":[[[[-79.825607405839577,-6.7664238985535,0.0],[-79.82561056017235,-6.766463989857369,0.0],[-79.825615417363196,-6.766525724345016,0.0],[-79.825619812686455,-6.766581588535659,0.0],[-79.82562427920098,-6.766638357562528,0.0],[-79.825634217471247,-6.766756028433273,0.0],[-79.825640742219235,-6.766802491033731,0.0],[-79.825650819692186,-6.766874252508878,0.0],[-79.825683858351965,-6.766877566828691,0.0],[-79.825716986649667,-6.766880890583986,0.0],[-79.825718728092156,-6.766850643105478,0.0],[-79.825779142257801,-6.766855614144402,0.0],[-79.825782499754808,-6.766818603819195,0.0],[-79.825807635503381,-6.76682092771189,0.0],[-79.825839256662775,-6.766823851202882,0.0],[-79.825891509056348,-6.766828682121838,0.0],[-79.82595457229263,-6.766834512534045,0.0],[-79.826006194058209,-6.766839285136991,0.0],[-79.82605051847429,-6.766843383512875,0.0],[-79.82608601409548,-6.766846665194046,0.0],[-79.82614772560899,-6.766852370610215,0.0],[-79.826147472192162,-6.766877692603567,0.0],[-79.826178979225773,-6.766880862372096,0.0],[-79.826181692689914,-6.766791366204684,0.0],[-79.826287296870674,-6.76679919954251,0.0],[-79.826294701330099,-6.76669417767042,0.0],[-79.82628002529421,-6.766532045027573,0.0],[-79.826225813210314,-6.766529235879055,0.0],[-79.826172837408436,-6.766530998346168,0.0],[-79.826172402026955,-6.766494824194065,0.0],[-79.826172256025416,-6.766467410338543,0.0],[-79.826172179786781,-6.766454126070776,0.0],[-79.826172110049114,-6.766416683562741,0.0],[-79.82617266892639,-6.766376350441965,0.0],[-79.826172448518008,-6.766349617510667,0.0],[-79.82617253879701,-6.766312235411418,0.0],[-79.826173306956619,-6.766284378419415,0.0],[-79.826172980338711,-6.766216615909956,0.0],[-79.826172822099068,-6.766196459911361,0.0],[-79.82617141053224,-6.766169674293112,0.0],[-79.825581576742479,-6.766125859694481,0.0],[-79.825586854908721,-6.766185724140164,0.0],[-79.825590328964651,-6.766225126539272,0.0],[-79.825594421686716,-6.766271545795928,0.0],[-79.825595732488011,-6.7662864127599,0.0],[-79.825598325204325,-6.766314826741995,0.0],[-79.825599820255746,-6.76634678756147,0.0],[-79.825600917019003,-6.766359861859366,0.0],[-79.825603563181446,-6.766391406238615,0.0],[-79.825607405839577,-6.7664238985535,0.0]]]]}},
{"type":"Feature","properties":{"Layer":"TG_HAB_URB","Color":3,"ESTADO":"TITULADAS POR COFOPRI","COD_HAB_UR":"0043","ID_COD_URB":"1401010043","TIPO_HAB_U":"P.J.","NOMB_HAB_U":"P.J. AMPLIACIÓN SANTA ROSA"},"geometry":{"type":"MultiPolygon","coordinates":[[[[-79.850317145321696,-6.760431588967152,0.0],[-79.850378210100857,-6.76095012978953,0.0],[-79.850406446616603,-6.760949223905826,0.0],[-79.8512650815386,-6.760818433887205,0.0],[-79.851118115970849,-6.760116916003043,0.0],[-79.850317145321696,-6.760431588967152,0.0]]]]}},
{"type":"Feature","properties":{"Layer":"TG_HAB_URB","Color":3,"ESTADO":"TITULADAS POR COFOPRI","COD_HAB_UR":"0042","ID_COD_URB":"1401010042","TIPO_HAB_U":"A.H.","NOMB_HAB_U":"A.H. LUIS HEYSEN"},"geometry":{"type":"MultiPolygon","coordinates":[[[[-79.851118115970849,-6.760116916003043,0.0],[-79.851223947150842,-6.760622085240317,0.0],[-79.851460527645258,-6.760569572788381,0.0],[-79.851450721870549,-6.760525426818971,0.0],[-79.851441142466868,-6.760481427117393,0.0],[-79.851602581126642,-6.760446734162909,0.0],[-79.851690539896452,-6.760350004896885,0.0],[-79.851849663334619,-6.76031329319937,0.0],[-79.852009083828065,-6.760277892782174,0.0],[-79.852162133324043,-6.760271640027632,0.0],[-79.852357793832851,-6.760272101306439,0.0],[-79.852430590586337,-6.760258667610051,0.0],[-79.852443682473094,-6.760329466713395,0.0],[-79.852546794342132,-6.760371316615003,0.0],[-79.852569191602043,-6.760480866758987,0.0],[-79.852755056117331,-6.760449885969085,0.0],[-79.852791637263593,-6.76044409360828,0.0],[-79.853001662949495,-6.760503488169947,0.0],[-79.853323605227231,-6.760471132878997,0.0],[-79.853349389955127,-6.760421334742022,0.0],[-79.853225079930723,-6.759733671405889,0.0],[-79.851118115970849,-6.760116916003043,0.0]]]]}},
{"type":"Feature","properties":{"Layer":"TG_HAB_URB","Color":3,"ESTADO":"TITULADAS POR COFOPRI","COD_HAB_UR":"0047","ID_COD_URB":"1401010047","TIPO_HAB_U":"P.J.","NOMB_HAB_U":"P.J. EL PORVENIR"},"geometry":{"type":"MultiPolygon","coordinates":[[[[-79.84310228747178,-6.765703098410907,0.0],[-79.843185687275366,-6.766738028641406,0.0],[-79.843847065990275,-6.766663457111926,0.0],[-79.843852584363773,-6.766841944129825,0.0],[-79.843612806730619,-6.766948692702901,0.0],[-79.84362149279545,-6.766986248652697,0.0],[-79.843810953836936,-6.766964886589571,0.0],[-79.843948366777653,-6.767085860371352,0.0],[-79.844125782190801,-6.767037587994313,0.0],[-79.84412816545327,-6.767075518352237,0.0],[-79.844129893424636,-6.767103019551278,0.0],[-79.844131447233124,-6.767127748895622,0.0],[-79.844131597479929,-6.76713014011992,0.0],[-79.844135015525367,-6.767184539376164,0.0],[-79.844292263427889,-6.76717702805062,0.0],[-79.844296785105371,-6.767253227372131,0.0],[-79.844317324602002,-6.767254142405277,0.0],[-79.844362517491859,-6.767256155742222,0.0],[-79.844408614240621,-6.767258209341635,0.0],[-79.844403107284322,-6.767223250616712,0.0],[-79.844396996790366,-6.767184460569999,0.0],[-79.84439133941369,-6.767148546956017,0.0],[-79.844385256544797,-6.767109932270526,0.0],[-79.844490792654696,-6.767104134507009,0.0],[-79.844544534045269,-6.767044481592847,0.0],[-79.844784969827685,-6.766990183983747,0.0],[-79.844938393003005,-6.766955536359345,0.0],[-79.844992006636332,-6.76694616519491,0.0],[-79.845045198233507,-6.766935128604009,0.0],[-79.845078902518878,-6.766928135383073,0.0],[-79.845100122295065,-6.766923732541528,0.0],[-79.845146317549435,-6.766914147593011,0.0],[-79.8451523869835,-6.766912888259533,0.0],[-79.845203864830793,-6.766902207231275,0.0],[-79.845257167986389,-6.766891147467251,0.0],[-79.845312730196312,-6.766879618969628,0.0],[-79.845365439385631,-6.766868682433209,0.0],[-79.845397621557154,-6.766862005008263,0.0],[-79.845419033772131,-6.766857562222272,0.0],[-79.845452543550607,-6.766850609330169,0.0],[-79.845471300307622,-6.766846717518542,0.0],[-79.845590007661201,-6.766822087087287,0.0],[-79.845842379408325,-6.766754615873768,0.0],[-79.846029352575485,-6.766711279026082,0.0],[-79.846073277333602,-6.766701098084991,0.0],[-79.846130566541532,-6.766687819506445,0.0],[-79.846131978524099,-6.766558946935798,0.0],[-79.846132912242908,-6.766473725485386,0.0],[-79.846420005631529,-6.766448886672408,0.0],[-79.846403109515194,-6.766565757563825,0.0],[-79.846478700920542,-6.766626822598909,0.0],[-79.846536538985873,-6.766613917107629,0.0],[-79.84659976349478,-6.766599809722388,0.0],[-79.846666431794191,-6.766584933908534,0.0],[-79.846745594811225,-6.766584245284347,0.0],[-79.846777638209403,-6.766583966541199,0.0],[-79.846814353547614,-6.766583647154573,0.0],[-79.846879493404501,-6.766583080496318,0.0],[-79.846909396797912,-6.766582820360704,0.0],[-79.846961629789746,-6.766523953816354,0.0],[-79.846967089349022,-6.766515691992605,0.0],[-79.846983312335993,-6.766521729463574,0.0],[-79.847043422738437,-6.766544099864214,0.0],[-79.847086347098099,-6.766395985779977,0.0],[-79.847126638960276,-6.766256955235395,0.0],[-79.847173591988792,-6.766094939624601,0.0],[-79.84718375821619,-6.766092200730323,0.0],[-79.847244917851086,-6.766085524139506,0.0],[-79.847308326001695,-6.766078602077354,0.0],[-79.847309295866935,-6.766078496543831,0.0],[-79.847371734151849,-6.766071680006578,0.0],[-79.847434692598412,-6.76606480702007,0.0],[-79.847464443467643,-6.766061559546743,0.0],[-79.847512946315987,-6.765889199487191,0.0],[-79.84752453987528,-6.765848058517327,0.0],[-79.847519024872369,-6.765808508385489,0.0],[-79.847562534383954,-6.765533110984602,0.0],[-79.847725747823134,-6.765347546342838,0.0],[-79.847609403469221,-6.765226743565323,0.0],[-79.847228495868592,-6.765038379005925,0.0],[-79.846869109515751,-6.765034363817869,0.0],[-79.846751954027653,-6.76503283103477,0.0],[-79.846708530173572,-6.76503207204291,0.0],[-79.846699484155792,-6.765032057259265,0.0],[-79.846595898720565,-6.765030789088775,0.0],[-79.846575375405848,-6.765030134326941,0.0],[-79.846473001824023,-6.765036573288659,0.0],[-79.846386181280309,-6.765034087715285,0.0],[-79.846388402978079,-6.765023464298945,0.0],[-79.846345580086989,-6.765008645454668,0.0],[-79.846282126066896,-6.764986687208261,0.0],[-79.846225520798626,-6.764967098962403,0.0],[-79.84617380507224,-6.764949202735112,0.0],[-79.846092582778098,-6.764921095746872,0.0],[-79.846074635910654,-6.764914885228333,0.0],[-79.84602504003692,-6.764897722558063,0.0],[-79.845904401864161,-6.764901135002956,0.0],[-79.845806066596978,-6.764929233748859,0.0],[-79.845754168558798,-6.764944063309694,0.0],[-79.845717393610968,-6.764949171544433,0.0],[-79.845659098307934,-6.76495726906433,0.0],[-79.845626331422068,-6.76496182055142,0.0],[-79.845565427208783,-6.764970280450139,0.0],[-79.845535269231249,-6.764974469540511,0.0],[-79.845516959420436,-6.764977012861691,0.0],[-79.845475388927184,-6.764991140063505,0.0],[-79.845448518514686,-6.765000271627982,0.0],[-79.84541856675375,-6.765010450346849,0.0],[-79.845388542781308,-6.765020653603437,0.0],[-79.845372730066217,-6.765030471114376,0.0],[-79.845301532178866,-6.765074675151385,0.0],[-79.845265933230763,-6.765096777165101,0.0],[-79.845230334279677,-6.765118879175659,0.0],[-79.845159136368622,-6.765163083187254,0.0],[-79.845141532029672,-6.765174013032971,0.0],[-79.845145417176383,-6.765204678468652,0.0],[-79.844875490755598,-6.765290103006346,0.0],[-79.844187649869497,-6.765414560255448,0.0],[-79.844171192491473,-6.76541753802403,0.0],[-79.844130226483415,-6.765424950337736,0.0],[-79.844090881390301,-6.76543206936254,0.0],[-79.84407547395125,-6.765434857153848,0.0],[-79.844014574731716,-6.765446352742809,0.0],[-79.843952873578417,-6.765459900164162,0.0],[-79.843930877795785,-6.765466675426384,0.0],[-79.843886853855921,-6.76548023591925,0.0],[-79.8438526282971,-6.765488815579161,0.0],[-79.843812259687454,-6.765498935174935,0.0],[-79.84377997496648,-6.765507782172732,0.0],[-79.843771848150411,-6.765510009167704,0.0],[-79.843738964643094,-6.765519020247952,0.0],[-79.843697469738885,-6.765528312340405,0.0],[-79.843656416268828,-6.76553750557709,0.0],[-79.843612325352453,-6.765548923855007,0.0],[-79.843568832476919,-6.765560187252927,0.0],[-79.843532792032818,-6.765570425074505,0.0],[-79.843470489158832,-6.765588123120332,0.0],[-79.843453315087629,-6.765592431501806,0.0],[-79.843373613603674,-6.765612425842905,0.0],[-79.843362990500651,-6.765615090810287,0.0],[-79.843277114279559,-6.765628096295337,0.0],[-79.843240414520324,-6.765663014660822,0.0],[-79.84310228747178,-6.765703098410907,0.0]]]]}},
{"type":"Feature","properties":{"Layer":"TG_HAB_URB","Color":3,"ESTADO":"TITULADAS POR COFOPRI","COD_HAB_UR":"0045","ID_COD_URB":"1401010045","TIPO_HAB_U":"P.J.","NOMB_HAB_U":"P.J. LA PRIMAVERA"},"geometry":{"type":"MultiPolygon","coordinates":[[[[-79.845713244115245,-6.763306334856225,0.0],[-79.845811720644619,-6.763430086855213,0.0],[-79.845761776443709,-6.763464082033693,0.0],[-79.845778512397445,-6.763543483687575,0.0],[-79.845780150139888,-6.76355125375237,0.0],[-79.845795446011877,-6.763623823102018,0.0],[-79.845798943343098,-6.763706956553697,0.0],[-79.845818803878572,-6.763760364518099,0.0],[-79.845829620881915,-6.763786464033204,0.0],[-79.845836763234672,-6.763803697265307,0.0],[-79.845853464196026,-6.763843993723058,0.0],[-79.845860633387659,-6.763861291709293,0.0],[-79.845867802579704,-6.763878589695498,0.0],[-79.845880622100651,-6.763913028941363,0.0],[-79.845889888117981,-6.763937921807432,0.0],[-79.845910307607667,-6.764010630232351,0.0],[-79.845921054481977,-6.764071185442577,0.0],[-79.845930179378485,-6.764098182006525,0.0],[-79.845939304275788,-6.764125178570445,0.0],[-79.845953925441577,-6.764168436174419,0.0],[-79.845987149539084,-6.764243245449332,0.0],[-79.846011668928114,-6.764321339657042,0.0],[-79.846021161473146,-6.764409767042823,0.0],[-79.846025087186192,-6.764446336847975,0.0],[-79.846049031522199,-6.764484441940869,0.0],[-79.846053029222347,-6.764557910505438,0.0],[-79.846115017206998,-6.764766847991655,0.0],[-79.846115332040299,-6.764767909172432,0.0],[-79.846042236002859,-6.764903673229044,0.0],[-79.846074635910654,-6.764914885228333,0.0],[-79.846092582778098,-6.764921095746872,0.0],[-79.84617380507224,-6.764949202735112,0.0],[-79.846225520798626,-6.764967098962403,0.0],[-79.846282126066896,-6.764986687208261,0.0],[-79.846345580086989,-6.765008645454668,0.0],[-79.846388402978079,-6.765023464298945,0.0],[-79.846386181280309,-6.765034087715285,0.0],[-79.846473001824023,-6.765036573288659,0.0],[-79.846575375405848,-6.765030134326941,0.0],[-79.846595898720565,-6.765030789088775,0.0],[-79.846699484155792,-6.765032057259265,0.0],[-79.846708530173572,-6.76503207204291,0.0],[-79.846751954027653,-6.76503283103477,0.0],[-79.846869109515751,-6.765034363817869,0.0],[-79.847228495868592,-6.765038379005925,0.0],[-79.847609403469221,-6.765226743565323,0.0],[-79.847649099351145,-6.765267960639079,0.0],[-79.847751231253412,-6.765173864863463,0.0],[-79.84780178562653,-6.765127288900064,0.0],[-79.847999646100348,-6.764944997666308,0.0],[-79.848092628488985,-6.765050279342322,0.0],[-79.848367927826686,-6.764812313354044,0.0],[-79.848464085194706,-6.764924287938171,0.0],[-79.84848335586716,-6.764946728327842,0.0],[-79.848502626541361,-6.764969168717081,0.0],[-79.84854087323626,-6.765013706368866,0.0],[-79.848573580345544,-6.765051792922505,0.0],[-79.848615453521489,-6.765012440502586,0.0],[-79.84864608994809,-6.764983647768601,0.0],[-79.848657308394777,-6.764973104922185,0.0],[-79.848678060084595,-6.764953601946103,0.0],[-79.84870012376129,-6.764932866650232,0.0],[-79.848732442266552,-6.764902493066312,0.0],[-79.848741993582536,-6.76489351699906,0.0],[-79.848781976043298,-6.764855941096686,0.0],[-79.848784846903953,-6.764853242683581,0.0],[-79.848848683806921,-6.764806687656099,0.0],[-79.848888356281009,-6.76477096857488,0.0],[-79.84890278058792,-6.764757981659023,0.0],[-79.848927505624971,-6.764735720484222,0.0],[-79.848930347853184,-6.764733161485182,0.0],[-79.848958594101788,-6.764707729984384,0.0],[-79.848967650646514,-6.76469957592624,0.0],[-79.849010344900591,-6.764661136156907,0.0],[-79.849046896440626,-6.76462822697119,0.0],[-79.849064129220608,-6.764612711431808,0.0],[-79.849065924176145,-6.764614746699177,0.0],[-79.849090514987864,-6.764593019670598,0.0],[-79.849093033871114,-6.764590794129847,0.0],[-79.849120135807951,-6.764566848410888,0.0],[-79.849131214875541,-6.764557059580143,0.0],[-79.849147246787922,-6.76454289469762,0.0],[-79.849171868936693,-6.764521139969729,0.0],[-79.849174015125016,-6.76451924371982,0.0],[-79.849211845006863,-6.764485819384069,0.0],[-79.849228591534455,-6.76447102310039,0.0],[-79.849253179072932,-6.76444929894049,0.0],[-79.84925536599988,-6.764447366695221,0.0],[-79.849282482782115,-6.764423407833942,0.0],[-79.849295343289171,-6.76441204501289,0.0],[-79.849336716342307,-6.764375490102304,0.0],[-79.849375086878439,-6.76434158803857,0.0],[-79.849390949896716,-6.7643275723586,0.0],[-79.849364772029745,-6.764298241959485,0.0],[-79.849379445221373,-6.764283245270986,0.0],[-79.849411678201093,-6.764250301651948,0.0],[-79.849416347854614,-6.764245529046123,0.0],[-79.849443859873602,-6.764219326798736,0.0],[-79.849447370011148,-6.764215983768839,0.0],[-79.849472026937605,-6.764192500686168,0.0],[-79.849485321480216,-6.764183251727963,0.0],[-79.849514314158867,-6.764154760814715,0.0],[-79.849518604194856,-6.764150545024267,0.0],[-79.849546524912682,-6.764123107513657,0.0],[-79.849562138908368,-6.764107763737764,0.0],[-79.849578921846387,-6.764091271247725,0.0],[-79.849609239047524,-6.764061478715666,0.0],[-79.849640139058252,-6.76403111345387,0.0],[-79.849672456454527,-6.763999470165286,0.0],[-79.849708651931664,-6.763964029680318,0.0],[-79.849741292491345,-6.763932069954166,0.0],[-79.849776195263303,-6.7638978951942,0.0],[-79.849807801660262,-6.763866948045455,0.0],[-79.85006220526644,-6.763694769504665,0.0],[-79.850158455014551,-6.763493158136321,0.0],[-79.850163367927351,-6.763482866822533,0.0],[-79.850179344502948,-6.763449401096637,0.0],[-79.850195515956003,-6.763415527159648,0.0],[-79.850227079550237,-6.763349411672495,0.0],[-79.850250028319252,-6.763301341795191,0.0],[-79.850257875395059,-6.763284904347928,0.0],[-79.850279798897944,-6.763238981693255,0.0],[-79.849986627012285,-6.763078074611658,0.0],[-79.84866785805383,-6.762531501529995,0.0],[-79.847925562362335,-6.76227877052866,0.0],[-79.846841853345907,-6.762018430275619,0.0],[-79.846829614800939,-6.761884827743159,0.0],[-79.845206902576479,-6.762481760567803,0.0],[-79.845168672608182,-6.762598315450959,0.0],[-79.844637538603166,-6.762790840863601,0.0],[-79.844520667566186,-6.762771717718068,0.0],[-79.844374269289148,-6.762810752590726,0.0],[-79.844409313959019,-6.762914704126916,0.0],[-79.844429154392358,-6.762973555957722,0.0],[-79.844448366047928,-6.763030542661166,0.0],[-79.844466993599141,-6.763085796751118,0.0],[-79.844480995544473,-6.763127330102278,0.0],[-79.844499756665911,-6.763182980378279,0.0],[-79.844557119633208,-6.76335313352221,0.0],[-79.844612858153695,-6.763518468054304,0.0],[-79.844670547715154,-6.763689589773717,0.0],[-79.844675176167755,-6.763703318921749,0.0],[-79.844704339595992,-6.763692060200865,0.0],[-79.84478033855747,-6.763662720322936,0.0],[-79.844856318757309,-6.763633387671705,0.0],[-79.844932331620839,-6.763604042394112,0.0],[-79.844947751951779,-6.763598089269565,0.0],[-79.845008343941515,-6.763574697309762,0.0],[-79.845084355758956,-6.763545352403318,0.0],[-79.845160367108932,-6.763516007660984,0.0],[-79.845236378023884,-6.763486663070253,0.0],[-79.845312388533245,-6.763457318619755,0.0],[-79.845403509572165,-6.763422140609825,0.0],[-79.845484722747941,-6.763384884459041,0.0],[-79.845713244115245,-6.763306334856225,0.0]]]]}},
{"type":"Feature","properties":{"Layer":"TG_HAB_URB","Color":3,"ESTADO":"TITULADAS POR COFOPRI","COD_HAB_UR":"0048","ID_COD_URB":"1401010048","TIPO_HAB_U":"UPIS","NOMB_HAB_U":"UPIS COIS TERCER SECTOR"},"geometry":{"type":"MultiPolygon","coordinates":[[[[-79.846829614800939,-6.761884827743159,0.0],[-79.846841853345907,-6.762018430275619,0.0],[-79.847892234780602,-6.762270764256617,0.0],[-79.848040653620842,-6.761771372890448,0.0],[-79.847927002991128,-6.761405706008095,0.0],[-79.846821977008631,-6.761801449495724,0.0],[-79.846829614800939,-6.761884827743159,0.0]]]]}},
{"type":"Feature","properties":{"Layer":"TG_HAB_URB","Color":3,"ESTADO":"TITULADAS POR COFOPRI","COD_HAB_UR":"0126","ID_COD_URB":"1401010126","TIPO_HAB_U":"UPIS","NOMB_HAB_U":"UPIS COIS SEGUNDO SECTOR"},"geometry":{"type":"MultiPolygon","coordinates":[[[[-79.843678730753425,-6.76280623018941,0.0],[-79.843612896538701,-6.762834382651315,0.0],[-79.843569091382875,-6.762851790163926,0.0],[-79.843535989415003,-6.762864944386319,0.0],[-79.843508331312989,-6.762881773486468,0.0],[-79.843488819488783,-6.762893645826573,0.0],[-79.843460609907652,-6.762910810479514,0.0],[-79.843426391072128,-6.762931631572674,0.0],[-79.843408262241908,-6.762934816507001,0.0],[-79.843368024688786,-6.762941885574043,0.0],[-79.843315684696648,-6.762956280567275,0.0],[-79.843288642366502,-6.762963717978041,0.0],[-79.843235430037723,-6.76297835287827,0.0],[-79.843123824974157,-6.763009618888969,0.0],[-79.843063334873321,-6.763020851225191,0.0],[-79.843027311882111,-6.763027540288388,0.0],[-79.842995733860334,-6.763033403968524,0.0],[-79.842945307952249,-6.763038322589793,0.0],[-79.842931639203456,-6.763039655859806,0.0],[-79.842891839084842,-6.76304353802009,0.0],[-79.842858864070436,-6.763042110682455,0.0],[-79.842824485316399,-6.76304062258099,0.0],[-79.842784624272383,-6.763038897172769,0.0],[-79.842746678732169,-6.763037254675287,0.0],[-79.842708723838825,-6.763035611769949,0.0],[-79.842662615877856,-6.763033615949162,0.0],[-79.84264508751599,-6.763032857218537,0.0],[-79.842612904762163,-6.763031464158002,0.0],[-79.842569498465679,-6.763029897797318,0.0],[-79.842563722017601,-6.763029689347976,0.0],[-79.84250620770419,-6.763027613878398,0.0],[-79.842481895757203,-6.763026736552038,0.0],[-79.842476814779189,-6.763026553198594,0.0],[-79.842400521578895,-6.763023800056426,0.0],[-79.842395461706829,-6.763023617463764,0.0],[-79.842347543840987,-6.763021888276872,0.0],[-79.842305623786942,-6.763020375526031,0.0],[-79.842306761482959,-6.762995182161418,0.0],[-79.842244833087562,-6.76300294337741,0.0],[-79.842233236968028,-6.76300439666761,0.0],[-79.842190511199519,-6.763009751296161,0.0],[-79.842134380731878,-6.763016785869365,0.0],[-79.842072482057105,-6.763024543337521,0.0],[-79.8420248969813,-6.763030506944331,0.0],[-79.841966527813852,-6.763037822062399,0.0],[-79.841877030305056,-6.763050761352382,0.0],[-79.841786176471842,-6.763063896717866,0.0],[-79.841733367307924,-6.763071531694689,0.0],[-79.841683203603424,-6.76307878419394,0.0],[-79.841601666492991,-6.763090572542686,0.0],[-79.841408872693734,-6.763118445934385,0.0],[-79.841419590861577,-6.763240111422653,0.0],[-79.842295774404207,-6.763164064774038,0.0],[-79.84320126450109,-6.763230384132195,0.0],[-79.844172620070694,-6.762864519200104,0.0],[-79.844374269289148,-6.762810752590726,0.0],[-79.844520667566186,-6.762771717718068,0.0],[-79.844637538603166,-6.762790840863601,0.0],[-79.845168672608182,-6.762598315450959,0.0],[-79.845206902576479,-6.762481760567803,0.0],[-79.845109501789423,-6.762504694568301,0.0],[-79.844873349123162,-6.762515293498859,0.0],[-79.844464132524521,-6.762494613179113,0.0],[-79.844471790901252,-6.762561268599897,0.0],[-79.844463039985541,-6.762563565179837,0.0],[-79.844408784306822,-6.762577803971428,0.0],[-79.844362404450692,-6.76258997583641,0.0],[-79.844316024592914,-6.762602147696587,0.0],[-79.844247767440805,-6.762620060991454,0.0],[-79.844092546235856,-6.762658280548292,0.0],[-79.844038206999187,-6.762673920084765,0.0],[-79.844024730865769,-6.762677798689453,0.0],[-79.843967348626435,-6.762694314031555,0.0],[-79.843950394784301,-6.762699193562487,0.0],[-79.843910401098242,-6.762710704250071,0.0],[-79.843871374498917,-6.762728692644405,0.0],[-79.843864975126053,-6.762731642284537,0.0],[-79.843839742411333,-6.762743272708713,0.0],[-79.843839542512598,-6.762746431874181,0.0],[-79.843806589575578,-6.762757716034565,0.0],[-79.843780499128727,-6.762766650252443,0.0],[-79.843771924796371,-6.762769586382439,0.0],[-79.843734264294014,-6.762782482559716,0.0],[-79.84369512534937,-6.762799219421897,0.0],[-79.843678730753425,-6.76280623018941,0.0]]]]}},
{"type":"Feature","properties":{"Layer":"TG_HAB_URB","Color":3,"ESTADO":"TITULADAS POR COFOPRI","COD_HAB_UR":"0125","ID_COD_URB":"1401010125","TIPO_HAB_U":"UPIS","NOMB_HAB_U":"UPIS COIS PRIMER SECTOR"},"geometry":{"type":"MultiPolygon","coordinates":[[[[-79.839080405503012,-6.762714639133849,0.0],[-79.834767246491253,-6.763343179651606,0.0],[-79.834782810090942,-6.763535726140513,0.0],[-79.835000764529724,-6.76349072432208,0.0],[-79.834989783915489,-6.763437580902806,0.0],[-79.83485183802803,-6.763466063090018,0.0],[-79.834826481678064,-6.763349980178858,0.0],[-79.835028677633147,-6.763326755076611,0.0],[-79.835047869658936,-6.763478575514432,0.0],[-79.835101337883344,-6.763468701628314,0.0],[-79.835154806106544,-6.763458827736013,0.0],[-79.835136544157919,-6.763314365024852,0.0],[-79.835303222778521,-6.76329521949248,0.0],[-79.835318591680789,-6.763428922954374,0.0],[-79.835375218977788,-6.763418465652817,0.0],[-79.835360298503886,-6.763288663478085,0.0],[-79.835422317795576,-6.763281539611983,0.0],[-79.835436750999776,-6.763407102592806,0.0],[-79.835500512441172,-6.763395327818999,0.0],[-79.835486584162553,-6.7632741576262,0.0],[-79.835702901153226,-6.763249310210158,0.0],[-79.835717670767934,-6.763366145416975,0.0],[-79.835776170494739,-6.763356918491723,0.0],[-79.83579287916649,-6.763493698638912,0.0],[-79.840769213975165,-6.763193411262432,0.0],[-79.840781057472682,-6.763427298986742,0.0],[-79.841426553214035,-6.763319143399992,0.0],[-79.841412316427494,-6.76315753690186,0.0],[-79.84125522572262,-6.763168841081134,0.0],[-79.841195668883088,-6.763173126751974,0.0],[-79.841137188092219,-6.763179328020609,0.0],[-79.841078711533726,-6.763185528833149,0.0],[-79.841040888321217,-6.763189539575707,0.0],[-79.84102023112321,-6.763191730046847,0.0],[-79.841018900000748,-6.763177657298503,0.0],[-79.84096826752905,-6.763177012953274,0.0],[-79.840917633700585,-6.763176368585466,0.0],[-79.840870324254098,-6.763175766519112,0.0],[-79.840889199923851,-6.762761293837646,0.0],[-79.839933583057203,-6.762671647308828,0.0],[-79.839580249692659,-6.762670804938737,0.0],[-79.839080405503012,-6.762714639133849,0.0]]]]}},
{"type":"Feature","properties":{"Layer":"TG_HAB_URB","Color":3,"ESTADO":"TITULADAS POR COFOPRI","COD_HAB_UR":"0154","ID_COD_URB":"1401010154","TIPO_HAB_U":"CONJ","NOMB_HAB_U":"CONJ.HAB. PASCUAL SACO OLIVEROS"},"geometry":{"type":"MultiPolygon","coordinates":[[[[-79.840921402935081,-6.77497426980166,0.0],[-79.840969703328454,-6.775354056583926,0.0],[-79.841344697929131,-6.775448849600229,0.0],[-79.842117998662246,-6.775716751527359,0.0],[-79.842604532576047,-6.775899163353908,0.0],[-79.842714081627236,-6.775808094866859,0.0],[-79.842528115391218,-6.774906311708797,0.0],[-79.841906649878368,-6.774971761262938,0.0],[-79.840921402935081,-6.77497426980166,0.0]]]]}},
{"type":"Feature","properties":{"Layer":"TG_HAB_URB","Color":3,"ESTADO":"TITULADAS POR COFOPRI","COD_HAB_UR":"0148","ID_COD_URB":"1401010148","TIPO_HAB_U":"P.T.","NOMB_HAB_U":"P.T. CERCADO DE CHICLAYO"},"geometry":{"type":"MultiPolygon","coordinates":[[[[-79.836066668370336,-6.77062956424214,0.0],[-79.836200541063349,-6.773104496388296,0.0],[-79.835735008388497,-6.775199483856601,0.0],[-79.835781680689678,-6.775233033028233,0.0],[-79.836150780886982,-6.775499186535148,0.0],[-79.836232141585626,-6.775495851027372,0.0],[-79.836332071833809,-6.77549221162386,0.0],[-79.836322513482131,-6.775673725072691,0.0],[-79.836886091265725,-6.775816602608487,0.0],[-79.840372158908934,-6.775368648900234,0.0],[-79.840968504960202,-6.775344633797174,0.0],[-79.840921402935081,-6.77497426980166,0.0],[-79.841906649878368,-6.774971761262938,0.0],[-79.842528115391218,-6.774906311708797,0.0],[-79.842445115324267,-6.773101079139439,0.0],[-79.842150713301876,-6.770819810704045,0.0],[-79.841850375874643,-6.767806243356994,0.0],[-79.836927803328308,-6.767954262620277,0.0],[-79.836998275026914,-6.768755469697161,0.0],[-79.835927124627531,-6.769033376294999,0.0],[-79.836002769835716,-6.769395475876453,0.0],[-79.836066668370336,-6.77062956424214,0.0]]]]}},
{"type":"Feature","properties":{"Layer":"TG_HAB_URB","Color":3,"ESTADO":"TITULADAS POR COFOPRI","COD_HAB_UR":"0011","ID_COD_URB":"1401010011","TIPO_HAB_U":"P.J.","NOMB_HAB_U":"P.J. CHINO"},"geometry":{"type":"MultiPolygon","coordinates":[[[[-79.835729565747172,-6.776466997527703,0.0],[-79.835761607303198,-6.776472847972377,0.0],[-79.835743562698042,-6.776545249504821,0.0],[-79.835719599301697,-6.776658045997937,0.0],[-79.836854353981067,-6.777295026104075,0.0],[-79.836855331400557,-6.777176699664476,0.0],[-79.836734879698184,-6.77716771034228,0.0],[-79.836741778861651,-6.777205524442229,0.0],[-79.836699545022697,-6.777179211890727,0.0],[-79.836682807985341,-6.777032847995922,0.0],[-79.836676634554095,-6.776984469962238,0.0],[-79.836661447345634,-6.776983385959714,0.0],[-79.836666395316058,-6.776962742865024,0.0],[-79.836724463521151,-6.776968546239667,0.0],[-79.836729642493111,-6.776935027936831,0.0],[-79.836727854156905,-6.776934751832244,0.0],[-79.836735726192757,-6.776883804011098,0.0],[-79.836742972984226,-6.776883891360391,0.0],[-79.836794098579517,-6.776884507599362,0.0],[-79.836840690873572,-6.77688506919177,0.0],[-79.836896864393168,-6.776885746263849,0.0],[-79.836930699160007,-6.776886154078656,0.0],[-79.836964140191952,-6.776886557145722,0.0],[-79.83696565407665,-6.77682643226475,0.0],[-79.837189476775734,-6.77679758251122,0.0],[-79.837180617355159,-6.776436827631512,0.0],[-79.836984118766765,-6.776292435184851,0.0],[-79.83695686294601,-6.776272237503044,0.0],[-79.836931804463234,-6.776253668136095,0.0],[-79.836908909322645,-6.776236701892574,0.0],[-79.836877215107577,-6.77621321516874,0.0],[-79.836852195316084,-6.776194674465808,0.0],[-79.836824659967121,-6.776174269626967,0.0],[-79.836832694503784,-6.77616303321632,0.0],[-79.836790069442387,-6.776134014112627,0.0],[-79.836775538497832,-6.776151341812577,0.0],[-79.836739404010928,-6.776124073638021,0.0],[-79.836750714212542,-6.776108812407934,0.0],[-79.836722044731289,-6.776085219735473,0.0],[-79.836699023827535,-6.776066275384682,0.0],[-79.836680924386883,-6.776083994176585,0.0],[-79.836653326611824,-6.776100518679062,0.0],[-79.836643624392892,-6.776106328000043,0.0],[-79.836638980881375,-6.776077738580769,0.0],[-79.83663269082794,-6.77603901163905,0.0],[-79.836558339827718,-6.77609522101275,0.0],[-79.83651944026019,-6.776034672678523,0.0],[-79.8365067112736,-6.776048611141158,0.0],[-79.836529637105471,-6.776078912918128,0.0],[-79.836507598479315,-6.776099645378557,0.0],[-79.836500561569295,-6.776104659167754,0.0],[-79.836476683641081,-6.776142726930017,0.0],[-79.836421992752193,-6.776166691800952,0.0],[-79.836423824199244,-6.776170826745943,0.0],[-79.836381199860142,-6.776181250286729,0.0],[-79.836390876996361,-6.776216109796325,0.0],[-79.836365024581482,-6.776222694788361,0.0],[-79.83632505468168,-6.776232598525172,0.0],[-79.836299439186277,-6.776235557127162,0.0],[-79.83629884651765,-6.776226079218249,0.0],[-79.836279148859191,-6.776228902615117,0.0],[-79.836277734664591,-6.776212684554723,0.0],[-79.836232025405266,-6.776216667264688,0.0],[-79.836195711683274,-6.77621983132586,0.0],[-79.836194768888731,-6.776209019285957,0.0],[-79.836188502897514,-6.776209565249102,0.0],[-79.836137983749225,-6.776213967042454,0.0],[-79.836123425409866,-6.776286948239029,0.0],[-79.836008355201443,-6.77627062550819,0.0],[-79.835999435665556,-6.776318643347131,0.0],[-79.835998201085616,-6.776325289640133,0.0],[-79.835764839841659,-6.776289890341237,0.0],[-79.83576603496617,-6.776284087842463,0.0],[-79.835732536938565,-6.776278143042451,0.0],[-79.835730549091863,-6.776290918590989,0.0],[-79.835735011609572,-6.776291660656784,0.0],[-79.835731119625692,-6.7763166837669,0.0],[-79.835703191795062,-6.776331605489649,0.0],[-79.835699218429539,-6.776361620130221,0.0],[-79.835723898961987,-6.776368199035151,0.0],[-79.835718090683102,-6.77639619388181,0.0],[-79.83574229883358,-6.776403135288658,0.0],[-79.835729565747172,-6.776466997527703,0.0]]]]}},
{"type":"Feature","properties":{"Layer":"TG_HAB_URB","Color":3,"ESTADO":"TITULADAS POR COFOPRI","COD_HAB_UR":"0010","ID_COD_URB":"1401010010","TIPO_HAB_U":"P.J.","NOMB_HAB_U":"P.J. ZAMORA"},"geometry":{"type":"MultiPolygon","coordinates":[[[[-79.838000066138051,-6.777849680493007,0.0],[-79.837973693229273,-6.777961534649641,0.0],[-79.838702345724812,-6.778412776542453,0.0],[-79.838775797147363,-6.778286842938871,0.0],[-79.838789077405721,-6.778264073720286,0.0],[-79.838828748350195,-6.778196057224296,0.0],[-79.838891410943774,-6.778088621108967,0.0],[-79.838924896657232,-6.778086629596828,0.0],[-79.838910514537289,-6.777907153779318,0.0],[-79.838756881078652,-6.777747970354681,0.0],[-79.838609849101005,-6.77760154894946,0.0],[-79.838083412131837,-6.777384630123832,0.0],[-79.838077383633561,-6.77741983769515,0.0],[-79.838045650557561,-6.777605263434229,0.0],[-79.838034687572019,-6.777669323347192,0.0],[-79.838026961589676,-6.777714468493682,0.0],[-79.83801376488249,-6.77779158063571,0.0],[-79.838000066138051,-6.777849680493007,0.0]]]]}},
{"type":"Feature","properties":{"Layer":"TG_HAB_URB","Color":3,"ESTADO":"TITULADAS POR COFOPRI","COD_HAB_UR":"0009","ID_COD_URB":"1401010009","TIPO_HAB_U":"P.J.","NOMB_HAB_U":"P.J. BUENOS AIRES"},"geometry":{"type":"MultiPolygon","coordinates":[[[[-79.839552120111108,-6.778947239583752,0.0],[-79.840050289382802,-6.779255799373963,0.0],[-79.840332212573614,-6.779395250822617,0.0],[-79.840786008483562,-6.779538385707233,0.0],[-79.841165569602552,-6.779610075775969,0.0],[-79.841506141975572,-6.779643895014541,0.0],[-79.841888472996871,-6.779594736014974,0.0],[-79.842151524304185,-6.77954131744788,0.0],[-79.842054340303051,-6.77876163937182,0.0],[-79.840144709238757,-6.778181927145145,0.0],[-79.839999253966212,-6.778550507635194,0.0],[-79.839843617336612,-6.778467759214485,0.0],[-79.839814779131729,-6.778515194898236,0.0],[-79.839782150753365,-6.778568864986108,0.0],[-79.839755713712506,-6.778612350993757,0.0],[-79.839742660401171,-6.778633822242934,0.0],[-79.839729607076876,-6.77865529351077,0.0],[-79.839703677267252,-6.778697945158179,0.0],[-79.839680548607504,-6.778735989217418,0.0],[-79.839657760671287,-6.778773472816492,0.0],[-79.839552120111108,-6.778947239583752,0.0]]]]}},
{"type":"Feature","properties":{"Layer":"TG_HAB_URB","Color":3,"ESTADO":"TITULADAS POR COFOPRI","COD_HAB_UR":"0136","ID_COD_URB":"1401010136","TIPO_HAB_U":"A.H.","NOMB_HAB_U":"A.H. SAN NICOLÁS"},"geometry":{"type":"MultiPolygon","coordinates":[[[[-79.845300458117663,-6.778806884439656,0.0],[-79.84530078028898,-6.778896421683107,0.0],[-79.845300952763424,-6.778944355762802,0.0],[-79.84530110571184,-6.778986863342841,0.0],[-79.845301148231599,-6.779019339686847,0.0],[-79.845301294455822,-6.779039319505379,0.0],[-79.845301548282521,-6.779109863999626,0.0],[-79.845301873698901,-6.77920030565865,0.0],[-79.845302049422614,-6.779249144154354,0.0],[-79.845302205620797,-6.779292556150514,0.0],[-79.845302156875348,-6.779299668083598,0.0],[-79.845302369953629,-6.779338229188039,0.0],[-79.845302540793938,-6.779385711058647,0.0],[-79.845302707102732,-6.779431933676431,0.0],[-79.845302862947918,-6.779475248300126,0.0],[-79.845303028856165,-6.779521359977432,0.0],[-79.84530319486133,-6.779567498791049,0.0],[-79.845303274373009,-6.779610258352445,0.0],[-79.845303455183583,-6.779639852117034,0.0],[-79.845303717131074,-6.77971265765112,0.0],[-79.845304042529222,-6.779803099308068,0.0],[-79.845304198719361,-6.779846511303303,0.0],[-79.845304361630525,-6.779891732565337,0.0],[-79.845304835197751,-6.780023359005836,0.0],[-79.845483804086427,-6.780061618414448,0.0],[-79.845866694122535,-6.779954075474268,0.0],[-79.846814490088235,-6.779828629708106,0.0],[-79.847228355802741,-6.779832509350051,0.0],[-79.847933993637966,-6.779791901192971,0.0],[-79.849023936171903,-6.779493303565841,0.0],[-79.849043244057526,-6.779420772113119,0.0],[-79.845297575808402,-6.778005871659765,0.0],[-79.845297950621926,-6.778110031438656,0.0],[-79.845298433909221,-6.778244337307227,0.0],[-79.845298835830405,-6.778356032759732,0.0],[-79.845299192186204,-6.778455066379174,0.0],[-79.845299472061512,-6.778532846207825,0.0],[-79.84529966628196,-6.778607480494413,0.0],[-79.845299960211264,-6.778668508699182,0.0],[-79.845300113163574,-6.778711016279683,0.0],[-79.84530017095959,-6.77874773727853,0.0],[-79.845300282803166,-6.778758408916372,0.0],[-79.845300458117663,-6.778806884439656,0.0]]]]}},
{"type":"Feature","properties":{"Layer":"TG_HAB_URB","Color":3,"ESTADO":"TITULADAS POR COFOPRI","COD_HAB_UR":"0249","ID_COD_URB":"1401010249","TIPO_HAB_U":"A.H.","NOMB_HAB_U":"A.H. VILLA EL SALVADOR SECTOR 1"},"geometry":{"type":"MultiPolygon","coordinates":[[[[-79.845274125228912,-6.780345795784968,0.0],[-79.845282211899729,-6.780387547369453,0.0],[-79.84529077212602,-6.780431743922434,0.0],[-79.845276608608117,-6.78043473659125,0.0],[-79.844975046555732,-6.780498454785302,0.0],[-79.845023492917448,-6.780692766764976,0.0],[-79.845420913835653,-6.780605414212243,0.0],[-79.847307441301908,-6.780531083059384,0.0],[-79.847261620451889,-6.780164240081387,0.0],[-79.847317509646345,-6.780158172083681,0.0],[-79.847324782993169,-6.780213318055587,0.0],[-79.847332407703504,-6.780275893890814,0.0],[-79.847361517623767,-6.780525667742255,0.0],[-79.847521818144955,-6.780519351374629,0.0],[-79.847488502409803,-6.780258956517749,0.0],[-79.847533545251622,-6.780256727422715,0.0],[-79.847567984850741,-6.780517532244703,0.0],[-79.84762767527819,-6.780515180226177,0.0],[-79.847562795480329,-6.779974506108047,0.0],[-79.847497955353916,-6.779986163455666,0.0],[-79.847433390431476,-6.779990678559731,0.0],[-79.847378693390468,-6.779987547365575,0.0],[-79.847387969072514,-6.780061531224753,0.0],[-79.847304474644744,-6.78007517052317,0.0],[-79.847291701724856,-6.779972513154783,0.0],[-79.847274762915163,-6.779973305482707,0.0],[-79.847190504497874,-6.77994804498756,0.0],[-79.847209822142077,-6.780109130628524,0.0],[-79.847257491881464,-6.780506638097414,0.0],[-79.847212485299309,-6.780508020089256,0.0],[-79.847176086381808,-6.780184715535916,0.0],[-79.847147986725659,-6.779978700608052,0.0],[-79.847145206480121,-6.77995847808435,0.0],[-79.84701468867766,-6.779968722482502,0.0],[-79.84704694582986,-6.780201614159705,0.0],[-79.847048812216798,-6.780217546716741,0.0],[-79.84698536882982,-6.780222483784237,0.0],[-79.846951750869707,-6.779973662485112,0.0],[-79.846843308964338,-6.77998217409486,0.0],[-79.846720441275821,-6.78001119747906,0.0],[-79.846686657566678,-6.780017149137436,0.0],[-79.846621828259913,-6.7800269874947,0.0],[-79.846479992512911,-6.78004180737362,0.0],[-79.846424567478465,-6.780044738427038,0.0],[-79.846431738033857,-6.780118305900846,0.0],[-79.846435070351035,-6.780152494347384,0.0],[-79.846472023307669,-6.780531619131806,0.0],[-79.846178157486335,-6.780546512065492,0.0],[-79.846177169998413,-6.780535723261584,0.0],[-79.846163830251925,-6.780385570628876,0.0],[-79.846135169085457,-6.780063087040205,0.0],[-79.846090088747587,-6.780068471421959,0.0],[-79.84603953300406,-6.78007775334421,0.0],[-79.845962558159457,-6.780094750581302,0.0],[-79.845866115347945,-6.78012375306951,0.0],[-79.845789478973302,-6.780152695917797,0.0],[-79.845773786504353,-6.780156840405067,0.0],[-79.845799086479389,-6.780283543866379,0.0],[-79.845727646571632,-6.780296159975198,0.0],[-79.84572535630474,-6.780286111070137,0.0],[-79.845652196062844,-6.780300052031339,0.0],[-79.845627129766697,-6.780175305051595,0.0],[-79.845551641960782,-6.780179809101324,0.0],[-79.845478710045398,-6.780183376235898,0.0],[-79.845380697766871,-6.780151827138141,0.0],[-79.845272639921532,-6.780168770353773,0.0],[-79.845281635561008,-6.780214274256322,0.0],[-79.845096514117358,-6.78026225016445,0.0],[-79.845087278199955,-6.780201196305445,0.0],[-79.844940759336254,-6.780226306293481,0.0],[-79.844923376007699,-6.78015978959224,0.0],[-79.845102918074801,-6.780152960794747,0.0],[-79.845093387900747,-6.780094778907568,0.0],[-79.845092038908476,-6.780056762719567,0.0],[-79.844976979736231,-6.780016379887313,0.0],[-79.844854844864997,-6.780016341169079,0.0],[-79.84495275798875,-6.780409058241398,0.0],[-79.845274125228912,-6.780345795784968,0.0]]]]}},
{"type":"Feature","properties":{"Layer":"TG_HAB_URB","Color":3,"ESTADO":"TITULADAS POR COFOPRI","COD_HAB_UR":"0099","ID_COD_URB":"1401010099","TIPO_HAB_U":"P.J.","NOMB_HAB_U":"P.J. AMPLIACIÓN BUENOS AIRES"},"geometry":{"type":"MultiPolygon","coordinates":[[[[-79.839880035897806,-6.778261145789306,0.0],[-79.839866797236013,-6.778289854754934,0.0],[-79.839852972620392,-6.778319834397614,0.0],[-79.839839522978892,-6.778349000877975,0.0],[-79.840029384099026,-6.7784741585969,0.0],[-79.840144709238757,-6.778181927145145,0.0],[-79.840111128063697,-6.778178712578687,0.0],[-79.839953486418409,-6.778083619099756,0.0],[-79.839942129577594,-6.778112683164403,0.0],[-79.83993012991381,-6.778143438167257,0.0],[-79.839918623385188,-6.778172929265349,0.0],[-79.839907120760799,-6.778202410352159,0.0],[-79.839893481753137,-6.778231987505308,0.0],[-79.839880035897806,-6.778261145789306,0.0]]]]}},
{"type":"Feature","properties":{"Layer":"TG_HAB_URB","Color":3,"ESTADO":"TITULADAS POR COFOPRI","COD_HAB_UR":"0007","ID_COD_URB":"1401010007","TIPO_HAB_U":"P.J.","NOMB_HAB_U":"P.J. SAN FRANCISCO"},"geometry":{"type":"MultiPolygon","coordinates":[[[[-79.840586545072668,-6.776968586434382,0.0],[-79.840374123588163,-6.77825157157147,0.0],[-79.842526102486289,-6.778904852275067,0.0],[-79.842823969739413,-6.777304845992421,0.0],[-79.840586545072668,-6.776968586434382,0.0]]]]}},
{"type":"Feature","properties":{"Layer":"TG_HAB_URB","Color":3,"ESTADO":"TITULADAS POR COFOPRI","COD_HAB_UR":"0143","ID_COD_URB":"1401010143","TIPO_HAB_U":"P.J.","NOMB_HAB_U":"P.J. JESÚS NAZARENO"},"geometry":{"type":"MultiPolygon","coordinates":[[[[-79.849286947268865,-6.780051623231817,0.0],[-79.849289063160967,-6.78010169576125,0.0],[-79.849275865146538,-6.780142104576707,0.0],[-79.849155102736859,-6.780228701216015,0.0],[-79.849125026920305,-6.780432049502339,0.0],[-79.848877640066007,-6.780443216913843,0.0],[-79.848951344060154,-6.780944392132468,0.0],[-79.849008743297077,-6.780938589804461,0.0],[-79.849188751984116,-6.780925232237355,0.0],[-79.849189063278175,-6.780927927601977,0.0],[-79.849200921114232,-6.78092731652435,0.0],[-79.849336511523916,-6.780920329034207,0.0],[-79.849348093709239,-6.78091973215832,0.0],[-79.849376767582569,-6.780914286137604,0.0],[-79.849429173734791,-6.780910921241192,0.0],[-79.849448999626645,-6.780909648257978,0.0],[-79.849473828731035,-6.780907788922466,0.0],[-79.84951897757999,-6.780904407932968,0.0],[-79.849592074470806,-6.780899485929702,0.0],[-79.8495934073797,-6.780899396491453,0.0],[-79.849641264002869,-6.780896185307368,0.0],[-79.849665627414936,-6.780894550518192,0.0],[-79.849686845830817,-6.780893126757794,0.0],[-79.849732875475539,-6.780890038155227,0.0],[-79.849737847450541,-6.780889704533972,0.0],[-79.849810067486501,-6.780884858538725,0.0],[-79.849816310344096,-6.780884439639806,0.0],[-79.849882287522831,-6.780880012532485,0.0],[-79.849888076148119,-6.780879624111914,0.0],[-79.849958491014277,-6.780874899222245,0.0],[-79.850023940194276,-6.780870507524428,0.0],[-79.850026727596557,-6.780870320487062,0.0],[-79.850089826819115,-6.780865853981786,0.0],[-79.850098929362829,-6.780865209653667,0.0],[-79.850171131131361,-6.780860098809158,0.0],[-79.850216199260061,-6.780857156228517,0.0],[-79.850243359735472,-6.780855382869294,0.0],[-79.850362453874027,-6.780847555832093,0.0],[-79.85041748435404,-6.780843939140034,0.0],[-79.850368606798654,-6.780251569053199,0.0],[-79.85031528794741,-6.78023965648476,0.0],[-79.850243310516859,-6.780234239255553,0.0],[-79.850207167273581,-6.780226149828843,0.0],[-79.850174229687326,-6.780221431528436,0.0],[-79.850141974404238,-6.780216980384217,0.0],[-79.850133632733389,-6.7797927936588,0.0],[-79.84945544784631,-6.779530994352769,0.0],[-79.849192632496568,-6.779604196043505,0.0],[-79.849216447136456,-6.779728555269807,0.0],[-79.849237199935644,-6.779836925091257,0.0],[-79.849246045911329,-6.779883120332917,0.0],[-79.849261977725106,-6.779966624477785,0.0],[-79.849269690859529,-6.780007053759251,0.0],[-79.849276201410547,-6.780053174679811,0.0],[-79.849286947268865,-6.780051623231817,0.0]]]]}},
{"type":"Feature","properties":{"Layer":"TG_HAB_URB","Color":3,"ESTADO":"TITULADAS POR COFOPRI","COD_HAB_UR":"0372","ID_COD_URB":"1401010372","TIPO_HAB_U":"P.A.","NOMB_HAB_U":"P.A.L. LA PORTADA DE LAS AMÉRICAS"},"geometry":{"type":"MultiPolygon","coordinates":[[[[-79.858237001745337,-6.783633321286861,0.0],[-79.858248037487428,-6.783679427906038,0.0],[-79.858385740642731,-6.783733188302999,0.0],[-79.858476542684585,-6.783768637592783,0.0],[-79.858493021455686,-6.783810230349929,0.0],[-79.858511360506824,-6.784049321295521,0.0],[-79.858513934353354,-6.784082874428565,0.0],[-79.85851679809376,-6.784132413120296,0.0],[-79.858517682083544,-6.784144322006792,0.0],[-79.858521652110582,-6.784197820177896,0.0],[-79.858524014657206,-6.784229657112136,0.0],[-79.858525523048328,-6.784249979561066,0.0],[-79.858529586058694,-6.784304719731833,0.0],[-79.85853409978904,-6.784365551387359,0.0],[-79.858524757416291,-6.784368400967803,0.0],[-79.858543566591976,-6.78442820626787,0.0],[-79.858488413881034,-6.784440540432948,0.0],[-79.858449584105486,-6.784449223834966,0.0],[-79.858298278260435,-6.78448566384245,0.0],[-79.858320616469754,-6.784513582813671,0.0],[-79.858362844577059,-6.784601918058803,0.0],[-79.858635385487062,-6.784911894659686,0.0],[-79.858738281059317,-6.785046767251998,0.0],[-79.858860737192714,-6.785207279161718,0.0],[-79.859220766474564,-6.78547078710196,0.0],[-79.859393402799753,-6.785507812122757,0.0],[-79.859758568534602,-6.785532855189638,0.0],[-79.860141851284439,-6.785572429430564,0.0],[-79.860206707882369,-6.785413199672039,0.0],[-79.860187084938389,-6.785024331401414,0.0],[-79.860206008642379,-6.783758540302827,0.0],[-79.858550337131618,-6.783083611072287,0.0],[-79.858534415064014,-6.783144272845184,0.0],[-79.858504478189261,-6.783139553609591,0.0],[-79.858357154101711,-6.783116329478575,0.0],[-79.858276324707035,-6.783103587632998,0.0],[-79.85823144200117,-6.783096512495052,0.0],[-79.858189610930239,-6.783089918454823,0.0],[-79.858153914783571,-6.783084291211457,0.0],[-79.857959091131249,-6.783046806303176,0.0],[-79.857989100662593,-6.783192638293467,0.0],[-79.857995587732717,-6.783212733689169,0.0],[-79.858007737291899,-6.783250370241778,0.0],[-79.858020327881746,-6.783289375328658,0.0],[-79.858024138203191,-6.783301179856725,0.0],[-79.858031868435916,-6.783325126522675,0.0],[-79.858040926266114,-6.783353185133186,0.0],[-79.858045948427829,-6.783366388951367,0.0],[-79.858060850362961,-6.783405564988318,0.0],[-79.858070381065019,-6.783406492751988,0.0],[-79.858099412461698,-6.783487444144474,0.0],[-79.858152576996375,-6.78354743340554,0.0],[-79.858170863161249,-6.78354499468645,0.0],[-79.85819112081623,-6.783576000957828,0.0],[-79.858213193090123,-6.783572599790536,0.0],[-79.858227710145073,-6.783609624187805,0.0],[-79.858237001745337,-6.783633321286861,0.0]]]]}},
{"type":"Feature","properties":{"Layer":"TG_HAB_URB","Color":3,"ESTADO":"TITULADAS POR COFOPRI","COD_HAB_UR":"0283","ID_COD_URB":"1401010283","TIPO_HAB_U":"P.J.","NOMB_HAB_U":"P.J. ENRIQUE LÓPEZ ALBUJAR"},"geometry":{"type":"MultiPolygon","coordinates":[[[[-79.826337551037852,-6.760475539023918,0.0],[-79.825585176364086,-6.76199972702805,0.0],[-79.825574629765683,-6.762584739313308,0.0],[-79.825814890892033,-6.762567158336978,0.0],[-79.825815108842448,-6.762630467140547,0.0],[-79.82598542275538,-6.76261521532873,0.0],[-79.826054796598925,-6.762608286646727,0.0],[-79.826050247172546,-6.762800800509781,0.0],[-79.82839133968821,-6.762651802240127,0.0],[-79.829658533345011,-6.763070016119967,0.0],[-79.829501648469986,-6.762180785551752,0.0],[-79.826337551037852,-6.760475539023918,0.0]]]]}},
{"type":"Feature","properties":{"Layer":"TG_HAB_URB","Color":3,"ESTADO":"TITULADAS POR COFOPRI","COD_HAB_UR":"0278","ID_COD_URB":"1401010278","TIPO_HAB_U":"A.H.","NOMB_HAB_U":"A.H. SAUL CANTORAL HUAMANI"},"geometry":{"type":"MultiPolygon","coordinates":[[[[-79.81974874934042,-6.757921753868052,0.0],[-79.818367656186382,-6.758810970186568,0.0],[-79.817693959157594,-6.759244726932181,0.0],[-79.817429840309089,-6.759300395468131,0.0],[-79.817388153903735,-6.759441931233684,0.0],[-79.817470917521561,-6.759545538020982,0.0],[-79.818268861073946,-6.759860491583544,0.0],[-79.818461119172866,-6.759518086013058,0.0],[-79.818608483779215,-6.759604078662801,0.0],[-79.818638866664614,-6.759548694482999,0.0],[-79.818756906383143,-6.759615632097405,0.0],[-79.818821145012635,-6.759616281115746,0.0],[-79.818951116456063,-6.759654081168745,0.0],[-79.819068529458235,-6.759722111402526,0.0],[-79.819148718997226,-6.759726357682551,0.0],[-79.819195920599654,-6.759753157930948,0.0],[-79.819243515554589,-6.759780181510928,0.0],[-79.819293470596193,-6.759808545099131,0.0],[-79.81934145890996,-6.75983579200672,0.0],[-79.819408327881632,-6.759873759002751,0.0],[-79.819469093932653,-6.759884192895098,0.0],[-79.8195357684762,-6.759891752094194,0.0],[-79.819597680555617,-6.759898771342616,0.0],[-79.819669117574222,-6.759906870466008,0.0],[-79.819719321595073,-6.759912562306451,0.0],[-79.819798880466976,-6.759921582218752,0.0],[-79.819826279029797,-6.759924688502045,0.0],[-79.819998230856257,-6.759951030434367,0.0],[-79.820119410189236,-6.760001266446992,0.0],[-79.820139551634483,-6.759959767782672,0.0],[-79.820219218552694,-6.759971284826542,0.0],[-79.820315498977067,-6.759989097602434,0.0],[-79.820357736773204,-6.759996911982179,0.0],[-79.820500613049745,-6.76000678239492,0.0],[-79.820573028795224,-6.760040852092848,0.0],[-79.820604982180967,-6.759963095444701,0.0],[-79.820656080632006,-6.759982709947331,0.0],[-79.820707165610401,-6.760002360044502,0.0],[-79.820758249947403,-6.760022011273199,0.0],[-79.82080981516971,-6.760040365143058,0.0],[-79.821178553240998,-6.7600881432444,0.0],[-79.821391247973565,-6.760168478072999,0.0],[-79.821412180184709,-6.760113057535253,0.0],[-79.82141664782452,-6.760101228921256,0.0],[-79.821426561089837,-6.760074982355619,0.0],[-79.821431348304415,-6.760062307626221,0.0],[-79.821443063207198,-6.760031291000985,0.0],[-79.821449084749247,-6.760015348236389,0.0],[-79.821454798459641,-6.760000220492245,0.0],[-79.821467175458352,-6.759967450876382,0.0],[-79.821484476860036,-6.759921643292241,0.0],[-79.821492706798807,-6.759899853515297,0.0],[-79.82150229405913,-6.759874470059024,0.0],[-79.82150529650248,-6.759875459268521,0.0],[-79.821519375328691,-6.75984272915529,0.0],[-79.821532758317829,-6.759811616701684,0.0],[-79.821550635897836,-6.759770055322238,0.0],[-79.821567756486786,-6.759730253768932,0.0],[-79.82158488462106,-6.7596904349302,0.0],[-79.821600953101168,-6.759653080069048,0.0],[-79.821617688478398,-6.759616516941685,0.0],[-79.821623552003956,-6.759603706423063,0.0],[-79.821634092028489,-6.759580678776639,0.0],[-79.821640451661338,-6.759583043973639,0.0],[-79.82165605220932,-6.759545941761369,0.0],[-79.821671828041545,-6.759508422669312,0.0],[-79.82166666317103,-6.759506450066255,0.0],[-79.821684514242378,-6.759468766840811,0.0],[-79.821702157978663,-6.759431521287505,0.0],[-79.821719406434639,-6.759395110155105,0.0],[-79.821737411819086,-6.759357101154566,0.0],[-79.821754512630093,-6.75932100168282,0.0],[-79.821771549977271,-6.759285036174763,0.0],[-79.821788988299943,-6.759248224207785,0.0],[-79.821805440507902,-6.759213493903321,0.0],[-79.821798980018158,-6.759210900872923,0.0],[-79.821815959417862,-6.759176918567785,0.0],[-79.821823438438315,-6.75916195017109,0.0],[-79.821837587934965,-6.759133631582331,0.0],[-79.821848098988426,-6.759112594915855,0.0],[-79.821858257756872,-6.759092263305117,0.0],[-79.821847295191532,-6.759087600674119,0.0],[-79.821867725231911,-6.759042243666409,0.0],[-79.821887598085169,-6.758998123666389,0.0],[-79.821900599014953,-6.758969260114181,0.0],[-79.82190877102704,-6.758951117309608,0.0],[-79.821913785670475,-6.758939984224814,0.0],[-79.821931058329184,-6.758901636932156,0.0],[-79.821941830523343,-6.758877721415677,0.0],[-79.821953345626071,-6.758852156552816,0.0],[-79.821969875367927,-6.75881545860354,0.0],[-79.821958052037658,-6.758809776672491,0.0],[-79.82196287437182,-6.758799052964449,0.0],[-79.821984574872545,-6.758750796277187,0.0],[-79.82199400471778,-6.75875526182128,0.0],[-79.822022880877299,-6.758691886104152,0.0],[-79.822046519350295,-6.758704274068916,0.0],[-79.822076072737133,-6.758645896954423,0.0],[-79.822105486554008,-6.758587795515184,0.0],[-79.822066780343803,-6.75856713271596,0.0],[-79.822093334061734,-6.758510654971277,0.0],[-79.82211950665527,-6.758454987831926,0.0],[-79.822178924211286,-6.758328611091824,0.0],[-79.82056644247578,-6.757470830927261,0.0],[-79.820064617972164,-6.757718380866997,0.0],[-79.81974874934042,-6.757921753868052,0.0]]]]}},
{"type":"Feature","properties":{"Layer":"TG_HAB_URB","Color":3,"ESTADO":"TITULADAS POR COFOPRI","COD_HAB_UR":"0280","ID_COD_URB":"1401010280","TIPO_HAB_U":"A.H.","NOMB_HAB_U":"A.H. AMPLIACIÓN CÉSAR VALLEJO"},"geometry":{"type":"MultiPolygon","coordinates":[[[[-79.821887598085169,-6.758998123666389,0.0],[-79.821867725231911,-6.759042243666409,0.0],[-79.821847295191532,-6.759087600674119,0.0],[-79.821858257756872,-6.759092263305117,0.0],[-79.821848098988426,-6.759112594915855,0.0],[-79.821837587934965,-6.759133631582331,0.0],[-79.821823438438315,-6.75916195017109,0.0],[-79.821815959417862,-6.759176918567785,0.0],[-79.821798980018158,-6.759210900872923,0.0],[-79.821805440507902,-6.759213493903321,0.0],[-79.821788988299943,-6.759248224207785,0.0],[-79.821771549977271,-6.759285036174763,0.0],[-79.821754512630093,-6.75932100168282,0.0],[-79.821737411819086,-6.759357101154566,0.0],[-79.821719406434639,-6.759395110155105,0.0],[-79.821702157978663,-6.759431521287505,0.0],[-79.821684514242378,-6.759468766840811,0.0],[-79.82166666317103,-6.759506450066255,0.0],[-79.821671828041545,-6.759508422669312,0.0],[-79.82165605220932,-6.759545941761369,0.0],[-79.821640451661338,-6.759583043973639,0.0],[-79.821634092028489,-6.759580678776639,0.0],[-79.821623552003956,-6.759603706423063,0.0],[-79.821617688478398,-6.759616516941685,0.0],[-79.821600953101168,-6.759653080069048,0.0],[-79.82158488462106,-6.7596904349302,0.0],[-79.821567756486786,-6.759730253768932,0.0],[-79.821550635897836,-6.759770055322238,0.0],[-79.821532758317829,-6.759811616701684,0.0],[-79.821519375328691,-6.75984272915529,0.0],[-79.82150529650248,-6.759875459268521,0.0],[-79.82150229405913,-6.759874470059024,0.0],[-79.821492706798807,-6.759899853515297,0.0],[-79.821484476860036,-6.759921643292241,0.0],[-79.821467175458352,-6.759967450876382,0.0],[-79.821454798459641,-6.760000220492245,0.0],[-79.821449084749247,-6.760015348236389,0.0],[-79.821443063207198,-6.760031291000985,0.0],[-79.821431348304415,-6.760062307626221,0.0],[-79.821426561089837,-6.760074982355619,0.0],[-79.82141664782452,-6.760101228921256,0.0],[-79.821412180184709,-6.760113057535253,0.0],[-79.82139124797358,-6.760168478072966,0.0],[-79.82139124797979,-6.760168478075356,0.0],[-79.821580429461292,-6.760240944269854,0.0],[-79.822353417792655,-6.758421434705944,0.0],[-79.8221789242113,-6.758328611091824,0.0],[-79.82211950665527,-6.758454987831926,0.0],[-79.822093334061734,-6.758510654971277,0.0],[-79.822066780343803,-6.75856713271596,0.0],[-79.822105486554008,-6.758587795515184,0.0],[-79.822076072737133,-6.758645896954423,0.0],[-79.822046519350295,-6.758704274068916,0.0],[-79.822022880877299,-6.758691886104152,0.0],[-79.82199400471778,-6.75875526182128,0.0],[-79.821984574872545,-6.758750796277187,0.0],[-79.82196287437182,-6.758799052964449,0.0],[-79.821958052037658,-6.758809776672491,0.0],[-79.821969875367927,-6.75881545860354,0.0],[-79.821953345626071,-6.758852156552816,0.0],[-79.821941830523343,-6.758877721415677,0.0],[-79.821931058329184,-6.758901636932156,0.0],[-79.821913785670475,-6.758939984224814,0.0],[-79.82190877102704,-6.758951117309608,0.0],[-79.821900599014953,-6.758969260114181,0.0],[-79.821887598085169,-6.758998123666389,0.0]]]]}},
{"type":"Feature","properties":{"Layer":"TG_HAB_URB","Color":3,"ESTADO":"TITULADAS POR COFOPRI","COD_HAB_UR":"0281","ID_COD_URB":"1401010281","TIPO_HAB_U":"UPIS","NOMB_HAB_U":"UPIS CÉSAR VALLEJO"},"geometry":{"type":"MultiPolygon","coordinates":[[[[-79.822353417792655,-6.758421434705944,0.0],[-79.821580429461306,-6.760240944269854,0.0],[-79.821224854903889,-6.761077912363074,0.0],[-79.825572552685941,-6.762818853656887,0.0],[-79.825573656542133,-6.762584810528156,0.0],[-79.825574629765683,-6.762584739313308,0.0],[-79.825585176364086,-6.76199972702805,0.0],[-79.826337551037852,-6.760475539023918,0.0],[-79.822353417792655,-6.758421434705944,0.0]]]]}},
{"type":"Feature","properties":{"Layer":"TG_HAB_URB","Color":3,"ESTADO":"TITULADAS POR COFOPRI","COD_HAB_UR":"0031","ID_COD_URB":"1401010031","TIPO_HAB_U":"P.J.","NOMB_HAB_U":"P.J. PUENTE BLANCO"},"geometry":{"type":"MultiPolygon","coordinates":[[[[-79.824138727163913,-6.766345448540912,0.0],[-79.824160807351461,-6.766596569130665,0.0],[-79.824088496967974,-6.766679103599412,0.0],[-79.825150431854922,-6.767712582116221,0.0],[-79.825760138041176,-6.767740050122343,0.0],[-79.825736551790243,-6.767581291897318,0.0],[-79.825718906486799,-6.767462839421399,0.0],[-79.825705545801739,-6.767372229398833,0.0],[-79.825701141210018,-6.767263788364386,0.0],[-79.82569581898899,-6.767236720877132,0.0],[-79.825666593797152,-6.767088075783456,0.0],[-79.825654003489703,-6.766996306824982,0.0],[-79.825650819692186,-6.766874252508878,0.0],[-79.825640742219235,-6.766802491033731,0.0],[-79.825634217471247,-6.766756028433273,0.0],[-79.82562427920098,-6.766638357562528,0.0],[-79.825619812686455,-6.766581588535659,0.0],[-79.825615417363196,-6.766525724345016,0.0],[-79.82561056017235,-6.766463989857369,0.0],[-79.825607405839577,-6.7664238985535,0.0],[-79.825603563181446,-6.766391406238615,0.0],[-79.825600917019003,-6.766359861859366,0.0],[-79.825599820255746,-6.76634678756147,0.0],[-79.825598325204325,-6.766314826741995,0.0],[-79.825595732488011,-6.7662864127599,0.0],[-79.825594421686716,-6.766271545795928,0.0],[-79.825590328964651,-6.766225126539272,0.0],[-79.825586854908721,-6.766185724140164,0.0],[-79.824128371506561,-6.766127451987305,0.0],[-79.824138727163913,-6.766345448540912,0.0]]]]}},
{"type":"Feature","properties":{"Layer":"TG_HAB_URB","Color":3,"ESTADO":"TITULADAS POR COFOPRI","COD_HAB_UR":"0292","ID_COD_URB":"1401010292","TIPO_HAB_U":"UPIS","NOMB_HAB_U":"UPIS SANTO TORIBIO"},"geometry":{"type":"MultiPolygon","coordinates":[[[[-79.821512936316722,-6.764029286320883,0.0],[-79.823643925867643,-6.766221717660001,0.0],[-79.824072953821656,-6.766123628782807,0.0],[-79.823896447996191,-6.764121357152829,0.0],[-79.823782534345071,-6.76411179604006,0.0],[-79.823785376033456,-6.76405398773049,0.0],[-79.82366765502735,-6.764043292842087,0.0],[-79.823591605296087,-6.764032121963895,0.0],[-79.823555027098649,-6.764026749193374,0.0],[-79.82347938593557,-6.764015638427815,0.0],[-79.823411799388055,-6.764005710777114,0.0],[-79.823372265878177,-6.76399990377567,0.0],[-79.823344148119716,-6.763996249874274,0.0],[-79.823284933381288,-6.76398855491652,0.0],[-79.823227064435386,-6.763981034837516,0.0],[-79.823158233014922,-6.763972090049526,0.0],[-79.823086580133236,-6.763962778725863,0.0],[-79.82304403709108,-6.763957250358217,0.0],[-79.823014779614866,-6.763953448206104,0.0],[-79.822954388137674,-6.76394864403541,0.0],[-79.822931830401387,-6.763946775311759,0.0],[-79.822913807119676,-6.763945612091864,0.0],[-79.82286245624914,-6.763930294187523,0.0],[-79.822808350576295,-6.763917315542652,0.0],[-79.822756444324682,-6.763904864479764,0.0],[-79.82270365830972,-6.7638922023767,0.0],[-79.822649992531638,-6.763879329233195,0.0],[-79.822597206524136,-6.763866667119509,0.0],[-79.822543980636965,-6.76385389948291,0.0],[-79.822492722374534,-6.763839005556179,0.0],[-79.822440595332097,-6.76382385918498,0.0],[-79.822388468293994,-6.763808712808816,0.0],[-79.822329574694692,-6.763800855291832,0.0],[-79.822299237757221,-6.763796807769354,0.0],[-79.822275731609722,-6.763800502268557,0.0],[-79.822218352322466,-6.763809520658727,0.0],[-79.822164279737933,-6.763818019322705,0.0],[-79.82211110091427,-6.76382637750671,0.0],[-79.822057922088661,-6.763834735685271,0.0],[-79.822004987720007,-6.763843297713713,0.0],[-79.821951366598867,-6.763851970817123,0.0],[-79.821897708301663,-6.763860649927283,0.0],[-79.821835082082131,-6.763870779570833,0.0],[-79.821790424507952,-6.763878002822983,0.0],[-79.821737055607827,-6.763886635104726,0.0],[-79.821721024128465,-6.76388922815387,0.0],[-79.821666114125108,-6.763898106270774,0.0],[-79.821512936316722,-6.764029286320883,0.0]]]]}},
{"type":"Feature","properties":{"Layer":"TG_HAB_URB","Color":3,"ESTADO":"TITULADAS POR COFOPRI","COD_HAB_UR":"0290","ID_COD_URB":"1401010290","TIPO_HAB_U":"P.I.","NOMB_HAB_U":"P.I. URB. UCHOFEN"},"geometry":{"type":"MultiPolygon","coordinates":[[[[-79.824068450385013,-6.763300414416177,0.0],[-79.824063834859089,-6.763354936726545,0.0],[-79.824059257475938,-6.763409008438976,0.0],[-79.824054756380505,-6.763462178955794,0.0],[-79.824050143272785,-6.763516672626245,0.0],[-79.824045489593658,-6.763571645532813,0.0],[-79.82404087405736,-6.76362616784148,0.0],[-79.82403656367859,-6.763677085369071,0.0],[-79.82403190999328,-6.763732058274641,0.0],[-79.824027368319079,-6.763785702482723,0.0],[-79.824025568710638,-6.763785518292119,0.0],[-79.824021063597584,-6.763839596068112,0.0],[-79.824016596025132,-6.763893223195706,0.0],[-79.824012090908028,-6.763947300971089,0.0],[-79.824007585788891,-6.764001378746121,0.0],[-79.824003080667723,-6.764055456520806,0.0],[-79.823996887653138,-6.764129787330941,0.0],[-79.824601280088714,-6.764180515221366,0.0],[-79.825432808520361,-6.764225941078918,0.0],[-79.825425058827364,-6.764173924985448,0.0],[-79.825425936253168,-6.76403765236156,0.0],[-79.825426569767401,-6.763939260856143,0.0],[-79.825427341318857,-6.763819428130165,0.0],[-79.825420116200718,-6.763749806294011,0.0],[-79.825422233860863,-6.763688351058972,0.0],[-79.825424164791883,-6.763632314720249,0.0],[-79.825422960619235,-6.763566350077636,0.0],[-79.825421878086331,-6.763507048923804,0.0],[-79.825420509646122,-6.763432085844107,0.0],[-79.825417968640707,-6.763292889935669,0.0],[-79.825419489126247,-6.763188045686137,0.0],[-79.825415009926715,-6.763041570938218,0.0],[-79.825414692380676,-6.763031186839853,0.0],[-79.825406161768996,-6.762752226911642,0.0],[-79.82422652230234,-6.762279870142687,0.0],[-79.824160057224049,-6.762464643165449,0.0],[-79.824156394315594,-6.762497895319416,0.0],[-79.824151444076278,-6.762542833945079,0.0],[-79.824144017396108,-6.762610253849373,0.0],[-79.82413574972766,-6.762677575189928,0.0],[-79.824130182755709,-6.762722905486733,0.0],[-79.824123568701452,-6.762776761863096,0.0],[-79.824116954139569,-6.762830622352103,0.0],[-79.824110339568549,-6.762884482894932,0.0],[-79.82410747640985,-6.762907800616307,0.0],[-79.824103725450868,-6.762938343578358,0.0],[-79.824097110889639,-6.762992204000343,0.0],[-79.824082560845596,-6.763146627789562,0.0],[-79.82407306545764,-6.763245891923702,0.0],[-79.824068450385013,-6.763300414416177,0.0]]]]}},
{"type":"Feature","properties":{"Layer":"TG_HAB_URB","Color":3,"ESTADO":"TITULADAS POR COFOPRI","COD_HAB_UR":"0291","ID_COD_URB":"1401010291","TIPO_HAB_U":"UPIS","NOMB_HAB_U":"UPIS SAGRADO CORAZÓN DE JESÚS"},"geometry":{"type":"MultiPolygon","coordinates":[[[[-79.823132689727302,-6.761841869393641,0.0],[-79.822892339191441,-6.763939208234841,0.0],[-79.822913807119676,-6.763945612091864,0.0],[-79.822931830401387,-6.763946775311759,0.0],[-79.822954388137674,-6.76394864403541,0.0],[-79.823014779614866,-6.763953448206104,0.0],[-79.82304403709108,-6.763957250358217,0.0],[-79.823086580133236,-6.763962778725863,0.0],[-79.823158233014922,-6.763972090049526,0.0],[-79.823227064435386,-6.763981034837516,0.0],[-79.823284933381288,-6.76398855491652,0.0],[-79.823344148119716,-6.763996249874274,0.0],[-79.823372265878177,-6.76399990377567,0.0],[-79.823411799388055,-6.764005710777114,0.0],[-79.82347938593557,-6.764015638427815,0.0],[-79.823555027098649,-6.764026749193374,0.0],[-79.823591605296087,-6.764032121963895,0.0],[-79.82366765502735,-6.764043292842087,0.0],[-79.823785376033456,-6.76405398773049,0.0],[-79.823782534345071,-6.76411179604006,0.0],[-79.823896447996191,-6.764121357152829,0.0],[-79.823996887653138,-6.764129787330941,0.0],[-79.824003080667723,-6.764055456520806,0.0],[-79.824007585788891,-6.764001378746121,0.0],[-79.824012090908028,-6.763947300971089,0.0],[-79.824016596025132,-6.763893223195706,0.0],[-79.824021063597584,-6.763839596068112,0.0],[-79.824025568710638,-6.763785518292119,0.0],[-79.824027368319079,-6.763785702482723,0.0],[-79.82403190999328,-6.763732058274641,0.0],[-79.82403656367859,-6.763677085369071,0.0],[-79.82404087405736,-6.76362616784148,0.0],[-79.824045489593658,-6.763571645532813,0.0],[-79.824050143272785,-6.763516672626245,0.0],[-79.824054756380505,-6.763462178955794,0.0],[-79.824059257475938,-6.763409008438976,0.0],[-79.824063834859089,-6.763354936726545,0.0],[-79.824068450385013,-6.763300414416177,0.0],[-79.82407306545764,-6.763245891923702,0.0],[-79.824082560845596,-6.763146627789562,0.0],[-79.824097110889639,-6.762992204000343,0.0],[-79.824103725450868,-6.762938343578358,0.0],[-79.824107476409836,-6.762907800616289,0.0],[-79.824110339568549,-6.762884482894932,0.0],[-79.824116954139569,-6.762830622352103,0.0],[-79.824123568701452,-6.762776761863096,0.0],[-79.824130182755709,-6.762722905486733,0.0],[-79.82413574972766,-6.762677575189928,0.0],[-79.824144017396108,-6.762610253849373,0.0],[-79.824151444076278,-6.762542833945079,0.0],[-79.824156394315594,-6.762497895319416,0.0],[-79.824160057224049,-6.762464643165449,0.0],[-79.82422652230234,-6.762279870142687,0.0],[-79.823132689727302,-6.761841869393641,0.0]]]]}},
{"type":"Feature","properties":{"Layer":"TG_HAB_URB","Color":3,"ESTADO":"TITULADAS POR COFOPRI","COD_HAB_UR":"0293","ID_COD_URB":"1401010293","TIPO_HAB_U":"P.J.","NOMB_HAB_U":"P.J. JUAN PABLO PEREGRINO"},"geometry":{"type":"MultiPolygon","coordinates":[[[[-79.821262849715708,-6.762880680086625,0.0],[-79.821431600126857,-6.762900443069878,0.0],[-79.821410406807544,-6.763132188244525,0.0],[-79.821489041270127,-6.763141332562003,0.0],[-79.821468086707128,-6.763354656155479,0.0],[-79.821206608876693,-6.763335198238825,0.0],[-79.821187689912321,-6.763694659968075,0.0],[-79.821512936316722,-6.764029286320883,0.0],[-79.821666114125108,-6.763898106270774,0.0],[-79.821721024128465,-6.76388922815387,0.0],[-79.821737055607827,-6.763886635104726,0.0],[-79.821790424507952,-6.763878002822983,0.0],[-79.821835082082131,-6.763870779570833,0.0],[-79.821897708301663,-6.763860649927283,0.0],[-79.821951366598867,-6.763851970817123,0.0],[-79.822004987720007,-6.763843297713713,0.0],[-79.822057922088661,-6.763834735685271,0.0],[-79.82211110091427,-6.76382637750671,0.0],[-79.822164279737933,-6.763818019322705,0.0],[-79.822218352322466,-6.763809520658727,0.0],[-79.822275731609722,-6.763800502268557,0.0],[-79.822299237757221,-6.763796807769354,0.0],[-79.822329574694692,-6.763800855291832,0.0],[-79.822388468293994,-6.763808712808816,0.0],[-79.822440595332097,-6.76382385918498,0.0],[-79.822492722374534,-6.763839005556179,0.0],[-79.822543980636965,-6.76385389948291,0.0],[-79.822597206524136,-6.763866667119509,0.0],[-79.822649992531638,-6.763879329233195,0.0],[-79.82270365830972,-6.7638922023767,0.0],[-79.822756444324682,-6.763904864479764,0.0],[-79.822808350576295,-6.763917315542652,0.0],[-79.82286245624914,-6.763930294187523,0.0],[-79.822892339191441,-6.763939208234841,0.0],[-79.82307637789377,-6.76233325873215,0.0],[-79.821406182127774,-6.762162603085441,0.0],[-79.821366441652614,-6.762424644607521,0.0],[-79.821532403993984,-6.762446098508697,0.0],[-79.821506258059472,-6.762669192248592,0.0],[-79.821452342457718,-6.762662878009794,0.0],[-79.821398426858394,-6.762656563765228,0.0],[-79.821344511261486,-6.762650249514948,0.0],[-79.821290595667008,-6.762643935258965,0.0],[-79.821262849715708,-6.762880680086625,0.0]]]]}},
{"type":"Feature","properties":{"Layer":"TG_HAB_URB","Color":3,"ESTADO":"TITULADAS POR COFOPRI","COD_HAB_UR":"0287","ID_COD_URB":"1401010287","TIPO_HAB_U":"P.J.","NOMB_HAB_U":"P.J. AMPLIACIÓN SAN ANTONIO"},"geometry":{"type":"MultiPolygon","coordinates":[[[[-79.825447949195578,-6.764391784963916,0.0],[-79.825450335986019,-6.764433771339795,0.0],[-79.825452721709738,-6.76447573895473,0.0],[-79.825455128949812,-6.764518085070537,0.0],[-79.825455843803283,-6.764530660164335,0.0],[-79.825457489774479,-6.764559614689915,0.0],[-79.825459900091801,-6.764602014945733,0.0],[-79.825462030301068,-6.764639487781488,0.0],[-79.825468213294897,-6.764748253784837,0.0],[-79.825480586341044,-6.764798673937085,0.0],[-79.825480656839929,-6.764803849530379,0.0],[-79.825483183457919,-6.764989338608906,0.0],[-79.825486361840319,-6.765169290127194,0.0],[-79.82550176292429,-6.765280790912789,0.0],[-79.82551265572846,-6.765439776635954,0.0],[-79.825523350704586,-6.765595874989262,0.0],[-79.825532126730494,-6.765667142774404,0.0],[-79.825537037076202,-6.765740872843114,0.0],[-79.825540721182918,-6.765796190630972,0.0],[-79.825543681865852,-6.765841669828133,0.0],[-79.825547600436792,-6.76590186319448,0.0],[-79.825551237246557,-6.765957728417463,0.0],[-79.825553828087209,-6.766012384784284,0.0],[-79.825556264700751,-6.766063787585541,0.0],[-79.82555912801719,-6.766124192122657,0.0],[-79.825581576742479,-6.766125859694481,0.0],[-79.82617141053224,-6.766169674293112,0.0],[-79.826171153581541,-6.766082935979767,0.0],[-79.826171027658717,-6.766040428575407,0.0],[-79.826170896376809,-6.765996112345276,0.0],[-79.826170769916871,-6.765953424058256,0.0],[-79.826170665426204,-6.7659181519566,0.0],[-79.82618514023288,-6.765918331881631,0.0],[-79.82618601594335,-6.765862264871394,0.0],[-79.826186856341664,-6.76580845862744,0.0],[-79.826380442199891,-6.765811859589419,0.0],[-79.826382403593726,-6.76572098684018,0.0],[-79.826383076781013,-6.765677851402661,0.0],[-79.826384011789784,-6.765636530119591,0.0],[-79.8263840602242,-6.76559610271279,0.0],[-79.826384551403322,-6.765555859155423,0.0],[-79.826385046103269,-6.76551407802059,0.0],[-79.826385080302956,-6.765472474856625,0.0],[-79.82638601342228,-6.765432691446076,0.0],[-79.826387617837213,-6.765284375742769,0.0],[-79.826388214506807,-6.765175195891644,0.0],[-79.826387359754207,-6.765026873976445,0.0],[-79.826387579287669,-6.764985723591249,0.0],[-79.826387797688326,-6.764944573199948,0.0],[-79.826387097419328,-6.764903880458427,0.0],[-79.826388232713185,-6.764863649908806,0.0],[-79.826388373701761,-6.764822499179453,0.0],[-79.826388592039436,-6.764781801002406,0.0],[-79.826386958526342,-6.764741135011424,0.0],[-79.826386754356136,-6.764699984546701,0.0],[-79.826387404002745,-6.764659290965723,0.0],[-79.82638722729024,-6.764618140373909,0.0],[-79.82638832402921,-6.764577456380606,0.0],[-79.826389445535654,-6.76453677306195,0.0],[-79.826387833908456,-6.764496106197991,0.0],[-79.826386681388698,-6.764455423745323,0.0],[-79.82638710341449,-6.764310717647657,0.0],[-79.826387800135024,-6.764256897108355,0.0],[-79.826388474806492,-6.764204779735365,0.0],[-79.826231418329712,-6.764197096691386,0.0],[-79.826114755558635,-6.764191389633968,0.0],[-79.826050053358898,-6.764188224437612,0.0],[-79.826058001044089,-6.764002082420917,0.0],[-79.826065695445621,-6.763822267395629,0.0],[-79.826081738949,-6.763446917206262,0.0],[-79.826086249989331,-6.763341377606847,0.0],[-79.826087756242913,-6.763306137500672,0.0],[-79.825854018764986,-6.76319826811511,0.0],[-79.825855576211268,-6.763060805686738,0.0],[-79.82586531769357,-6.76293365526644,0.0],[-79.825875455917114,-6.762827915887929,0.0],[-79.825572552685941,-6.762818853656887,0.0],[-79.825406161768996,-6.762752226911642,0.0],[-79.825414692380676,-6.763031186839853,0.0],[-79.825415009926715,-6.763041570938218,0.0],[-79.825419489126247,-6.763188045686137,0.0],[-79.825417968640707,-6.763292889935669,0.0],[-79.825420509646122,-6.763432085844107,0.0],[-79.825421878086331,-6.763507048923804,0.0],[-79.825422960619235,-6.763566350077636,0.0],[-79.825424164791883,-6.763632314720249,0.0],[-79.825422233860863,-6.763688351058972,0.0],[-79.825420116200718,-6.763749806294011,0.0],[-79.825427341318857,-6.763819428130165,0.0],[-79.825426569767401,-6.763939260856143,0.0],[-79.825425936253168,-6.76403765236156,0.0],[-79.825425058827364,-6.764173924985448,0.0],[-79.825432808520361,-6.764225941078918,0.0],[-79.825442046202895,-6.764287944581691,0.0],[-79.825447949195578,-6.764391784963916,0.0]]]]}},
{"type":"Feature","properties":{"Layer":"TG_HAB_URB","Color":3,"ESTADO":"TITULADAS POR COFOPRI","COD_HAB_UR":"0033","ID_COD_URB":"1401010033","TIPO_HAB_U":"P.J.","NOMB_HAB_U":"P.J. SAN ANTONIO OESTE"},"geometry":{"type":"MultiPolygon","coordinates":[[[[-79.828323263928226,-6.767639737187911,0.0],[-79.828376267498555,-6.768262230561617,0.0],[-79.828579560040566,-6.76924695952514,0.0],[-79.828581414189415,-6.76988928943975,0.0],[-79.830587528554986,-6.76979440064336,0.0],[-79.830522807817971,-6.76950208096275,0.0],[-79.83051290202026,-6.769459071827479,0.0],[-79.830504088610695,-6.769420805388854,0.0],[-79.830493505889692,-6.769374858875708,0.0],[-79.830482060006986,-6.769325164175746,0.0],[-79.830470161954963,-6.769273503986359,0.0],[-79.830463671213252,-6.769245321999206,0.0],[-79.830457003175269,-6.769216373541235,0.0],[-79.830443608018626,-6.76915821420123,0.0],[-79.830551476605891,-6.769164280949476,0.0],[-79.830543354451081,-6.769119239349585,0.0],[-79.830534943026123,-6.769072589898328,0.0],[-79.830526530705995,-6.769025936827268,0.0],[-79.830517888036979,-6.768978005255729,0.0],[-79.830509383744001,-6.768930847296784,0.0],[-79.830499907168075,-6.768878290320801,0.0],[-79.830490716299479,-6.768827318577205,0.0],[-79.830480090403157,-6.768773751312237,0.0],[-79.830466931175039,-6.768707411151055,0.0],[-79.830436068099758,-6.768551818156458,0.0],[-79.830406846713799,-6.76840450186731,0.0],[-79.830102002488147,-6.76839034682817,0.0],[-79.8300968120585,-6.768188011010445,0.0],[-79.830072814202808,-6.767901414336741,0.0],[-79.830071086442842,-6.767880780399348,0.0],[-79.830064364909774,-6.767799683649007,0.0],[-79.830058017012504,-6.767723094896072,0.0],[-79.830011194828103,-6.767048517786636,0.0],[-79.830011937546104,-6.766957132957585,0.0],[-79.830012430190507,-6.766896517234111,0.0],[-79.830012937539252,-6.766834092085865,0.0],[-79.829786043909621,-6.766826174839998,0.0],[-79.829770959631873,-6.764352426883169,0.0],[-79.829710743205666,-6.764350673634638,0.0],[-79.828590085668495,-6.764318043454717,0.0],[-79.82858802039604,-6.764263647490231,0.0],[-79.828583779224957,-6.764151941892794,0.0],[-79.828521638211171,-6.764150832050349,0.0],[-79.828460515973845,-6.764149740395586,0.0],[-79.828402078831274,-6.764148696689973,0.0],[-79.828315048251554,-6.764147142283622,0.0],[-79.828309518427105,-6.764132790149658,0.0],[-79.828271532731435,-6.764131930992684,0.0],[-79.828213067643091,-6.764130600791301,0.0],[-79.8281546098181,-6.764129270748192,0.0],[-79.828155245947713,-6.764252179582678,0.0],[-79.828163861157549,-6.764452329828929,0.0],[-79.828383174402205,-6.766088348240727,0.0],[-79.828323263928226,-6.767639737187911,0.0]]]]}},
{"type":"Feature","properties":{"Layer":"TG_HAB_URB","Color":3,"ESTADO":"TITULADAS POR COFOPRI","COD_HAB_UR":"0442","ID_COD_URB":"1401010442","TIPO_HAB_U":"P.J.","NOMB_HAB_U":"P.J. BARRIO SUB OFICIALES FAP - SECTOR B"},"geometry":{"type":"MultiPolygon","coordinates":[[[[-79.831680611339408,-6.773910580182727,0.0],[-79.831882396836775,-6.774625576192936,0.0],[-79.832207331107767,-6.774690367001762,0.0],[-79.832127232533054,-6.773815244275084,0.0],[-79.831986732580816,-6.773846333459655,0.0],[-79.831830427985437,-6.773871590313512,0.0],[-79.831800953403715,-6.773876353028553,0.0],[-79.831680611339408,-6.773910580182727,0.0]]]]}},
{"type":"Feature","properties":{"Layer":"TG_HAB_URB","Color":3,"ESTADO":"TITULADAS POR COFOPRI","COD_HAB_UR":"0138","ID_COD_URB":"1401010138","TIPO_HAB_U":"A.H.","NOMB_HAB_U":"A.H. VILLA EL SALVADOR"},"geometry":{"type":"MultiPolygon","coordinates":[[[[-79.8460841356912,-6.781698011763742,0.0],[-79.846131582189017,-6.782160928193209,0.0],[-79.845428290775729,-6.782277742296511,0.0],[-79.845526432667924,-6.782663170084462,0.0],[-79.845887160903544,-6.782579498194029,0.0],[-79.846217128644511,-6.783168640921923,0.0],[-79.847493227523955,-6.782852378629196,0.0],[-79.847341387633676,-6.781452193041464,0.0],[-79.8460841356912,-6.781698011763742,0.0]]]]}},
{"type":"Feature","properties":{"Layer":"TG_HAB_URB","Color":3,"ESTADO":"TITULADAS POR COFOPRI","COD_HAB_UR":"0008","ID_COD_URB":"1401010008","TIPO_HAB_U":"CONJ","NOMB_HAB_U":"CONJ.RES. DIEGO FERRE"},"geometry":{"type":"MultiPolygon","coordinates":[[[[-79.841785830952858,-6.776732823496263,0.0],[-79.841782690065102,-6.776785188301479,0.0],[-79.841779386850334,-6.77684025939452,0.0],[-79.841777074827675,-6.77687880534674,0.0],[-79.841776057156196,-6.776895771921512,0.0],[-79.841772808040858,-6.776949941012268,0.0],[-79.84176958597395,-6.777003659122922,0.0],[-79.841766238897705,-6.777059461354475,0.0],[-79.841761101582421,-6.77714511027065,0.0],[-79.842707902109453,-6.777287402602197,0.0],[-79.842667254486884,-6.775932403007657,0.0],[-79.842604532576047,-6.775899163353908,0.0],[-79.842117998662246,-6.775716751527359,0.0],[-79.841859830615903,-6.775627312076966,0.0],[-79.841811841745027,-6.775765473570725,0.0],[-79.841806955489389,-6.775779541251006,0.0],[-79.841775308332615,-6.775897499950494,0.0],[-79.841761086557355,-6.775950570087029,0.0],[-79.841780014101801,-6.775957545208414,0.0],[-79.841762338082006,-6.776008853303633,0.0],[-79.841756677191327,-6.776025285140017,0.0],[-79.841744367457551,-6.776061016531573,0.0],[-79.841726102227739,-6.776114034893485,0.0],[-79.841708573494202,-6.776164915416774,0.0],[-79.841690602855664,-6.776217078640873,0.0],[-79.841671032569494,-6.776270593635346,0.0],[-79.841653015476069,-6.776319861407119,0.0],[-79.841633911139482,-6.77637210223184,0.0],[-79.841748800641454,-6.776414868594703,0.0],[-79.841856075094256,-6.776454800308986,0.0],[-79.841807194848599,-6.776591674196387,0.0],[-79.841796767007281,-6.776620874101225,0.0],[-79.841789188095305,-6.776676853260602,0.0],[-79.841785830952858,-6.776732823496263,0.0]]]]}},
{"type":"Feature","properties":{"Layer":"TG_HAB_URB","Color":3,"ESTADO":"TITULADAS POR COFOPRI","COD_HAB_UR":"0006","ID_COD_URB":"1401010006","TIPO_HAB_U":"P.J.","NOMB_HAB_U":"P.J. SAN MARTÍN DE PORRES"},"geometry":{"type":"MultiPolygon","coordinates":[[[[-79.843349215997293,-6.776293809676194,0.0],[-79.843262191567504,-6.77742910734429,0.0],[-79.84321869246169,-6.777421965292213,0.0],[-79.843179530267946,-6.777414499530188,0.0],[-79.843138757696053,-6.777406726767175,0.0],[-79.843056937013984,-6.77739112870207,0.0],[-79.842992881612986,-6.777378917350903,0.0],[-79.842816442076469,-6.777345281340527,0.0],[-79.842526102486289,-6.778904852275067,0.0],[-79.843195971635367,-6.779013542112425,0.0],[-79.843400313832618,-6.778894778152565,0.0],[-79.843755270039281,-6.778879007838425,0.0],[-79.843996681066585,-6.778927551815131,0.0],[-79.844248245795526,-6.779148145489348,0.0],[-79.84441932508318,-6.779116291862907,0.0],[-79.844181457488403,-6.777468322324254,0.0],[-79.844156880136524,-6.776503350964642,0.0],[-79.843499112360576,-6.77637324732375,0.0],[-79.843349215997293,-6.776293809676194,0.0]]]]}},
{"type":"Feature","properties":{"Layer":"TG_HAB_URB","Color":3,"ESTADO":"TITULADAS POR COFOPRI","COD_HAB_UR":"0133","ID_COD_URB":"1401010133","TIPO_HAB_U":"UPIS","NOMB_HAB_U":"UPIS SEÑOR DE LOS MILAGROS"},"geometry":{"type":"MultiPolygon","coordinates":[[[[-79.846754833499546,-6.778233113336714,0.0],[-79.849830113207432,-6.77931816916398,0.0],[-79.851295604730922,-6.778897568143414,0.0],[-79.851209775789314,-6.778762347670852,0.0],[-79.850943481236385,-6.778342809496207,0.0],[-79.8511153791884,-6.778223117827679,0.0],[-79.850271451539328,-6.777838699092174,0.0],[-79.849405972134164,-6.777537878646006,0.0],[-79.848696424593342,-6.777401393087553,0.0],[-79.848499815412907,-6.777796318717676,0.0],[-79.84847719048895,-6.77779492767384,0.0],[-79.848291698703662,-6.777782155927162,0.0],[-79.848105034538676,-6.777769303549596,0.0],[-79.847969204427386,-6.777760016243672,0.0],[-79.847945284524684,-6.77775836962853,0.0],[-79.847762312991165,-6.777811240811666,0.0],[-79.847658101857533,-6.777841353468698,0.0],[-79.847607818099334,-6.777849381659166,0.0],[-79.847550637214127,-6.77785851102242,0.0],[-79.847497034708226,-6.777867069063609,0.0],[-79.847443248936216,-6.777875656358162,0.0],[-79.847389641853539,-6.777884215117258,0.0],[-79.847336034769953,-6.777892773870109,0.0],[-79.847279300605521,-6.777901831876749,0.0],[-79.847225693520045,-6.777910390616737,0.0],[-79.847171639707938,-6.777919020673264,0.0],[-79.847116218092694,-6.777923985288594,0.0],[-79.84706395055305,-6.777928667358874,0.0],[-79.847009520218592,-6.777933543163842,0.0],[-79.846954488687899,-6.777929348127286,0.0],[-79.84690099082475,-6.777925269995789,0.0],[-79.846846861454168,-6.77792114371859,0.0],[-79.846792281007467,-6.777916983049789,0.0],[-79.846738332072007,-6.777912870515091,0.0],[-79.846684834216489,-6.777908792360369,0.0],[-79.846628900541589,-6.777904528516233,0.0],[-79.84657567333673,-6.77790047098131,0.0],[-79.84652064182184,-6.777896275896835,0.0],[-79.84646786569877,-6.777892252736379,0.0],[-79.846412383109836,-6.777888023253935,0.0],[-79.846340210639482,-6.777882521478933,0.0],[-79.846160687345304,-6.777872854008423,0.0],[-79.84614440624064,-6.777910909724608,0.0],[-79.846178752111243,-6.77793575556636,0.0],[-79.846754833499546,-6.778233113336714,0.0]]]]}},
{"type":"Feature","properties":{"Layer":"TG_HAB_URB","Color":3,"ESTADO":"TITULADAS POR COFOPRI","COD_HAB_UR":"0132","ID_COD_URB":"1401010132","TIPO_HAB_U":"A.H.","NOMB_HAB_U":"A.H. LA PUNTA"},"geometry":{"type":"MultiPolygon","coordinates":[[[[-79.850943481236385,-6.778342809496207,0.0],[-79.851209775789314,-6.778762347670852,0.0],[-79.851295604730922,-6.778897568143414,0.0],[-79.852076122662368,-6.778660745143848,0.0],[-79.8511153791884,-6.778223117827679,0.0],[-79.850943481236385,-6.778342809496207,0.0]]]]}},
{"type":"Feature","properties":{"Layer":"TG_HAB_URB","Color":3,"ESTADO":"TITULADAS POR COFOPRI","COD_HAB_UR":"0314","ID_COD_URB":"1401010314","TIPO_HAB_U":"A.H.","NOMB_HAB_U":"A.H. UPIS SAN ISIDRO"},"geometry":{"type":"MultiPolygon","coordinates":[[[[-79.85347811344937,-6.77965711558155,0.0],[-79.853331830205448,-6.780221521082577,0.0],[-79.853882827199214,-6.78042909095463,0.0],[-79.853876953823971,-6.780453260989775,0.0],[-79.853896837569636,-6.780461110862835,0.0],[-79.854023066869374,-6.78051094470842,0.0],[-79.854149831428316,-6.7805594019712,0.0],[-79.854606804368203,-6.780739967804224,0.0],[-79.854623782654869,-6.780696014138887,0.0],[-79.854506800370828,-6.780607704831978,0.0],[-79.85443706081297,-6.780555058782765,0.0],[-79.85435800174352,-6.780495377456424,0.0],[-79.854320129225258,-6.780425089279426,0.0],[-79.854150820219346,-6.780131936937333,0.0],[-79.854200980963228,-6.780002688802879,0.0],[-79.85347811344937,-6.77965711558155,0.0]]]]}},
{"type":"Feature","properties":{"Layer":"TG_HAB_URB","Color":3,"ESTADO":"TITULADAS POR COFOPRI","COD_HAB_UR":"0245","ID_COD_URB":"1401010245","TIPO_HAB_U":"A.H.","NOMB_HAB_U":"A.H. LAS VEGAS"},"geometry":{"type":"MultiPolygon","coordinates":[[[[-79.806263721019263,-6.769861529425645,0.0],[-79.806505542963293,-6.771479112176937,0.0],[-79.80640005043503,-6.77152283837333,0.0],[-79.807025955404313,-6.772522666559076,0.0],[-79.807148802588529,-6.772990648569525,0.0],[-79.807524196123111,-6.773018841553657,0.0],[-79.807528029837755,-6.772924648038019,0.0],[-79.807543365289618,-6.772547858242333,0.0],[-79.807553843580777,-6.772330091991089,0.0],[-79.807622459650659,-6.772334570796838,0.0],[-79.8077741340838,-6.772344471071898,0.0],[-79.807845909069854,-6.772349156038266,0.0],[-79.807928066605029,-6.772354518691364,0.0],[-79.807965082638759,-6.772356934827362,0.0],[-79.808081999141137,-6.77236456626312,0.0],[-79.808174087820873,-6.772370577104449,0.0],[-79.808262565184862,-6.772376352210382,0.0],[-79.808324365509918,-6.772381482927631,0.0],[-79.80833575188899,-6.772255549074053,0.0],[-79.808446789642758,-6.772035974072779,0.0],[-79.808622172391168,-6.771518431129148,0.0],[-79.808656933133221,-6.771517990305492,0.0],[-79.80868081923073,-6.771338234783331,0.0],[-79.808688860678444,-6.771277718583846,0.0],[-79.808694431429004,-6.771234802322867,0.0],[-79.808676707152287,-6.771231979931747,0.0],[-79.808696409341124,-6.771122412207211,0.0],[-79.808707999743703,-6.771057955676809,0.0],[-79.80871959003322,-6.770993499749072,0.0],[-79.808729028344786,-6.770941011383594,0.0],[-79.808733098352405,-6.770918377240132,0.0],[-79.808738957508908,-6.770885793268811,0.0],[-79.80877569027048,-6.770821286029514,0.0],[-79.808782312744839,-6.770342160115171,0.0],[-79.808259647510695,-6.77048393196731,0.0],[-79.808233031955226,-6.770424032914465,0.0],[-79.807752192477267,-6.770225017774877,0.0],[-79.807752045062273,-6.770225474750412,0.0],[-79.807458110437096,-6.770070178710962,0.0],[-79.807394984575325,-6.770032187949223,0.0],[-79.807106891723123,-6.769883148202043,0.0],[-79.807058874545802,-6.769744219460273,0.0],[-79.806834831419039,-6.76977035126114,0.0],[-79.80683702300756,-6.769792959657564,0.0],[-79.806263721019263,-6.769861529425645,0.0]]]]}},
{"type":"Feature","properties":{"Layer":"TG_HAB_URB","Color":3,"ESTADO":"TITULADAS POR COFOPRI","COD_HAB_UR":"0223","ID_COD_URB":"1401010223","TIPO_HAB_U":"P.J.","NOMB_HAB_U":"P.J. SAMAN"},"geometry":{"type":"MultiPolygon","coordinates":[[[[-79.802603316729204,-6.767691882953654,0.0],[-79.803438679988403,-6.770005869636241,0.0],[-79.80503756385761,-6.769209202072894,0.0],[-79.804811453154713,-6.768825241751286,0.0],[-79.803543008385944,-6.766707220194744,0.0],[-79.803205559221496,-6.766877290498434,0.0],[-79.803274615418488,-6.76704252508301,0.0],[-79.803306135139053,-6.767126933642929,0.0],[-79.803382592413755,-6.767290793229829,0.0],[-79.803303526380788,-6.767326229806893,0.0],[-79.803260279808782,-6.76734561256629,0.0],[-79.803218230626484,-6.767364459238223,0.0],[-79.803178679126574,-6.767382331669888,0.0],[-79.803136583362885,-6.767401354579348,0.0],[-79.803091662556142,-6.767421652988064,0.0],[-79.803045915697325,-6.767442325594264,0.0],[-79.803006198052572,-6.767461896990883,0.0],[-79.802959764476341,-6.767484777375894,0.0],[-79.80292606344274,-6.767501384441059,0.0],[-79.802848297929515,-6.767328760545652,0.0],[-79.802810884675893,-6.767245129725397,0.0],[-79.802737312565071,-6.767085713641824,0.0],[-79.802423361534537,-6.767216684845775,0.0],[-79.802603316729204,-6.767691882953654,0.0]]]]}},
{"type":"Feature","properties":{"Layer":"TG_HAB_URB","Color":3,"ESTADO":"TITULADAS POR COFOPRI","COD_HAB_UR":"0299","ID_COD_URB":"1401010299","TIPO_HAB_U":"A.H.","NOMB_HAB_U":"A.H. SAN JUAN DE DIOS"},"geometry":{"type":"MultiPolygon","coordinates":[[[[-79.812366711464065,-6.77338250048852,0.0],[-79.812079057726763,-6.774680237135768,0.0],[-79.812050037548602,-6.774898222347367,0.0],[-79.812096895457827,-6.774926595008406,0.0],[-79.812883129095013,-6.774989749244113,0.0],[-79.813646813210553,-6.77505232513947,0.0],[-79.813732981040403,-6.773485094677322,0.0],[-79.812366711464065,-6.77338250048852,0.0]]]]}},
{"type":"Feature","properties":{"Layer":"TG_HAB_URB","Color":3,"ESTADO":"TITULADAS POR COFOPRI","COD_HAB_UR":"0251","ID_COD_URB":"1401010251","TIPO_HAB_U":"P.J.","NOMB_HAB_U":"P.J. RAMIRO PRIALE II"},"geometry":{"type":"MultiPolygon","coordinates":[[[[-79.806471282929209,-6.77320184604423,0.0],[-79.806462985127581,-6.773365332776491,0.0],[-79.806454734032471,-6.773527898977893,0.0],[-79.806451194251309,-6.773597640995818,0.0],[-79.806442620053545,-6.77376657263845,0.0],[-79.806434665364407,-6.773923298232053,0.0],[-79.806431026741109,-6.773994987351368,0.0],[-79.806424654649319,-6.774120531850448,0.0],[-79.806418190544946,-6.774247889021915,0.0],[-79.80641544218669,-6.774302037710431,0.0],[-79.806409963124338,-6.774409987163182,0.0],[-79.806505025330154,-6.774418582078328,0.0],[-79.80659287906164,-6.774426525232862,0.0],[-79.80666361259776,-6.774432920480804,0.0],[-79.806762262213937,-6.774441839694675,0.0],[-79.806860930393213,-6.774450760566833,0.0],[-79.806915445690862,-6.77445568944212,0.0],[-79.806959598577038,-6.774459681419341,0.0],[-79.807053761247047,-6.774468194897663,0.0],[-79.807184868420606,-6.774480048588906,0.0],[-79.807242908242387,-6.774485296087061,0.0],[-79.807163595519157,-6.774014116334769,0.0],[-79.807086963867675,-6.773614472463511,0.0],[-79.807071858983463,-6.77344207178287,0.0],[-79.807026417853635,-6.773192890044727,0.0],[-79.807015349906806,-6.772981203589359,0.0],[-79.806486239645409,-6.772943755979434,0.0],[-79.806471282929209,-6.77320184604423,0.0]]]]}},
{"type":"Feature","properties":{"Layer":"TG_HAB_URB","Color":3,"ESTADO":"TITULADAS POR COFOPRI","COD_HAB_UR":"0330","ID_COD_URB":"1401010330","TIPO_HAB_U":"URB.","NOMB_HAB_U":"URB. FEDERICO VILLARREAL - PROGRAMA C.A.V.D - IV ETAPA"},"geometry":{"type":"MultiPolygon","coordinates":[[[[-79.840128195242016,-6.785615257799275,0.0],[-79.839926652934551,-6.78619283134111,0.0],[-79.83994943748273,-6.786200828314909,0.0],[-79.839942967460757,-6.786209163228066,0.0],[-79.839935193039139,-6.786216298034279,0.0],[-79.839926333577353,-6.786222031421118,0.0],[-79.839916639049875,-6.786226201617986,0.0],[-79.839906382993064,-6.786228690960545,0.0],[-79.83989585478713,-6.78622942921065,0.0],[-79.839885351491105,-6.786228395538198,0.0],[-79.839875169461195,-6.786225619108826,0.0],[-79.839863825923359,-6.78625803889467,0.0],[-79.843002049719459,-6.787319791455699,0.0],[-79.843063648805227,-6.78717239120662,0.0],[-79.84297822516217,-6.786933868132824,0.0],[-79.843228810030695,-6.786843746393103,0.0],[-79.843190084291408,-6.786774517527457,0.0],[-79.843158768592986,-6.786687033308216,0.0],[-79.843105700934714,-6.786588417152934,0.0],[-79.843060023501948,-6.786499312767904,0.0],[-79.843029379492066,-6.786414122184894,0.0],[-79.842982903315956,-6.786334635959188,0.0],[-79.842930703289667,-6.786282820300962,0.0],[-79.842899128091091,-6.786217121263497,0.0],[-79.842874927778979,-6.786148936466634,0.0],[-79.84285063956699,-6.786080773723994,0.0],[-79.842826437540225,-6.786012583430415,0.0],[-79.842812592431386,-6.785940735355688,0.0],[-79.842789277736799,-6.785871469895091,0.0],[-79.842765988372818,-6.785802291277388,0.0],[-79.842721431521966,-6.785740961860673,0.0],[-79.842692472855063,-6.785674152525552,0.0],[-79.84269041583525,-6.785599749099793,0.0],[-79.842679894526938,-6.785526523972478,0.0],[-79.842678863346293,-6.78545418116652,0.0],[-79.842677287658958,-6.785378681325286,0.0],[-79.842667088299152,-6.785318495609697,0.0],[-79.842661485984351,-6.78528935420143,0.0],[-79.842638520861712,-6.785254285810423,0.0],[-79.842557923851842,-6.785212205920258,0.0],[-79.842460866091855,-6.785223533620396,0.0],[-79.84240648821843,-6.78507562968357,0.0],[-79.84099510590876,-6.785588547269321,0.0],[-79.840958681347601,-6.785599026729811,0.0],[-79.840921169372123,-6.785604456711866,0.0],[-79.840883267146495,-6.785604736298875,0.0],[-79.840845679087735,-6.785599860294884,0.0],[-79.840809103773978,-6.785589919321168,0.0],[-79.839935686907467,-6.785288183873857,0.0],[-79.839854816241186,-6.785519940628499,0.0],[-79.839923160979168,-6.785543769933946,0.0],[-79.839991505725308,-6.785567599230896,0.0],[-79.840059850479591,-6.785591428519385,0.0],[-79.840128195242016,-6.785615257799275,0.0]]]]}},
{"type":"Feature","properties":{"Layer":"TG_HAB_URB","Color":3,"ESTADO":"TITULADAS POR COFOPRI","COD_HAB_UR":"0004","ID_COD_URB":"1401010004","TIPO_HAB_U":"URB.","NOMB_HAB_U":"URB. FEDERICO VILLARREAL - PROGRAMA C.A.V.D - I ETAPA"},"geometry":{"type":"MultiPolygon","coordinates":[[[[-79.833950440055432,-6.782453886029996,0.0],[-79.833601454383441,-6.784185458021222,0.0],[-79.834920955491199,-6.784648295064885,0.0],[-79.834964969559849,-6.784522998121824,0.0],[-79.834958560213551,-6.784520724285684,0.0],[-79.834952617802102,-6.784517417755588,0.0],[-79.834947307457568,-6.784513170415803,0.0],[-79.834942776747724,-6.784508100294558,0.0],[-79.834939151575185,-6.784502348284085,0.0],[-79.834936532678881,-6.784496074225477,0.0],[-79.83493499283459,-6.784489452466858,0.0],[-79.834934574832559,-6.784482667018497,0.0],[-79.834935290288485,-6.784475906439374,0.0],[-79.834937119320728,-6.784469358597391,0.0],[-79.835035616290824,-6.784188962273931,0.0],[-79.835219877884541,-6.784251336737748,0.0],[-79.835243094884262,-6.784182806176275,0.0],[-79.835266311875941,-6.784114275612379,0.0],[-79.835186424394706,-6.784087232885048,0.0],[-79.835255686276966,-6.783890069000934,0.0],[-79.835095620463733,-6.783833886834224,0.0],[-79.835231261237951,-6.783447750048396,0.0],[-79.835158493697165,-6.783422209058667,0.0],[-79.835308088083096,-6.782685053697019,0.0],[-79.834863731477554,-6.782594950405778,0.0],[-79.834838356586644,-6.782721700267782,0.0],[-79.83469302373021,-6.782692628353508,0.0],[-79.834698716362851,-6.782665540549194,0.0],[-79.834699790019087,-6.78265723631271,0.0],[-79.83469955086332,-6.782648866425589,0.0],[-79.834698004784499,-6.782640636983889,0.0],[-79.834695189852553,-6.782632750625367,0.0],[-79.834691175381067,-6.782625401539867,0.0],[-79.834686060220491,-6.782618770687647,0.0],[-79.834679970324061,-6.782613021343606,0.0],[-79.834673055646448,-6.782608295076719,0.0],[-79.834665486451286,-6.782604708264257,0.0],[-79.834657449118708,-6.782602349226119,0.0],[-79.834586612804401,-6.782587474521357,0.0],[-79.834515776496147,-6.782572599806953,0.0],[-79.834444940193919,-6.782557725082972,0.0],[-79.83437410389773,-6.782542850349381,0.0],[-79.834303267607581,-6.782527975606148,0.0],[-79.834232431323485,-6.782513100853357,0.0],[-79.833950440055432,-6.782453886029996,0.0]]]]}},
{"type":"Feature","properties":{"Layer":"TG_HAB_URB","Color":3,"ESTADO":"TITULADAS POR COFOPRI","COD_HAB_UR":"0327","ID_COD_URB":"1401010327","TIPO_HAB_U":"URB.","NOMB_HAB_U":"URB. FEDERICO VILLARREAL - PROGRAMA BID - I ETAPA"},"geometry":{"type":"MultiPolygon","coordinates":[[[[-79.834415910074554,-6.780144322054239,0.0],[-79.833950440055432,-6.782453886029996,0.0],[-79.834232431323485,-6.782513100853357,0.0],[-79.834303267607581,-6.782527975606148,0.0],[-79.83437410389773,-6.782542850349381,0.0],[-79.834444940193919,-6.782557725082972,0.0],[-79.834515776496147,-6.782572599806953,0.0],[-79.834586612804401,-6.782587474521357,0.0],[-79.834657449118708,-6.782602349226119,0.0],[-79.834665486451286,-6.782604708264257,0.0],[-79.834673055646448,-6.782608295076719,0.0],[-79.834679970324061,-6.782613021343606,0.0],[-79.834686060220491,-6.782618770687647,0.0],[-79.834691175381067,-6.782625401539867,0.0],[-79.834695189852553,-6.782632750625367,0.0],[-79.834698004784499,-6.782640636983889,0.0],[-79.83469955086332,-6.782648866425589,0.0],[-79.834699790019087,-6.78265723631271,0.0],[-79.834698716362851,-6.782665540549194,0.0],[-79.83469302373021,-6.782692628353508,0.0],[-79.834838356586644,-6.782721700267782,0.0],[-79.834863731477554,-6.782594950405778,0.0],[-79.835308088083096,-6.782685053697019,0.0],[-79.835546615865226,-6.781509654959664,0.0],[-79.835586752588426,-6.781518083071177,0.0],[-79.835628270598775,-6.781322497581709,0.0],[-79.83566750871357,-6.781137652145707,0.0],[-79.835724105628373,-6.781149536637074,0.0],[-79.835755261484564,-6.781001282212036,0.0],[-79.835677489248511,-6.78098495122784,0.0],[-79.835670487267308,-6.78098289609059,0.0],[-79.835663893114528,-6.780979771336925,0.0],[-79.835657869160542,-6.780975653908839,0.0],[-79.835652563735465,-6.780970645191394,0.0],[-79.835648107476786,-6.780964868516131,0.0],[-79.835644610112624,-6.78095846612436,0.0],[-79.835642157759878,-6.780951595664618,0.0],[-79.835640810803724,-6.780944426310873,0.0],[-79.83564060241072,-6.780937134596812,0.0],[-79.835641537712149,-6.780929900069099,0.0],[-79.835641537757141,-6.780929899855009,0.0],[-79.835771261666537,-6.780312610746316,0.0],[-79.834415910074554,-6.780144322054239,0.0]]]]}},
{"type":"Feature","properties":{"Layer":"TG_HAB_URB","Color":3,"ESTADO":"TITULADAS POR COFOPRI","COD_HAB_UR":"0328","ID_COD_URB":"1401010328","TIPO_HAB_U":"URB.","NOMB_HAB_U":"URB. FEDERICO VILLARREAL - PROGRAMA EMADI PERÚ - II ETAPA"},"geometry":{"type":"MultiPolygon","coordinates":[[[[-79.835308088083096,-6.782685053697019,0.0],[-79.835158493697165,-6.783422209058667,0.0],[-79.835231261237951,-6.783447750048396,0.0],[-79.835095620463733,-6.783833886834224,0.0],[-79.835255686276966,-6.783890069000934,0.0],[-79.835186424394706,-6.784087232885048,0.0],[-79.835266311875941,-6.784114275612379,0.0],[-79.835243094884262,-6.784182806176275,0.0],[-79.835219877884541,-6.784251336737748,0.0],[-79.835035616290824,-6.784188962273931,0.0],[-79.834937119320728,-6.784469358597391,0.0],[-79.834935290288485,-6.784475906439374,0.0],[-79.834934574832559,-6.784482667018497,0.0],[-79.83493499283459,-6.784489452466858,0.0],[-79.834936532678881,-6.784496074225477,0.0],[-79.834939151575185,-6.784502348284085,0.0],[-79.834942776747724,-6.784508100294558,0.0],[-79.834947307457568,-6.784513170415803,0.0],[-79.834952617802102,-6.784517417755588,0.0],[-79.834958560213551,-6.784520724285684,0.0],[-79.834964969559849,-6.784522998121824,0.0],[-79.834920955491199,-6.784648295064885,0.0],[-79.838464739752425,-6.785891315568855,0.0],[-79.838591785862491,-6.785525213930182,0.0],[-79.838657480358691,-6.785335905499982,0.0],[-79.838307156882252,-6.785212946856178,0.0],[-79.838397764061497,-6.784955162532854,0.0],[-79.838603532157123,-6.785027428208604,0.0],[-79.838627525475516,-6.784959165252682,0.0],[-79.838651518785724,-6.784890902294215,0.0],[-79.838675512087718,-6.784822639333242,0.0],[-79.838699505381712,-6.784754376369742,0.0],[-79.838728128871352,-6.7846729400705,0.0],[-79.83859458086647,-6.784626066614053,0.0],[-79.838556454426424,-6.784509090205809,0.0],[-79.838534032044365,-6.784440295677369,0.0],[-79.838511609667705,-6.7843715011488,0.0],[-79.838489187295664,-6.78430270662007,0.0],[-79.838466764928512,-6.784233912091183,0.0],[-79.838444342566234,-6.784165117562201,0.0],[-79.83842192020883,-6.78409632303304,0.0],[-79.838399497856301,-6.784027528503652,0.0],[-79.838391790175194,-6.784003880388597,0.0],[-79.838351149676441,-6.78387919030283,0.0],[-79.838523295167647,-6.78382312767108,0.0],[-79.838731400348721,-6.783755608781719,0.0],[-79.838794855252843,-6.783948173963924,0.0],[-79.838863604412552,-6.783925537663002,0.0],[-79.838932353567245,-6.783902901351191,0.0],[-79.839001102717035,-6.783880265028539,0.0],[-79.839069851861879,-6.783857628695028,0.0],[-79.839138601001778,-6.783834992350643,0.0],[-79.839207350136746,-6.783812355995433,0.0],[-79.839318813889363,-6.783775655389316,0.0],[-79.839073199202645,-6.783040444469005,0.0],[-79.838773112277266,-6.783129419976844,0.0],[-79.838762752588607,-6.783093331893201,0.0],[-79.838747641215804,-6.783047835399725,0.0],[-79.838721613178464,-6.783055547328975,0.0],[-79.838630455208445,-6.783002912231853,0.0],[-79.838620367630199,-6.782970449247087,0.0],[-79.838561414084538,-6.782990340249047,0.0],[-79.838481379283948,-6.782898913924409,0.0],[-79.838449461140812,-6.782799061327502,0.0],[-79.83844436811232,-6.782687701615519,0.0],[-79.838417788501616,-6.782620303999777,0.0],[-79.838391208896951,-6.782552906383671,0.0],[-79.838372935984296,-6.782506571947541,0.0],[-79.838362632686056,-6.782486181556955,0.0],[-79.838330159589475,-6.782421916773456,0.0],[-79.838284333639578,-6.782331226450402,0.0],[-79.838222856374387,-6.782230947159769,0.0],[-79.838184430068395,-6.782166873388711,0.0],[-79.838146003771641,-6.782102799616626,0.0],[-79.838106413624118,-6.782039437793323,0.0],[-79.838068223885259,-6.781978301727809,0.0],[-79.838028727458507,-6.781915073898338,0.0],[-79.837989628236215,-6.781852544830521,0.0],[-79.837954563098577,-6.781787701845102,0.0],[-79.837919713092049,-6.781723256668012,0.0],[-79.837875241059379,-6.781665028250754,0.0],[-79.837819936345298,-6.781616959991593,0.0],[-79.837765883345952,-6.781563813499885,0.0],[-79.837746180349498,-6.781483902578951,0.0],[-79.837743835851683,-6.781401633736198,0.0],[-79.837748108666048,-6.781328500332927,0.0],[-79.837752381477259,-6.781255366929655,0.0],[-79.837756596237952,-6.781182774623661,0.0],[-79.837760873153087,-6.781109343028954,0.0],[-79.837752818651779,-6.781027698711559,0.0],[-79.837744714977532,-6.780945555951399,0.0],[-79.837741302717419,-6.780872377382281,0.0],[-79.83773163576177,-6.780798810121138,0.0],[-79.837736106309578,-6.780714468704327,0.0],[-79.837701179182801,-6.780567030057878,0.0],[-79.837697567996202,-6.78055178607335,0.0],[-79.835771261666537,-6.780312610746316,0.0],[-79.835641537757141,-6.780929899855009,0.0],[-79.835640602420568,-6.780937134400173,0.0],[-79.835640810785009,-6.780944426136858,0.0],[-79.835642157719874,-6.780951595516797,0.0],[-79.835644610058921,-6.780958466004574,0.0],[-79.835648107416958,-6.780964868424531,0.0],[-79.835652563676732,-6.780970645126496,0.0],[-79.835657869109426,-6.780975653867662,0.0],[-79.835663893076571,-6.780979771315136,0.0],[-79.835670487246858,-6.780982896082809,0.0],[-79.835677489248525,-6.78098495122784,0.0],[-79.835755261484564,-6.781001282212036,0.0],[-79.835724105628373,-6.781149536637074,0.0],[-79.83566750871357,-6.781137652145707,0.0],[-79.835628270598775,-6.781322497581709,0.0],[-79.835586752588426,-6.781518083071177,0.0],[-79.835546615865226,-6.781509654959664,0.0],[-79.835308088083096,-6.782685053697019,0.0]]]]}},
{"type":"Feature","properties":{"Layer":"TG_HAB_URB","Color":3,"ESTADO":"TITULADAS POR COFOPRI","COD_HAB_UR":"0329","ID_COD_URB":"1401010329","TIPO_HAB_U":"URB.","NOMB_HAB_U":"URB. FEDERICO VILLARREAL - PROGRAMA EMADI PERÚ - III ETAPA"},"geometry":{"type":"MultiPolygon","coordinates":[[[[-79.838397764061497,-6.784955162532854,0.0],[-79.838307156882252,-6.785212946856178,0.0],[-79.838657480358691,-6.785335905499982,0.0],[-79.838591785862491,-6.785525213930182,0.0],[-79.838464739752425,-6.785891315568855,0.0],[-79.839825177579456,-6.786368495663401,0.0],[-79.839863825923359,-6.78625803889467,0.0],[-79.839875169461195,-6.786225619108826,0.0],[-79.839885351491105,-6.786228395538198,0.0],[-79.83989585478713,-6.78622942921065,0.0],[-79.839906382993064,-6.786228690960545,0.0],[-79.839916639049875,-6.786226201617986,0.0],[-79.839926333577353,-6.786222031421118,0.0],[-79.839935193039139,-6.786216298034279,0.0],[-79.839942967460757,-6.786209163228066,0.0],[-79.83994943748273,-6.786200828314909,0.0],[-79.839926652934551,-6.78619283134111,0.0],[-79.840128195242016,-6.785615257799275,0.0],[-79.840059850479591,-6.785591428519385,0.0],[-79.839991505725308,-6.785567599230896,0.0],[-79.839923160979168,-6.785543769933946,0.0],[-79.839854816241186,-6.785519940628499,0.0],[-79.839899563500467,-6.785391705298061,0.0],[-79.839831483820589,-6.785367968401139,0.0],[-79.839832938356182,-6.785332043637197,0.0],[-79.839829737091321,-6.785296232146934,0.0],[-79.839821933695234,-6.78526113429835,0.0],[-79.839809658990276,-6.785227338495345,0.0],[-79.839793118758763,-6.785195411313301,0.0],[-79.839318813889378,-6.783775655389316,0.0],[-79.839207350136746,-6.783812355995433,0.0],[-79.839138601001778,-6.783834992350643,0.0],[-79.839069851861879,-6.783857628695028,0.0],[-79.839001102717035,-6.783880265028539,0.0],[-79.838932353567245,-6.783902901351191,0.0],[-79.838863604412552,-6.783925537663002,0.0],[-79.838794855252843,-6.783948173963924,0.0],[-79.838731400348721,-6.783755608781719,0.0],[-79.838523295167647,-6.78382312767108,0.0],[-79.838351149676441,-6.78387919030283,0.0],[-79.838391790175194,-6.784003880388597,0.0],[-79.838399497856315,-6.784027528503737,0.0],[-79.83842192020883,-6.78409632303304,0.0],[-79.838444342566234,-6.784165117562201,0.0],[-79.838466764928512,-6.784233912091183,0.0],[-79.838489187295664,-6.78430270662007,0.0],[-79.838511609667705,-6.7843715011488,0.0],[-79.838534032044365,-6.784440295677369,0.0],[-79.838556454426424,-6.784509090205809,0.0],[-79.83859458086647,-6.784626066614053,0.0],[-79.838728128871352,-6.7846729400705,0.0],[-79.838699505381712,-6.784754376369742,0.0],[-79.838675512087718,-6.784822639333242,0.0],[-79.838651518785724,-6.784890902294215,0.0],[-79.838627525475516,-6.784959165252682,0.0],[-79.838603532157123,-6.785027428208604,0.0],[-79.838397764061497,-6.784955162532854,0.0]]]]}},
{"type":"Feature","properties":{"Layer":"TG_HAB_URB","Color":3,"ESTADO":"TITULADAS POR COFOPRI","COD_HAB_UR":"0167","ID_COD_URB":"1401010167","TIPO_HAB_U":"P.A.","NOMB_HAB_U":"P.A.L. LA PORTADA DE LAS AMÉRICAS SECTOR 1"},"geometry":{"type":"MultiPolygon","coordinates":[[[[-79.859711665490821,-6.783305681871939,0.0],[-79.859627974371392,-6.783522907275587,0.0],[-79.859900408066522,-6.783633963733405,0.0],[-79.859969952563205,-6.783317347989128,0.0],[-79.859915969183717,-6.783311911028551,0.0],[-79.859905398383177,-6.783311588730205,0.0],[-79.85987752303906,-6.783310738824015,0.0],[-79.859834407750185,-6.783309424255878,0.0],[-79.859783892657546,-6.783307884065779,0.0],[-79.859711665490821,-6.783305681871939,0.0]]]]}},
{"type":"Feature","properties":{"Layer":"TG_HAB_URB","Color":3,"ESTADO":"TITULADAS POR COFOPRI","COD_HAB_UR":"0242","ID_COD_URB":"1401010242","TIPO_HAB_U":"A.H.","NOMB_HAB_U":"A.H. VILLA EL PROGRESO"},"geometry":{"type":"MultiPolygon","coordinates":[[[[-79.814725155803814,-6.771365495687514,0.0],[-79.814923992817413,-6.769504900127836,0.0],[-79.81426593217688,-6.769443175361909,0.0],[-79.81414854680915,-6.771306304479981,0.0],[-79.814725155803814,-6.771365495687514,0.0]]]]}},
{"type":"Feature","properties":{"Layer":"TG_HAB_URB","Color":3,"ESTADO":"TITULADAS POR COFOPRI","COD_HAB_UR":"0034","ID_COD_URB":"1401010034","TIPO_HAB_U":"P.J.","NOMB_HAB_U":"P.J. SAN ANTONIO ESTE"},"geometry":{"type":"MultiPolygon","coordinates":[[[[-79.825150431854922,-6.767712582116221,0.0],[-79.827348627558251,-6.769952093576354,0.0],[-79.828581414189415,-6.76988928943975,0.0],[-79.828579560040566,-6.76924695952514,0.0],[-79.828376267498555,-6.768262230561617,0.0],[-79.828323263928226,-6.767639737187911,0.0],[-79.828383174402205,-6.766088348240727,0.0],[-79.828163861157549,-6.764452329828929,0.0],[-79.828155245947713,-6.764252179582678,0.0],[-79.8281546098181,-6.764129270748192,0.0],[-79.828098428291042,-6.763985966787112,0.0],[-79.827936093147258,-6.763981189299916,0.0],[-79.827938434992461,-6.76393494233794,0.0],[-79.827940882036486,-6.763886617875554,0.0],[-79.827942053087696,-6.763863491833268,0.0],[-79.827673360787344,-6.763859396747071,0.0],[-79.827668550661599,-6.764234942152846,0.0],[-79.827429939809619,-6.764229974999748,0.0],[-79.827360555960681,-6.764228796815592,0.0],[-79.827360177284973,-6.764182031504622,0.0],[-79.827359845545445,-6.764141062744192,0.0],[-79.827359483780342,-6.764096385994397,0.0],[-79.82735912201457,-6.76405170924445,0.0],[-79.827358748531026,-6.764005585474256,0.0],[-79.82735842777403,-6.763965973295105,0.0],[-79.827357745425303,-6.763912870299562,0.0],[-79.827300235813738,-6.763904104856319,0.0],[-79.827180040698039,-6.763894057435968,0.0],[-79.827117805667939,-6.763889012527388,0.0],[-79.827048934032518,-6.763878531558912,0.0],[-79.826979574141134,-6.763883053344644,0.0],[-79.826914934423371,-6.763876288444617,0.0],[-79.826839550416409,-6.7638666476872,0.0],[-79.826758692099915,-6.763856306814753,0.0],[-79.826758222647101,-6.763901525234257,0.0],[-79.826757855534439,-6.763936886038211,0.0],[-79.82675743114784,-6.763977763489274,0.0],[-79.826760273593152,-6.764023166491286,0.0],[-79.826763070852124,-6.764067847724836,0.0],[-79.826765896366041,-6.764112980283945,0.0],[-79.826768891410566,-6.764160820796592,0.0],[-79.826771807340506,-6.76420739759765,0.0],[-79.826777853045115,-6.764255665793487,0.0],[-79.826785655237131,-6.764317957574039,0.0],[-79.826791089304123,-6.764402799057097,0.0],[-79.826794211001939,-6.764451537782119,0.0],[-79.826796985844268,-6.764494861093364,0.0],[-79.826799876304847,-6.764539989542498,0.0],[-79.826802784107997,-6.764585388762294,0.0],[-79.826805807529368,-6.76463259312011,0.0],[-79.82680877892227,-6.764678985165788,0.0],[-79.826811669382096,-6.764724113614879,0.0],[-79.826814548279899,-6.764769061550187,0.0],[-79.826817352025586,-6.764812836145815,0.0],[-79.826820242484857,-6.764857964594955,0.0],[-79.826823190753132,-6.764903995613027,0.0],[-79.826825792166161,-6.764944611217211,0.0],[-79.826828682624921,-6.764989739666299,0.0],[-79.82683180432015,-6.765038478391267,0.0],[-79.826834665873946,-6.765083155555829,0.0],[-79.826837671950457,-6.765130089142858,0.0],[-79.826840712712254,-6.76517756427126,0.0],[-79.826847869668711,-6.76528311694075,0.0],[-79.826852617869136,-6.765349875284205,0.0],[-79.826855569452505,-6.765391373711911,0.0],[-79.82685967600311,-6.765449110654793,0.0],[-79.826862563421386,-6.765489706942737,0.0],[-79.82686573958074,-6.765534362859381,0.0],[-79.826868883658818,-6.765578567706357,0.0],[-79.826872220230669,-6.76562547897245,0.0],[-79.826875171829826,-6.765666977631795,0.0],[-79.826877995066255,-6.765706671548334,0.0],[-79.826881203308076,-6.765751778534919,0.0],[-79.82688441154977,-6.765796885521572,0.0],[-79.826887555626513,-6.765841090368427,0.0],[-79.826890635538305,-6.765884393075573,0.0],[-79.826893522955515,-6.765924989363532,0.0],[-79.826898014492556,-6.76598813914478,0.0],[-79.82690335185292,-6.766043923256079,0.0],[-79.826508103565274,-6.766041035233402,0.0],[-79.826507189230568,-6.766176694693938,0.0],[-79.82617141053224,-6.766169674293112,0.0],[-79.826172889335453,-6.766197735776173,0.0],[-79.826173306956619,-6.766284378419415,0.0],[-79.82617253879701,-6.766312235411418,0.0],[-79.826172448518008,-6.766349617510667,0.0],[-79.82617266892639,-6.766376350441965,0.0],[-79.826172110049114,-6.766416683562741,0.0],[-79.826172176835001,-6.76645254123844,0.0],[-79.826172402026955,-6.766494824194065,0.0],[-79.826172837408436,-6.766530998346168,0.0],[-79.826225813210314,-6.766529235879055,0.0],[-79.82628002529421,-6.766532045027573,0.0],[-79.826294701330099,-6.76669417767042,0.0],[-79.826287296870674,-6.76679919954251,0.0],[-79.826181692689914,-6.766791366204684,0.0],[-79.826178979225773,-6.766880862372096,0.0],[-79.826147472192162,-6.766877692603567,0.0],[-79.82614772560899,-6.766852370610215,0.0],[-79.82608601409548,-6.766846665194046,0.0],[-79.82605051847429,-6.766843383512875,0.0],[-79.826006194058209,-6.766839285136991,0.0],[-79.82595457229263,-6.766834512534045,0.0],[-79.825891509056348,-6.766828682121838,0.0],[-79.825839256662775,-6.766823851202882,0.0],[-79.825807635503381,-6.76682092771189,0.0],[-79.825782499754808,-6.766818603819195,0.0],[-79.825779142257801,-6.766855614144402,0.0],[-79.825718728092156,-6.766850643105478,0.0],[-79.825716986649667,-6.766880890583986,0.0],[-79.825683858351965,-6.766877566828691,0.0],[-79.825650819692186,-6.766874252508878,0.0],[-79.825654003489703,-6.766996306824982,0.0],[-79.825666593797152,-6.767088075783456,0.0],[-79.82569581898899,-6.767236720877132,0.0],[-79.825701141210018,-6.767263788364386,0.0],[-79.825705545801739,-6.767372229398833,0.0],[-79.825718906486799,-6.767462839421399,0.0],[-79.825736551790243,-6.767581291897318,0.0],[-79.825760138041176,-6.767740050122343,0.0],[-79.825150431854922,-6.767712582116221,0.0]]]]}},
{"type":"Feature","properties":{"Layer":"TG_HAB_URB","Color":3,"ESTADO":"TITULADAS POR COFOPRI","COD_HAB_UR":"0035","ID_COD_URB":"1401010035","TIPO_HAB_U":"P.J.","NOMB_HAB_U":"P.J. SUAZO"},"geometry":{"type":"MultiPolygon","coordinates":[[[[-79.827756195728824,-6.770371813882083,0.0],[-79.828349602919573,-6.77122478186737,0.0],[-79.82913041264743,-6.774139290240543,0.0],[-79.829334639842443,-6.774117554082366,0.0],[-79.829471371868664,-6.774144818768905,0.0],[-79.829513442049517,-6.773169662086529,0.0],[-79.829833039033588,-6.773133281617058,0.0],[-79.830263025638914,-6.77264272105777,0.0],[-79.830903095373259,-6.772148025017753,0.0],[-79.830791834724565,-6.771075809426912,0.0],[-79.831477117911447,-6.770979706600224,0.0],[-79.831436908607742,-6.770722931291828,0.0],[-79.831413315278624,-6.770719776953561,0.0],[-79.831412657889402,-6.770719385982361,0.0],[-79.831399487861916,-6.770711553329393,0.0],[-79.831383364690808,-6.770713847056308,0.0],[-79.831377207189718,-6.770701560106599,0.0],[-79.83136446064178,-6.770703583953735,0.0],[-79.831356009571891,-6.770676682022257,0.0],[-79.831340154042593,-6.770626209783786,0.0],[-79.831308985597758,-6.770526992563162,0.0],[-79.83129686406015,-6.770488406565807,0.0],[-79.831237891864433,-6.770497334999614,0.0],[-79.831087410008053,-6.770415753403567,0.0],[-79.831083215964895,-6.77037158858795,0.0],[-79.831082461006275,-6.770338287805435,0.0],[-79.831081868227187,-6.770312105680564,0.0],[-79.831081488558723,-6.770295355322195,0.0],[-79.831081488988829,-6.770295355319253,0.0],[-79.831084713173027,-6.770295333230055,0.0],[-79.831085144435377,-6.770246514975764,0.0],[-79.83104897347522,-6.770247696053195,0.0],[-79.831047322376335,-6.770176266217936,0.0],[-79.830820478071061,-6.770186897922605,0.0],[-79.830843407660552,-6.769782297011369,0.0],[-79.830587528554986,-6.76979440064336,0.0],[-79.828581414189415,-6.76988928943975,0.0],[-79.827348627558251,-6.769952093576354,0.0],[-79.827756195728824,-6.770371813882083,0.0]]]]}},
{"type":"Feature","properties":{"Layer":"TG_HAB_URB","Color":3,"ESTADO":"TITULADAS POR COFOPRI","COD_HAB_UR":"0028","ID_COD_URB":"1401010028","TIPO_HAB_U":"P.J.","NOMB_HAB_U":"P.J. CAPITÁN EP. LUIS ALBERTO GARCÍA ROJAS"},"geometry":{"type":"MultiPolygon","coordinates":[[[[-79.832369181950625,-6.780705886203879,0.0],[-79.832366482067584,-6.780759450261044,0.0],[-79.832363782182938,-6.780813014317993,0.0],[-79.832361004896882,-6.780868113937857,0.0],[-79.8323582822443,-6.780922129630551,0.0],[-79.832355559590084,-6.780976145323027,0.0],[-79.832352850593068,-6.781029890033453,0.0],[-79.832345597757737,-6.78117378133284,0.0],[-79.832342364017279,-6.781237936460392,0.0],[-79.83322661199621,-6.781088192210956,0.0],[-79.833328690893026,-6.780031659188102,0.0],[-79.832388243100837,-6.780237334686114,0.0],[-79.832387830677305,-6.780335905795957,0.0],[-79.832380568792118,-6.780479977757866,0.0],[-79.832377859810038,-6.780533722470555,0.0],[-79.832374718299363,-6.780596048271425,0.0],[-79.832371959231693,-6.780650786583292,0.0],[-79.832369181950625,-6.780705886203879,0.0]]]]}},
{"type":"Feature","properties":{"Layer":"TG_HAB_URB","Color":3,"ESTADO":"TITULADAS POR COFOPRI","COD_HAB_UR":"0029","ID_COD_URB":"1401010029","TIPO_HAB_U":"UPIS","NOMB_HAB_U":"UPIS CIRO ALEGRÍA"},"geometry":{"type":"MultiPolygon","coordinates":[[[[-79.83222936832918,-6.781726768156677,0.0],[-79.832237698068241,-6.781780390640959,0.0],[-79.832247069025698,-6.781840715935832,0.0],[-79.832256509398746,-6.781901488084771,0.0],[-79.832266227430949,-6.781964047649931,0.0],[-79.83227580663528,-6.782025713507117,0.0],[-79.832285316426194,-6.78208693251032,0.0],[-79.832294965047296,-6.782149045221698,0.0],[-79.832316035673983,-6.782276916981784,0.0],[-79.832325147907113,-6.782332950909208,0.0],[-79.832334148526698,-6.782388298484369,0.0],[-79.832343149147079,-6.782443646058398,0.0],[-79.832352149769022,-6.782498993635839,0.0],[-79.832361295563473,-6.782555233917169,0.0],[-79.832370151019731,-6.782609688814467,0.0],[-79.832379224227097,-6.782665482723515,0.0],[-79.83238829744208,-6.782721276673104,0.0],[-79.832399171480944,-6.7827881444266,0.0],[-79.833064142742856,-6.782782271357529,0.0],[-79.83322661199621,-6.781088192210956,0.0],[-79.83215827570082,-6.781269110941423,0.0],[-79.832179542624488,-6.781406016331236,0.0],[-79.832187802943992,-6.781459191961142,0.0],[-79.83219627150774,-6.781513708153215,0.0],[-79.832204517946053,-6.781566794412367,0.0],[-79.832212778268101,-6.781619970042424,0.0],[-79.832221038590987,-6.781673145672535,0.0],[-79.83222936832918,-6.781726768156677,0.0]]]]}},
{"type":"Feature","properties":{"Layer":"TG_HAB_URB","Color":3,"ESTADO":"TITULADAS POR COFOPRI","COD_HAB_UR":"0030","ID_COD_URB":"1401010030","TIPO_HAB_U":"P.J.","NOMB_HAB_U":"P.J. DIEGO FERRE"},"geometry":{"type":"MultiPolygon","coordinates":[[[[-79.829793694061109,-6.776831542716033,0.0],[-79.831545923755201,-6.782834505354233,0.0],[-79.831952269313064,-6.783375498998242,0.0],[-79.832484338886431,-6.783795037477255,0.0],[-79.832947867236058,-6.783994670906594,0.0],[-79.833064142742856,-6.782782271357529,0.0],[-79.832399171480944,-6.7827881444266,0.0],[-79.83238829744208,-6.782721276673104,0.0],[-79.832379224227097,-6.782665482723515,0.0],[-79.832370151019731,-6.782609688814467,0.0],[-79.832361295563473,-6.782555233917169,0.0],[-79.832352149769022,-6.782498993635839,0.0],[-79.832343149147079,-6.782443646058398,0.0],[-79.832334148526698,-6.782388298484369,0.0],[-79.832325147907113,-6.782332950909208,0.0],[-79.832316035673983,-6.782276916981784,0.0],[-79.832294965047296,-6.782149045221698,0.0],[-79.832285316426194,-6.78208693251032,0.0],[-79.83227580663528,-6.782025713507117,0.0],[-79.832266227430949,-6.781964047649931,0.0],[-79.832256509398746,-6.781901488084771,0.0],[-79.832247069025698,-6.781840715935832,0.0],[-79.832237698068241,-6.781780390640959,0.0],[-79.83222936832918,-6.781726768156677,0.0],[-79.832221038590987,-6.781673145672535,0.0],[-79.832212778268101,-6.781619970042424,0.0],[-79.832204517946053,-6.781566794412367,0.0],[-79.83219627150774,-6.781513708153215,0.0],[-79.832187802943992,-6.781459191961142,0.0],[-79.832179542624488,-6.781406016331236,0.0],[-79.83215827570082,-6.781269110941423,0.0],[-79.832144082400987,-6.781204480661872,0.0],[-79.832150377169782,-6.781065976209058,0.0],[-79.832153579983583,-6.780995504275547,0.0],[-79.832156598017221,-6.780929098030157,0.0],[-79.832159546243702,-6.780864227711191,0.0],[-79.832162716200543,-6.780794478565661,0.0],[-79.832165845093201,-6.780725632906124,0.0],[-79.832168998620205,-6.780656245154403,0.0],[-79.832171392506808,-6.780603571899912,0.0],[-79.832174123096053,-6.780543490057052,0.0],[-79.832183710939077,-6.780332525990103,0.0],[-79.832194736428718,-6.780186712913339,0.0],[-79.832199044330125,-6.780091846681993,0.0],[-79.832186316551272,-6.780018324877579,0.0],[-79.832177677090399,-6.779968419167965,0.0],[-79.832168605657486,-6.779916018172941,0.0],[-79.832159349094326,-6.779862547769934,0.0],[-79.832150509077522,-6.779811483535088,0.0],[-79.832141530213264,-6.779759617244272,0.0],[-79.832132921612384,-6.779709889769613,0.0],[-79.832123973605277,-6.779658201713547,0.0],[-79.832114871323199,-6.779605622484177,0.0],[-79.83210561476622,-6.779552152081489,0.0],[-79.832095309134019,-6.779492621699882,0.0],[-79.832085898303362,-6.779438260123946,0.0],[-79.832076749742811,-6.7793854135428,0.0],[-79.832067107500521,-6.779329715206898,0.0],[-79.832058437197247,-6.779279631263359,0.0],[-79.83204922692947,-6.779226428213019,0.0],[-79.832039908669685,-6.779172601341382,0.0],[-79.832030883534969,-6.779120467699196,0.0],[-79.832006662238285,-6.778980553480292,0.0],[-79.831997020004351,-6.778924855144847,0.0],[-79.831987917736583,-6.77887227591626,0.0],[-79.83197711843718,-6.778809893780724,0.0],[-79.83196647341488,-6.778748402818627,0.0],[-79.831956136945308,-6.778688694203352,0.0],[-79.831945414787953,-6.778626757654727,0.0],[-79.831939440462534,-6.778558281794579,0.0],[-79.831931343679472,-6.778465478984143,0.0],[-79.831923561334634,-6.77837628016641,0.0],[-79.831915818294661,-6.778287531847796,0.0],[-79.831903987558576,-6.778151931625053,0.0],[-79.831898013233442,-6.778083455765106,0.0],[-79.831888996719144,-6.777980111276485,0.0],[-79.83185582349391,-6.777599890054788,0.0],[-79.831821854113656,-6.776761729689357,0.0],[-79.831630065089399,-6.776623346538034,0.0],[-79.831405357113539,-6.77659748801386,0.0],[-79.829793694061109,-6.776831542716033,0.0]]]]}},
{"type":"Feature","properties":{"Layer":"TG_HAB_URB","Color":3,"ESTADO":"TITULADAS POR COFOPRI","COD_HAB_UR":"0027","ID_COD_URB":"1401010027","TIPO_HAB_U":"A.H.","NOMB_HAB_U":"A.H. MURO"},"geometry":{"type":"MultiPolygon","coordinates":[[[[-79.833647210991217,-6.776734868383882,0.0],[-79.83322661199621,-6.781088192210956,0.0],[-79.832947867236058,-6.783994670906594,0.0],[-79.833601454383441,-6.784185458021222,0.0],[-79.833950440055432,-6.782453886029996,0.0],[-79.834415910074554,-6.780144322054239,0.0],[-79.834715883693676,-6.779100108145772,0.0],[-79.835403499039373,-6.776895759838373,0.0],[-79.835132185362411,-6.776856690317311,0.0],[-79.833916226099603,-6.776756298754444,0.0],[-79.833647210991217,-6.776734868383882,0.0]]]]}},
{"type":"Feature","properties":{"Layer":"TG_HAB_URB","Color":3,"ESTADO":"TITULADAS POR COFOPRI","COD_HAB_UR":"0276","ID_COD_URB":"1401010276","TIPO_HAB_U":"P.J.","NOMB_HAB_U":"P.J. AMPLIACIÓN FANNY ABANTO CALLE"},"geometry":{"type":"MultiPolygon","coordinates":[[[[-79.818257927037749,-6.762878666080898,0.0],[-79.818241786795213,-6.763097114363641,0.0],[-79.818316861787395,-6.763109437022383,0.0],[-79.818341819675709,-6.763324733365946,0.0],[-79.818361138587434,-6.763491385694965,0.0],[-79.818357427582995,-6.763574656089236,0.0],[-79.818343416154434,-6.763744647284787,0.0],[-79.818400666171172,-6.763747107388239,0.0],[-79.818385991984854,-6.763932064670275,0.0],[-79.818381118617694,-6.763993489798568,0.0],[-79.818258082827583,-6.763982716760433,0.0],[-79.818264391961748,-6.764226679719584,0.0],[-79.818267301957263,-6.764263983841242,0.0],[-79.818270053647183,-6.764299258595732,0.0],[-79.818270058848057,-6.764309361694022,0.0],[-79.818270081707723,-6.764353769220899,0.0],[-79.818274766402553,-6.764407223085719,0.0],[-79.818275043343377,-6.764419350450916,0.0],[-79.818276023784378,-6.764462284424791,0.0],[-79.818280897661012,-6.764515421979294,0.0],[-79.818281512179681,-6.764526440498487,0.0],[-79.81828396975996,-6.764570505714579,0.0],[-79.818297831884067,-6.764662702019431,0.0],[-79.818585048820609,-6.764679492715315,0.0],[-79.81862995492996,-6.764026984265636,0.0],[-79.82015508190058,-6.764225950527356,0.0],[-79.820161897194765,-6.764315700662034,0.0],[-79.820423742542161,-6.764273400433972,0.0],[-79.820319457905569,-6.763595895679081,0.0],[-79.820297762178569,-6.763183109087541,0.0],[-79.820555283349094,-6.763044013381227,0.0],[-79.817997898738085,-6.760412844830141,0.0],[-79.818045746270968,-6.760824021991517,0.0],[-79.818052506838313,-6.760882118826018,0.0],[-79.818059015548315,-6.760938051324645,0.0],[-79.818065723735543,-6.760995698024314,0.0],[-79.818072309710772,-6.761052294493603,0.0],[-79.818078843416728,-6.761108441784645,0.0],[-79.818086736134077,-6.761176267712231,0.0],[-79.818090760897448,-6.76121085444351,0.0],[-79.818097137795561,-6.761265654199698,0.0],[-79.818105887736706,-6.761340846652049,0.0],[-79.818111010163747,-6.761384866128375,0.0],[-79.818119279225058,-6.761455926140248,0.0],[-79.818124777994385,-6.761503179700638,0.0],[-79.818127241511363,-6.761524349882206,0.0],[-79.818133404759024,-6.761577313619455,0.0],[-79.818147343071203,-6.761697092196779,0.0],[-79.8181554117903,-6.761766430548731,0.0],[-79.818164537422973,-6.761844851457076,0.0],[-79.818177003560066,-6.761951978900627,0.0],[-79.818178465140051,-6.761964538951522,0.0],[-79.818156464192541,-6.762223451291248,0.0],[-79.818153399463995,-6.762259517695007,0.0],[-79.818224127254936,-6.762267369404931,0.0],[-79.818210550765869,-6.762457409967914,0.0],[-79.818192027728372,-6.762654804447117,0.0],[-79.818273533363794,-6.762667443620586,0.0],[-79.818257927037749,-6.762878666080898,0.0]]]]}},
{"type":"Feature","properties":{"Layer":"TG_HAB_URB","Color":3,"ESTADO":"TITULADAS POR COFOPRI","COD_HAB_UR":"0296","ID_COD_URB":"1401010296","TIPO_HAB_U":"A.H.","NOMB_HAB_U":"A.H. SANTA ELENA"},"geometry":{"type":"MultiPolygon","coordinates":[[[[-79.815867666433263,-6.7588095105206,0.0],[-79.815638613242484,-6.761776642310561,0.0],[-79.815840001875543,-6.761789505327258,0.0],[-79.815894578063705,-6.76179299077472,0.0],[-79.815948568072585,-6.761796439517953,0.0],[-79.816006208135107,-6.761800121429637,0.0],[-79.816156467257855,-6.761809718301582,0.0],[-79.816159779993882,-6.761752523288632,0.0],[-79.818127970312972,-6.761903158522113,0.0],[-79.818126586013051,-6.761928080314354,0.0],[-79.818125859003075,-6.761942491452343,0.0],[-79.818177003560066,-6.761951978900627,0.0],[-79.818164537422973,-6.761844851457076,0.0],[-79.8181554117903,-6.761766430548731,0.0],[-79.818147343071203,-6.761697092196779,0.0],[-79.818133404759024,-6.761577313619455,0.0],[-79.818127241511363,-6.76152434988219,0.0],[-79.818124777994385,-6.761503179700638,0.0],[-79.818119279225058,-6.761455926140248,0.0],[-79.818111010163747,-6.761384866128375,0.0],[-79.818105887736706,-6.761340846652049,0.0],[-79.818097137795561,-6.761265654199698,0.0],[-79.818090760897448,-6.76121085444351,0.0],[-79.818086736134077,-6.761176267712231,0.0],[-79.818078843416728,-6.761108441784645,0.0],[-79.818072309710772,-6.761052294493603,0.0],[-79.818065723735543,-6.760995698024314,0.0],[-79.818059015548315,-6.760938051324645,0.0],[-79.818052506838313,-6.760882118826018,0.0],[-79.818045746270968,-6.760824021991517,0.0],[-79.817997898738085,-6.760412844830141,0.0],[-79.817823487091189,-6.760233399819248,0.0],[-79.817353282041822,-6.759633543946984,0.0],[-79.816072647367747,-6.758550396955818,0.0],[-79.815969178188908,-6.758436932660273,0.0],[-79.815848558200571,-6.758622704833122,0.0],[-79.815867666433263,-6.7588095105206,0.0]]]]}},
{"type":"Feature","properties":{"Layer":"TG_HAB_URB","Color":3,"ESTADO":"TITULADAS POR COFOPRI","COD_HAB_UR":"0274","ID_COD_URB":"1401010274","TIPO_HAB_U":"A.H.","NOMB_HAB_U":"A.H. JORGE CHÁVEZ"},"geometry":{"type":"MultiPolygon","coordinates":[[[[-79.820161897194765,-6.764315700662034,0.0],[-79.820285543534126,-6.765943991484992,0.0],[-79.820684252222094,-6.765965846895339,0.0],[-79.820749435110542,-6.766389318051149,0.0],[-79.820789981769295,-6.767002983212913,0.0],[-79.820851353763445,-6.767605001213335,0.0],[-79.825321396832635,-6.767886761409169,0.0],[-79.825150431854922,-6.767712582116221,0.0],[-79.824088496967974,-6.766679103599412,0.0],[-79.820555283349094,-6.763044013381227,0.0],[-79.820297762178569,-6.763183109087541,0.0],[-79.820319457905569,-6.763595895679081,0.0],[-79.820423742542161,-6.764273400433972,0.0],[-79.820161897194765,-6.764315700662034,0.0]]]]}},
{"type":"Feature","properties":{"Layer":"TG_HAB_URB","Color":3,"ESTADO":"TITULADAS POR COFOPRI","COD_HAB_UR":"0277","ID_COD_URB":"1401010277","TIPO_HAB_U":"P.J.","NOMB_HAB_U":"P.J. AMPLIACIÓN FANNY ABANTO CALLE II ETAPA"},"geometry":{"type":"MultiPolygon","coordinates":[[[[-79.815885574709213,-6.763217752438197,0.0],[-79.815863539310058,-6.763467492611869,0.0],[-79.815838771668624,-6.763748198283485,0.0],[-79.815933138712296,-6.763751697495051,0.0],[-79.815945579928169,-6.764226014844175,0.0],[-79.815950101901791,-6.764226139804688,0.0],[-79.815951541678686,-6.764503791046439,0.0],[-79.815897709795451,-6.764503647956393,0.0],[-79.815842540829394,-6.764502154791193,0.0],[-79.815797310804157,-6.764501358759313,0.0],[-79.81574257716693,-6.764500769542035,0.0],[-79.815744847132692,-6.764715701208845,0.0],[-79.81569358970043,-6.764714047893608,0.0],[-79.815700641928203,-6.764976789383465,0.0],[-79.815797633909213,-6.764979203940626,0.0],[-79.815798891080846,-6.765179527592153,0.0],[-79.815853721747672,-6.765182205472936,0.0],[-79.815907782604654,-6.76518484575085,0.0],[-79.815962497640029,-6.765186391853031,0.0],[-79.816015220533984,-6.765187410275525,0.0],[-79.816024601344552,-6.765435636801088,0.0],[-79.816025438132343,-6.765457779139138,0.0],[-79.816028183158039,-6.76569101792759,0.0],[-79.816572107224346,-6.765742212572569,0.0],[-79.818626125197795,-6.765845710007355,0.0],[-79.818549988803667,-6.765188929691595,0.0],[-79.818585048820609,-6.764679492715315,0.0],[-79.818297831884067,-6.764662702019431,0.0],[-79.818286926774462,-6.764590172673605,0.0],[-79.81828396975996,-6.764570505714579,0.0],[-79.818280897661012,-6.764515421979294,0.0],[-79.818276023784378,-6.764462284424791,0.0],[-79.818275043343377,-6.764419350450916,0.0],[-79.818274766402553,-6.764407223085719,0.0],[-79.818270081707723,-6.764353769220899,0.0],[-79.818270053647183,-6.764299258595732,0.0],[-79.818267301957263,-6.764263983841242,0.0],[-79.818264391961748,-6.764226679719584,0.0],[-79.818258082827583,-6.763982716760433,0.0],[-79.818381118617694,-6.763993489798568,0.0],[-79.818385991984854,-6.763932064670275,0.0],[-79.818400666171172,-6.763747107388239,0.0],[-79.818343416154434,-6.763744647284787,0.0],[-79.818357427582995,-6.763574656089236,0.0],[-79.818361138587434,-6.763491385694965,0.0],[-79.818341819675709,-6.763324733365946,0.0],[-79.818316861787395,-6.763109437022383,0.0],[-79.818241786795213,-6.763097114363641,0.0],[-79.818257927037749,-6.762878666080898,0.0],[-79.818273533363794,-6.762667443620586,0.0],[-79.818192027728372,-6.762654804447117,0.0],[-79.818210550765869,-6.762457409967914,0.0],[-79.818224127254936,-6.762267369404931,0.0],[-79.818153399463995,-6.762259517695007,0.0],[-79.818156464192541,-6.762223451291248,0.0],[-79.818178465140051,-6.761964538951522,0.0],[-79.818177003560066,-6.761951978900627,0.0],[-79.818125859003075,-6.761942491452343,0.0],[-79.818126586013051,-6.761928080314354,0.0],[-79.818127970312972,-6.761903158522113,0.0],[-79.816159779993882,-6.761752523288632,0.0],[-79.816156467257855,-6.761809718301582,0.0],[-79.816122361937019,-6.762084899089237,0.0],[-79.816058943375666,-6.762079961676269,0.0],[-79.816045334145898,-6.762340954360015,0.0],[-79.81585420024534,-6.762322908814062,0.0],[-79.815850531228932,-6.762370308214276,0.0],[-79.815832258239155,-6.762486968729025,0.0],[-79.815830762951833,-6.762511390661681,0.0],[-79.815880164687087,-6.762517982865971,0.0],[-79.815927863816995,-6.762520069642998,0.0],[-79.815944409080217,-6.762367152505885,0.0],[-79.816042559812587,-6.762377232275921,0.0],[-79.8160282222332,-6.762575504963718,0.0],[-79.816074752148424,-6.762578337325611,0.0],[-79.816124126240183,-6.762581342812928,0.0],[-79.816129544104015,-6.762581672607468,0.0],[-79.816117408859284,-6.762762265522602,0.0],[-79.816116642997869,-6.762773662822176,0.0],[-79.815916974149957,-6.762748982959925,0.0],[-79.815918301628756,-6.762737818070909,0.0],[-79.815866811511128,-6.762731687463992,0.0],[-79.815817635048646,-6.762725832902126,0.0],[-79.815653640689419,-6.762706307351045,0.0],[-79.815666032100609,-6.762521398937039,0.0],[-79.815613460805693,-6.762518274754306,0.0],[-79.815603776186194,-6.762673095099765,0.0],[-79.815589016544308,-6.762779983670654,0.0],[-79.815575405969739,-6.762962770244528,0.0],[-79.8155583292816,-6.763192105421139,0.0],[-79.815885574709213,-6.763217752438197,0.0]]]]}},
{"type":"Feature","properties":{"Layer":"TG_HAB_URB","Color":3,"ESTADO":"TITULADAS POR COFOPRI","COD_HAB_UR":"0275","ID_COD_URB":"1401010275","TIPO_HAB_U":"P.J.","NOMB_HAB_U":"P.J. FANNY ABANTO CALLE"},"geometry":{"type":"MultiPolygon","coordinates":[[[[-79.816572107224346,-6.765742212572569,0.0],[-79.81654509477751,-6.766769936609657,0.0],[-79.816527141707013,-6.766932466785843,0.0],[-79.816509612723152,-6.767090795314237,0.0],[-79.81650474801414,-6.767134786062091,0.0],[-79.820832508355011,-6.76742014045159,0.0],[-79.820789981769295,-6.767002983212913,0.0],[-79.820749435110542,-6.766389318051149,0.0],[-79.820684252222094,-6.765965846895339,0.0],[-79.820285543534126,-6.765943991484992,0.0],[-79.82015508190058,-6.764225950527356,0.0],[-79.81862995492996,-6.764026984265636,0.0],[-79.818585048820609,-6.764679492715315,0.0],[-79.818549988803667,-6.765188929691595,0.0],[-79.818626125197795,-6.765845710007355,0.0],[-79.816572107224346,-6.765742212572569,0.0]]]]}},
{"type":"Feature","properties":{"Layer":"TG_HAB_URB","Color":3,"ESTADO":"TITULADAS POR COFOPRI","COD_HAB_UR":"0129","ID_COD_URB":"1401010129","TIPO_HAB_U":"P.J.","NOMB_HAB_U":"P.J. EL CAMALITO"},"geometry":{"type":"MultiPolygon","coordinates":[[[[-79.833059661855955,-6.765506723389331,0.0],[-79.833067988275289,-6.765619468952599,0.0],[-79.833040872894202,-6.765662333516298,0.0],[-79.833334299934123,-6.765843991158416,0.0],[-79.833408124164208,-6.765693664359691,0.0],[-79.833864230141032,-6.765603260975833,0.0],[-79.833858714839451,-6.7655645858399,0.0],[-79.833833177914144,-6.765385512361847,0.0],[-79.83382347388455,-6.765317464440341,0.0],[-79.833818877239352,-6.765285231214395,0.0],[-79.833814280594382,-6.765252997988453,0.0],[-79.833806619520018,-6.765199275945299,0.0],[-79.83380202287573,-6.765167042719392,0.0],[-79.83379729854714,-6.765133914126201,0.0],[-79.833787594521681,-6.765065866204997,0.0],[-79.83378299787843,-6.765033632979187,0.0],[-79.83377737975924,-6.76499423681438,0.0],[-79.833767675736055,-6.764926188893353,0.0],[-79.833758737820972,-6.764863513176699,0.0],[-79.833749799906826,-6.764800837460132,0.0],[-79.833734860064467,-6.764696076294404,0.0],[-79.833504521234914,-6.763580791346216,0.0],[-79.832688746234922,-6.7636188935581,0.0],[-79.832705208000363,-6.763826040451575,0.0],[-79.832710223331588,-6.76388915095629,0.0],[-79.832715202838926,-6.763951810671695,0.0],[-79.832720253993756,-6.764015371965834,0.0],[-79.832724946910574,-6.764074425366695,0.0],[-79.832730105536584,-6.764139339028764,0.0],[-79.83273504921975,-6.764201547954931,0.0],[-79.832737592708881,-6.764233553996691,0.0],[-79.832740064550407,-6.764264658459766,0.0],[-79.832745079880979,-6.764327768964577,0.0],[-79.832750095211438,-6.764390879469419,0.0],[-79.832755289660753,-6.76445624392087,0.0],[-79.832761021466752,-6.764528370212114,0.0],[-79.832940628008913,-6.764506375496277,0.0],[-79.832979977189225,-6.764506226199615,0.0],[-79.832990452496531,-6.764569580389776,0.0],[-79.832994582403074,-6.76462550218915,0.0],[-79.832999378423395,-6.764690443633565,0.0],[-79.833001576599301,-6.764720208462262,0.0],[-79.833003941303645,-6.764752228202205,0.0],[-79.833008704017885,-6.764816718664358,0.0],[-79.833010935499317,-6.764846934475311,0.0],[-79.833013040419061,-6.764875436553694,0.0],[-79.833017765269361,-6.764939568948073,0.0],[-79.833020068895365,-6.764970686405356,0.0],[-79.833022499373882,-6.76500351739128,0.0],[-79.833027162170282,-6.765066654906724,0.0],[-79.833031758355119,-6.765128890457633,0.0],[-79.833032516900971,-6.765139161698182,0.0],[-79.833036421151135,-6.765192027973063,0.0],[-79.833041110591523,-6.765255526274315,0.0],[-79.83304577338717,-6.765318663789719,0.0],[-79.833050502793995,-6.765382703269682,0.0],[-79.833055098977908,-6.765444938820622,0.0],[-79.833059661855955,-6.765506723389331,0.0]]]]}},
{"type":"Feature","properties":{"Layer":"TG_HAB_URB","Color":5,"ESTADO":"APROBADOS POR LA MPCH CON RESOLUCION","COD_HAB_UR":"0416","ID_COD_URB":"1401010416","TIPO_HAB_U":"H.U.","NOMB_HAB_U":"H.U. MONTERRICO VI"},"geometry":{"type":"MultiPolygon","coordinates":[[[[-79.858623393438378,-6.790603126249843,0.0],[-79.858621455477191,-6.790682737817642,0.0],[-79.85870309647305,-6.791349533396275,0.0],[-79.859456564661699,-6.79126207709105,0.0],[-79.859783836170848,-6.791228303919626,0.0],[-79.859795428608706,-6.791197209733728,0.0],[-79.859880724121595,-6.790846730111264,0.0],[-79.859901683466049,-6.790760607967495,0.0],[-79.860103790924214,-6.789930144312612,0.0],[-79.860146064397611,-6.789838399255918,0.0],[-79.860298435526488,-6.789282286894254,0.0],[-79.860321283415402,-6.789191936676711,0.0],[-79.860400218466225,-6.78889498714075,0.0],[-79.859380657417333,-6.78889258954472,0.0],[-79.859061451546623,-6.788895465980923,0.0],[-79.858477233261809,-6.788892021485088,0.0],[-79.858487967503436,-6.788988665398267,0.0],[-79.858497926041252,-6.789077308085516,0.0],[-79.858532336948116,-6.789408429614173,0.0],[-79.858542491047629,-6.789516912035144,0.0],[-79.858553393315816,-6.789629383953051,0.0],[-79.858582152584347,-6.790098497666099,0.0],[-79.858623393438378,-6.790603126249843,0.0]]]]}},
{"type":"Feature","properties":{"Layer":"TG_HAB_URB","Color":5,"ESTADO":"APROBADOS POR LA MPCH CON RESOLUCION","COD_HAB_UR":"0413","ID_COD_URB":"1401010413","TIPO_HAB_U":"H.U.","NOMB_HAB_U":"H.U. REAL FELIPE"},"geometry":{"type":"MultiPolygon","coordinates":[[[[-79.855924002540362,-6.789550065953038,0.0],[-79.855919683754692,-6.789609861840606,0.0],[-79.855841908583244,-6.790686695000534,0.0],[-79.855794103602491,-6.791348571852839,0.0],[-79.85576466822279,-6.79175611312541,0.0],[-79.855853890495283,-6.791758746191353,0.0],[-79.855943699119919,-6.791859393199512,0.0],[-79.856009259000629,-6.792023596830314,0.0],[-79.856052920837669,-6.792160077119412,0.0],[-79.857014831663122,-6.79056558879781,0.0],[-79.856818407509351,-6.790335375309533,0.0],[-79.856469468224461,-6.789995341471061,0.0],[-79.856209736312195,-6.789764825440524,0.0],[-79.855924002540362,-6.789550065953038,0.0]]]]}},
{"type":"Feature","properties":{"Layer":"TG_HAB_URB","Color":5,"ESTADO":"APROBADOS POR LA MPCH CON RESOLUCION","COD_HAB_UR":"0115","ID_COD_URB":"1401010115","TIPO_HAB_U":"H.U.","NOMB_HAB_U":"H.U. MULTIFAMILIAR LOS PINOS DE LA PLATA"},"geometry":{"type":"MultiPolygon","coordinates":[[[[-79.85031902132566,-6.788688795615585,0.0],[-79.850398950686952,-6.789453475833472,0.0],[-79.850386852974253,-6.78962316291387,0.0],[-79.850411204173554,-6.789837081127082,0.0],[-79.850444620870775,-6.790124439950308,0.0],[-79.851373078922578,-6.790435152561841,0.0],[-79.851656676576965,-6.790551020019117,0.0],[-79.851989177975994,-6.789632496810942,0.0],[-79.851940933345773,-6.789123546008789,0.0],[-79.85193406766497,-6.789051117262618,0.0],[-79.851927484135672,-6.788981665040324,0.0],[-79.851920900606601,-6.78891221281808,0.0],[-79.851901150020737,-6.788703856151414,0.0],[-79.851875440859985,-6.78856613712732,0.0],[-79.85031902132566,-6.788688795615585,0.0]]]]}},
{"type":"Feature","properties":{"Layer":"TG_HAB_URB","Color":5,"ESTADO":"APROBADOS POR LA MPCH CON RESOLUCION","COD_HAB_UR":"0114","ID_COD_URB":"1401010114","TIPO_HAB_U":"H.U.","NOMB_HAB_U":"H.U. EL AMAUTA"},"geometry":{"type":"MultiPolygon","coordinates":[[[[-79.848394487414936,-6.7879345807095,0.0],[-79.84840868958787,-6.787996278128992,0.0],[-79.84842289176315,-6.788057975548559,0.0],[-79.84843265241031,-6.788100379155558,0.0],[-79.848434464566211,-6.788120219326935,0.0],[-79.848440222164058,-6.788183266808584,0.0],[-79.848445979762019,-6.788246314290255,0.0],[-79.848451737360136,-6.788309361772138,0.0],[-79.848457462761274,-6.788372410914423,0.0],[-79.848463220359619,-6.788435458396149,0.0],[-79.84846898603594,-6.78849850577679,0.0],[-79.848474735556664,-6.788561553359747,0.0],[-79.848480493155378,-6.788624600841562,0.0],[-79.84848625075422,-6.788687648323406,0.0],[-79.848491541799049,-6.788750736638586,0.0],[-79.848487524459173,-6.788827507648618,0.0],[-79.848672126804985,-6.78883343407326,0.0],[-79.849482336144192,-6.788753620829804,0.0],[-79.85031902132566,-6.788688795615585,0.0],[-79.851875440859985,-6.78856613712732,0.0],[-79.851839710684004,-6.788374737381134,0.0],[-79.851829686598109,-6.788298060912547,0.0],[-79.851819721150193,-6.788221832970105,0.0],[-79.851809755703414,-6.788145605027733,0.0],[-79.851799790257786,-6.788069377085432,0.0],[-79.851789824813324,-6.787993149143253,0.0],[-79.851779859369998,-6.787916921201146,0.0],[-79.851769893927838,-6.787840693259112,0.0],[-79.851759928486828,-6.787764465317198,0.0],[-79.851742687393525,-6.787632584223075,0.0],[-79.850675803192914,-6.787617248719817,0.0],[-79.849795011308501,-6.787444858667855,0.0],[-79.849266358478687,-6.787262968962002,0.0],[-79.849128747718069,-6.787215622124797,0.0],[-79.848915290288559,-6.787023161964315,0.0],[-79.848372941657956,-6.786428156392187,0.0],[-79.848265344840655,-6.786453236166984,0.0],[-79.848269883610484,-6.786615357198547,0.0],[-79.848271247089173,-6.78667865214335,0.0],[-79.848272610566795,-6.786741947088405,0.0],[-79.848273974043408,-6.78680524203327,0.0],[-79.848275337518984,-6.786868536978048,0.0],[-79.848277757152758,-6.78693180037766,0.0],[-79.848278063556975,-6.786995109253388,0.0],[-79.848279427029425,-6.787058404197932,0.0],[-79.848280790500823,-6.787121699142289,0.0],[-79.848282153971198,-6.787184994086555,0.0],[-79.848284341847688,-6.787248265917587,0.0],[-79.848284466473757,-6.787249539694121,0.0],[-79.848290506636687,-6.787311274916699,0.0],[-79.848292336905843,-6.787329414705879,0.0],[-79.848296862209921,-6.787374264973392,0.0],[-79.848303217783453,-6.787437255030135,0.0],[-79.84830957335727,-6.787500245086949,0.0],[-79.848315928931356,-6.787563235143748,0.0],[-79.848323476585747,-6.787626093612521,0.0],[-79.848337678746859,-6.787687791031824,0.0],[-79.848351880910343,-6.787749488451137,0.0],[-79.848366083076172,-6.787811185870574,0.0],[-79.848380285244374,-6.787872883289999,0.0],[-79.848394487414936,-6.7879345807095,0.0]]]]}},
{"type":"Feature","properties":{"Layer":"TG_HAB_URB","Color":5,"ESTADO":"APROBADOS POR LA MPCH CON RESOLUCION","COD_HAB_UR":"0261","ID_COD_URB":"1401010261","TIPO_HAB_U":"H.U.","NOMB_HAB_U":"H.U. LA RIVIERA II ETAPA"},"geometry":{"type":"MultiPolygon","coordinates":[[[[-79.860067367126675,-6.791277416261063,0.0],[-79.859939267687736,-6.791656357997416,0.0],[-79.859969492754686,-6.791666553105823,0.0],[-79.859853476827013,-6.792006669994684,0.0],[-79.859824263455437,-6.791996561022158,0.0],[-79.859773787436708,-6.792145877882919,0.0],[-79.860338368795965,-6.792339388554772,0.0],[-79.860650754346111,-6.791413234107214,0.0],[-79.860067367126675,-6.791277416261063,0.0]]]]}},
{"type":"Feature","properties":{"Layer":"TG_HAB_URB","Color":5,"ESTADO":"APROBADOS POR LA MPCH CON RESOLUCION","COD_HAB_UR":"0262","ID_COD_URB":"1401010262","TIPO_HAB_U":"H.U.","NOMB_HAB_U":"H.U. LA RIVIERA III ETAPA"},"geometry":{"type":"MultiPolygon","coordinates":[[[[-79.859456564661699,-6.79126207709105,0.0],[-79.859231099383166,-6.791946740419152,0.0],[-79.859631708666683,-6.792097180159481,0.0],[-79.859773787436708,-6.792145877882919,0.0],[-79.859824263455437,-6.791996561022158,0.0],[-79.859853476827013,-6.792006669994684,0.0],[-79.859969492754686,-6.791666553105823,0.0],[-79.859939267687736,-6.791656357997416,0.0],[-79.860067367126675,-6.791277416261063,0.0],[-79.859783836170848,-6.791228303919626,0.0],[-79.859456564661699,-6.79126207709105,0.0]]]]}},
{"type":"Feature","properties":{"Layer":"TG_HAB_URB","Color":5,"ESTADO":"APROBADOS POR LA MPCH CON RESOLUCION","COD_HAB_UR":"0349","ID_COD_URB":"1401010349","TIPO_HAB_U":"H.U.","NOMB_HAB_U":"H.U. PUERTA DE CHICLAYO VII ETAPA"},"geometry":{"type":"MultiPolygon","coordinates":[[[[-79.790734552826038,-6.761379672134325,0.0],[-79.791066912067919,-6.762249616350026,0.0],[-79.794477743116246,-6.761852477157697,0.0],[-79.794439661837387,-6.761753105990374,0.0],[-79.794420488436671,-6.761709025060113,0.0],[-79.794397488006283,-6.761666813182444,0.0],[-79.794370841018917,-6.761626801570493,0.0],[-79.794340756559549,-6.761589304173019,0.0],[-79.793597944972404,-6.76074315149981,0.0],[-79.793460323549823,-6.76076183874345,0.0],[-79.793423436238356,-6.760768148955433,0.0],[-79.793387071512043,-6.760776984798718,0.0],[-79.791735614606438,-6.761239063637414,0.0],[-79.791699104268559,-6.761247929419583,0.0],[-79.791662067893725,-6.761254249329038,0.0],[-79.790734552826038,-6.761379672134325,0.0]]]]}},
{"type":"Feature","properties":{"Layer":"TG_HAB_URB","Color":5,"ESTADO":"APROBADOS POR LA MPCH CON RESOLUCION","COD_HAB_UR":"0346","ID_COD_URB":"1401010346","TIPO_HAB_U":"H.U.","NOMB_HAB_U":"H.U. PUERTA DE CHICLAYO IV ETAPA"},"geometry":{"type":"MultiPolygon","coordinates":[[[[-79.792033526246612,-6.75880100654476,0.0],[-79.792052977604897,-6.758838954332758,0.0],[-79.792069401793427,-6.75887830608118,0.0],[-79.792082698281561,-6.758918820924209,0.0],[-79.792189471784184,-6.759293721408022,0.0],[-79.792207006316701,-6.759345301668377,0.0],[-79.792229626036885,-6.759394864504255,0.0],[-79.792257102970865,-6.759441910390819,0.0],[-79.792289160190677,-6.759485965170498,0.0],[-79.79232547460505,-6.759526584831746,0.0],[-79.792365680215823,-6.759563359984094,0.0],[-79.792431530770656,-6.759617780839625,0.0],[-79.79304623092753,-6.759589245703909,0.0],[-79.793094116406621,-6.759584891668625,0.0],[-79.797180302342682,-6.759030008175357,0.0],[-79.796596049273035,-6.757696623073815,0.0],[-79.795026783174947,-6.758107246737335,0.0],[-79.795026786541911,-6.758107252101244,0.0],[-79.795024260247345,-6.758107594845148,0.0],[-79.792832050926563,-6.758411858918947,0.0],[-79.792831755980572,-6.758411777467352,0.0],[-79.792087396908755,-6.758215648585941,0.0],[-79.792084371590207,-6.758205380903728,0.0],[-79.791657898838821,-6.758087606255487,0.0],[-79.791671165929358,-6.758131450575308,0.0],[-79.791686160783939,-6.758174541017741,0.0],[-79.791705031206931,-6.758216838954763,0.0],[-79.791717995275775,-6.758241272186698,0.0],[-79.791738938846777,-6.758278424952917,0.0],[-79.791796926949203,-6.758381292692875,0.0],[-79.792033526246612,-6.75880100654476,0.0]]]]}},
{"type":"Feature","properties":{"Layer":"TG_HAB_URB","Color":5,"ESTADO":"APROBADOS POR LA MPCH CON RESOLUCION","COD_HAB_UR":"0347","ID_COD_URB":"1401010347","TIPO_HAB_U":"H.U.","NOMB_HAB_U":"H.U. PUERTA DE CHICLAYO V ETAPA"},"geometry":{"type":"MultiPolygon","coordinates":[[[[-79.789386636243506,-6.757851499208066,0.0],[-79.790041961959005,-6.759566820102154,0.0],[-79.792043537595177,-6.75915752735953,0.0],[-79.792144779309538,-6.759136849402815,0.0],[-79.792082698281561,-6.758918820924209,0.0],[-79.792069401793427,-6.75887830608118,0.0],[-79.792052977604897,-6.758838954332758,0.0],[-79.792033526246612,-6.75880100654476,0.0],[-79.791796926949203,-6.758381292692875,0.0],[-79.791738938846777,-6.758278424952917,0.0],[-79.791717995275775,-6.758241272186698,0.0],[-79.791705031206931,-6.758216838954763,0.0],[-79.791686160783939,-6.758174541017741,0.0],[-79.791671165929358,-6.758131450575308,0.0],[-79.791657898838821,-6.758087606255487,0.0],[-79.791467502841925,-6.758035026394784,0.0],[-79.79119344838881,-6.757959343224854,0.0],[-79.79091939404563,-6.757883659915423,0.0],[-79.790510282963567,-6.757770737348033,0.0],[-79.790236216198124,-6.757694991629697,0.0],[-79.790197065626018,-6.757684179667337,0.0],[-79.790070091699477,-6.757650631078528,0.0],[-79.790069385689236,-6.757648919093388,0.0],[-79.790030153166271,-6.757638084484374,0.0],[-79.789386636243506,-6.757851499208066,0.0]]]]}},
{"type":"Feature","properties":{"Layer":"TG_HAB_URB","Color":5,"ESTADO":"APROBADOS POR LA MPCH CON RESOLUCION","COD_HAB_UR":"0348","ID_COD_URB":"1401010348","TIPO_HAB_U":"H.U.","NOMB_HAB_U":"H.U. PUERTA DE CHICLAYO VI ETAPA"},"geometry":{"type":"MultiPolygon","coordinates":[[[[-79.790041961959005,-6.759566820102154,0.0],[-79.790734552826038,-6.761379672134325,0.0],[-79.79166206789381,-6.761254249329021,0.0],[-79.791699104268631,-6.761247929419566,0.0],[-79.791735614606509,-6.761239063637398,0.0],[-79.7933870715121,-6.760776984798701,0.0],[-79.793423436238442,-6.760768148955417,0.0],[-79.793460323549937,-6.760761838743433,0.0],[-79.793597944974323,-6.760743151499546,0.0],[-79.793110399884512,-6.760187776532607,0.0],[-79.793080540111333,-6.760156383802484,0.0],[-79.79304827056724,-6.760127472015111,0.0],[-79.792431530770656,-6.759617780839625,0.0],[-79.792365680216051,-6.75956335998428,0.0],[-79.792325474605207,-6.759526584831915,0.0],[-79.792289160190791,-6.759485965170651,0.0],[-79.79225710297095,-6.759441910390938,0.0],[-79.7922296260369,-6.759394864504324,0.0],[-79.792207006316715,-6.759345301668412,0.0],[-79.79218947178417,-6.759293721407988,0.0],[-79.79214479305152,-6.759136846596108,0.0],[-79.792043537595177,-6.75915752735953,0.0],[-79.790041961959005,-6.759566820102154,0.0]]]]}},
{"type":"Feature","properties":{"Layer":"TG_HAB_URB","Color":5,"ESTADO":"APROBADOS POR LA MPCH CON RESOLUCION","COD_HAB_UR":"0344","ID_COD_URB":"1401010344","TIPO_HAB_U":"H.U.","NOMB_HAB_U":"H.U. PUERTA DE CHICLAYO II ETAPA"},"geometry":{"type":"MultiPolygon","coordinates":[[[[-79.793597944972987,-6.76074315150047,0.0],[-79.794340756559549,-6.761589304173019,0.0],[-79.794370841018065,-6.761626801569363,0.0],[-79.794397488004833,-6.761666813180032,0.0],[-79.794420488434824,-6.761709025056317,0.0],[-79.794439661835369,-6.761753105985131,0.0],[-79.794477743117383,-6.761852477157566,0.0],[-79.794480965417307,-6.76186088558455,0.0],[-79.80005576952432,-6.761103857035171,0.0],[-79.799395372348371,-6.759955896876612,0.0],[-79.793597944972987,-6.76074315150047,0.0]]]]}},
{"type":"Feature","properties":{"Layer":"TG_HAB_URB","Color":5,"ESTADO":"APROBADOS POR LA MPCH CON RESOLUCION","COD_HAB_UR":"0350","ID_COD_URB":"1401010350","TIPO_HAB_U":"H.U.","NOMB_HAB_U":"H.U. PUERTA DE CHICLAYO VIII ETAPA"},"geometry":{"type":"MultiPolygon","coordinates":[[[[-79.791066912067919,-6.762249616350026,0.0],[-79.791504536284521,-6.763395085826835,0.0],[-79.794916656071592,-6.762997795891279,0.0],[-79.794480965417307,-6.76186088558455,0.0],[-79.794477743117383,-6.761852477157566,0.0],[-79.791066912067919,-6.762249616350026,0.0]]]]}},
{"type":"Feature","properties":{"Layer":"TG_HAB_URB","Color":5,"ESTADO":"APROBADOS POR LA MPCH CON RESOLUCION","COD_HAB_UR":"0046","ID_COD_URB":"1401010046","TIPO_HAB_U":"URB.","NOMB_HAB_U":"URB. SAN LUIS"},"geometry":{"type":"MultiPolygon","coordinates":[[[[-79.840312534642223,-6.764683562535024,0.0],[-79.840348664712096,-6.765107335642757,0.0],[-79.840368089434548,-6.765122631282825,0.0],[-79.84053908672621,-6.765096558819716,0.0],[-79.840563114744867,-6.765414062970971,0.0],[-79.840574430360306,-6.765413207252378,0.0],[-79.840578557984117,-6.765460442969452,0.0],[-79.840582304065947,-6.765503312394603,0.0],[-79.840587028289363,-6.765557375479951,0.0],[-79.840588990644179,-6.765579832282948,0.0],[-79.840591752512836,-6.7656114385653,0.0],[-79.84059402981589,-6.765637499573983,0.0],[-79.840598990250569,-6.765694265813678,0.0],[-79.840604186896471,-6.765753735207647,0.0],[-79.840605925183411,-6.765773627821488,0.0],[-79.840609422910944,-6.765813655127306,0.0],[-79.840613798889422,-6.765863732963871,0.0],[-79.84061773574247,-6.765908785535072,0.0],[-79.840621672595532,-6.7659538381063,0.0],[-79.840629546301727,-6.766043943248804,0.0],[-79.840637420008022,-6.766134048391303,0.0],[-79.840641201189143,-6.766177319482355,0.0],[-79.840649702990021,-6.766274612413713,0.0],[-79.840666500561795,-6.766466840506965,0.0],[-79.843144970836377,-6.766232767548968,0.0],[-79.84310228747178,-6.765703098410907,0.0],[-79.843240414520324,-6.765663014660822,0.0],[-79.843277114279559,-6.765628096295337,0.0],[-79.84336299050041,-6.765615090810321,0.0],[-79.843453315087629,-6.765592431501806,0.0],[-79.843470489158832,-6.765588123120332,0.0],[-79.843532792032818,-6.765570425074505,0.0],[-79.843568832476919,-6.765560187252927,0.0],[-79.843612325352453,-6.765548923855007,0.0],[-79.843656416268828,-6.76553750557709,0.0],[-79.843697469738885,-6.765528312340405,0.0],[-79.843738964643094,-6.765519020247952,0.0],[-79.84377997496648,-6.765507782172732,0.0],[-79.843812259687454,-6.765498935174935,0.0],[-79.8438526282971,-6.765488815579161,0.0],[-79.843886853855921,-6.76548023591925,0.0],[-79.843930877795785,-6.765466675426384,0.0],[-79.843952873578417,-6.765459900164162,0.0],[-79.844014574731716,-6.765446352742809,0.0],[-79.84407547395125,-6.765434857153848,0.0],[-79.844090881390301,-6.76543206936254,0.0],[-79.844130226483415,-6.765424950337736,0.0],[-79.844171192491473,-6.76541753802403,0.0],[-79.844187649869497,-6.765414560255448,0.0],[-79.844875490755598,-6.765290103006346,0.0],[-79.845145417176383,-6.765204678468652,0.0],[-79.845141532029672,-6.765174013032971,0.0],[-79.845159136368622,-6.765163083187254,0.0],[-79.845230334279677,-6.765118879175659,0.0],[-79.845265933230763,-6.765096777165101,0.0],[-79.845301532178866,-6.765074675151385,0.0],[-79.845372730066217,-6.765030471114376,0.0],[-79.845388542781308,-6.765020653603437,0.0],[-79.84541856675375,-6.765010450346849,0.0],[-79.845448518514686,-6.765000271627982,0.0],[-79.845475388927184,-6.764991140063505,0.0],[-79.845516959420436,-6.764977012861691,0.0],[-79.845535269231249,-6.764974469540511,0.0],[-79.845565427208783,-6.764970280450139,0.0],[-79.845626331422068,-6.76496182055142,0.0],[-79.845659098307934,-6.76495726906433,0.0],[-79.845717393610968,-6.764949171544433,0.0],[-79.845754168558798,-6.764944063309694,0.0],[-79.845806066596978,-6.764929233748859,0.0],[-79.845904401864161,-6.764901135002956,0.0],[-79.84602504003692,-6.764897722558063,0.0],[-79.846042236002859,-6.764903673229044,0.0],[-79.846115332040299,-6.764767909172432,0.0],[-79.846053029222347,-6.764557910505438,0.0],[-79.846049031522199,-6.764484441940869,0.0],[-79.846025087186192,-6.764446336847975,0.0],[-79.846021161473146,-6.764409767042823,0.0],[-79.846011668928114,-6.764321339657042,0.0],[-79.845987149539084,-6.764243245449332,0.0],[-79.845953925441577,-6.764168436174419,0.0],[-79.845939304275788,-6.764125178570445,0.0],[-79.845930179378485,-6.764098182006525,0.0],[-79.845921054481977,-6.764071185442577,0.0],[-79.845910307607667,-6.764010630232351,0.0],[-79.845889888117981,-6.763937921807432,0.0],[-79.845880622100651,-6.763913028941363,0.0],[-79.845867802579704,-6.763878589695498,0.0],[-79.845860633387659,-6.763861291709293,0.0],[-79.845853464196026,-6.763843993723058,0.0],[-79.845836763234672,-6.763803697265307,0.0],[-79.845829620881915,-6.763786464033204,0.0],[-79.845818803878572,-6.763760364518099,0.0],[-79.845798943343098,-6.763706956553697,0.0],[-79.845795446011877,-6.763623823102018,0.0],[-79.845778512397445,-6.763543483687575,0.0],[-79.845761776443709,-6.763464082033693,0.0],[-79.845811720644619,-6.763430086855213,0.0],[-79.845713244115245,-6.763306334856225,0.0],[-79.845484722747941,-6.763384884459041,0.0],[-79.845403509572165,-6.763422140609825,0.0],[-79.845312388533245,-6.763457318619755,0.0],[-79.845236378023884,-6.763486663070253,0.0],[-79.845160367108932,-6.763516007660984,0.0],[-79.845084355758956,-6.763545352403318,0.0],[-79.845008343941515,-6.763574697309762,0.0],[-79.844947751951779,-6.763598089269565,0.0],[-79.844932331620839,-6.763604042394112,0.0],[-79.844856318757309,-6.763633387671705,0.0],[-79.84478033855747,-6.763662720322936,0.0],[-79.844704339595992,-6.763692060200865,0.0],[-79.844675176167755,-6.763703318921749,0.0],[-79.844670547715154,-6.763689589773717,0.0],[-79.844623608616899,-6.763706996066507,0.0],[-79.844547263415222,-6.763735306928237,0.0],[-79.844498430283494,-6.763753415563261,0.0],[-79.844443180129176,-6.76377390379441,0.0],[-79.844343506411377,-6.763810865446562,0.0],[-79.844252587091489,-6.763844580712258,0.0],[-79.84425970819251,-6.76393316510256,0.0],[-79.844209174049269,-6.763942549015959,0.0],[-79.84417611015509,-6.763948688796731,0.0],[-79.844121067020538,-6.763969386716235,0.0],[-79.844066023882235,-6.763990084628751,0.0],[-79.844010980740123,-6.764010782534189,0.0],[-79.843955937594259,-6.76403148043255,0.0],[-79.843900894444602,-6.764052178323921,0.0],[-79.843845851291178,-6.76407287620825,0.0],[-79.84379080813396,-6.764093574085536,0.0],[-79.843744459145128,-6.764111002688283,0.0],[-79.843714890674931,-6.764122121312217,0.0],[-79.843682896723593,-6.763999570735172,0.0],[-79.843660907241272,-6.763915341547112,0.0],[-79.843639507575972,-6.763833371592883,0.0],[-79.843618717734628,-6.763754635983581,0.0],[-79.843595797461631,-6.763676529432945,0.0],[-79.843570098988167,-6.763588955448842,0.0],[-79.843560829548352,-6.763557367505585,0.0],[-79.843552070086233,-6.763527517436563,0.0],[-79.843543310624909,-6.763497667367533,0.0],[-79.843528118812657,-6.763445897437382,0.0],[-79.843515108537204,-6.763401561637437,0.0],[-79.843504691459231,-6.763366062808566,0.0],[-79.843493511953099,-6.763327965808654,0.0],[-79.843478802222407,-6.76327783866731,0.0],[-79.843284413785526,-6.763333266366212,0.0],[-79.843248070345197,-6.763212754585649,0.0],[-79.84320126450109,-6.763230384132195,0.0],[-79.842295774404207,-6.763164064774038,0.0],[-79.841419590861577,-6.763240111422653,0.0],[-79.841426553214035,-6.763319143399992,0.0],[-79.840781057472682,-6.763427298986742,0.0],[-79.840769213975165,-6.763193411262432,0.0],[-79.840452595912168,-6.763212518515159,0.0],[-79.84046760118197,-6.763333534892188,0.0],[-79.840478898778869,-6.763423627003356,0.0],[-79.84049011436251,-6.763513569419727,0.0],[-79.84050134057027,-6.763603597024727,0.0],[-79.840513267626918,-6.763699245014998,0.0],[-79.840516106920703,-6.763815113201179,0.0],[-79.840523561170087,-6.76392120139574,0.0],[-79.840529000260858,-6.76399861004362,0.0],[-79.840534420333469,-6.764075748031813,0.0],[-79.840540125672675,-6.764156945914217,0.0],[-79.840545831011482,-6.764238143796584,0.0],[-79.840551536349892,-6.764319341678943,0.0],[-79.840557241687932,-6.764400539561261,0.0],[-79.840326954544821,-6.764414045103987,0.0],[-79.840329114407723,-6.764512995466525,0.0],[-79.840329026556773,-6.764664007510771,0.0],[-79.840312534642223,-6.764683562535024,0.0]]]]}},
{"type":"Feature","properties":{"Layer":"TG_HAB_URB","Color":5,"ESTADO":"APROBADOS POR LA MPCH CON RESOLUCION","COD_HAB_UR":"0128","ID_COD_URB":"1401010128","TIPO_HAB_U":"URB.","NOMB_HAB_U":"URB. JOSÉ LEONARDO ORTIZ"},"geometry":{"type":"MultiPolygon","coordinates":[[[[-79.836735470317791,-6.76505389327988,0.0],[-79.836814438908505,-6.765978532767512,0.0],[-79.837200848345375,-6.765941018348546,0.0],[-79.837215052935207,-6.76609671323662,0.0],[-79.837423484226377,-6.766072972542911,0.0],[-79.837447596110422,-6.766274825793126,0.0],[-79.837452969881582,-6.766333821271672,0.0],[-79.837458384673994,-6.7663932670974,0.0],[-79.837463717424185,-6.766451812228874,0.0],[-79.83746900915331,-6.766509907013212,0.0],[-79.8374795926118,-6.766626096581843,0.0],[-79.837482135923594,-6.766654018106109,0.0],[-79.837492390074232,-6.766766592392891,0.0],[-79.837873312094359,-6.766730620582014,0.0],[-79.838001098453574,-6.76792199345805,0.0],[-79.84049872650121,-6.767846891767601,0.0],[-79.840432736173526,-6.766488917128687,0.0],[-79.840666500561795,-6.766466840506965,0.0],[-79.840649702990021,-6.766274612413713,0.0],[-79.840641201189143,-6.766177319482355,0.0],[-79.840637420008022,-6.766134048391303,0.0],[-79.840629546301727,-6.766043943248804,0.0],[-79.840621672595532,-6.7659538381063,0.0],[-79.84061773574247,-6.765908785535072,0.0],[-79.840613798889422,-6.765863732963871,0.0],[-79.840609422910944,-6.765813655127306,0.0],[-79.840605925183411,-6.765773627821488,0.0],[-79.840604186896471,-6.765753735207647,0.0],[-79.840598990250569,-6.765694265813678,0.0],[-79.84059402981589,-6.765637499573983,0.0],[-79.840591752512836,-6.7656114385653,0.0],[-79.840588990644179,-6.765579832282948,0.0],[-79.840587028289363,-6.765557375479951,0.0],[-79.840582304065947,-6.765503312394603,0.0],[-79.840578557984117,-6.765460442969452,0.0],[-79.840574430360306,-6.765413207252378,0.0],[-79.840563114744867,-6.765414062970971,0.0],[-79.84053908672621,-6.765096558819716,0.0],[-79.840368089434548,-6.765122631282825,0.0],[-79.840348664712096,-6.765107335642757,0.0],[-79.840312534642223,-6.764683562535024,0.0],[-79.840329026556773,-6.764664007510771,0.0],[-79.840329114407723,-6.764512995466525,0.0],[-79.840326954544821,-6.764414045103987,0.0],[-79.840557241687932,-6.764400539561261,0.0],[-79.840551536349892,-6.764319341678943,0.0],[-79.840545831011482,-6.764238143796584,0.0],[-79.840540125672675,-6.764156945914217,0.0],[-79.840534420333469,-6.764075748031813,0.0],[-79.840529000260858,-6.76399861004362,0.0],[-79.840523561170087,-6.76392120139574,0.0],[-79.840516106920703,-6.763815113201179,0.0],[-79.840513267626918,-6.763699245014998,0.0],[-79.84050134057027,-6.763603597024727,0.0],[-79.84049011436251,-6.763513569419727,0.0],[-79.840478898778869,-6.763423627003356,0.0],[-79.84046760118197,-6.763333534892188,0.0],[-79.840452595912168,-6.763212518515159,0.0],[-79.835899982317684,-6.763487236250238,0.0],[-79.835912841353846,-6.76357752628243,0.0],[-79.835945268600412,-6.76360308736313,0.0],[-79.835982035154586,-6.763643075079985,0.0],[-79.836025159442769,-6.763685994849631,0.0],[-79.836057058746391,-6.763736724194741,0.0],[-79.836083145110862,-6.76376909648374,0.0],[-79.83610926207308,-6.763817725426803,0.0],[-79.836139111857293,-6.76387331415229,0.0],[-79.836175021816771,-6.764040427760434,0.0],[-79.836284672554626,-6.764154520266711,0.0],[-79.836295570515389,-6.76423875479603,0.0],[-79.836307656867717,-6.764332174848935,0.0],[-79.836283685423439,-6.764333888055142,0.0],[-79.836288238812088,-6.764381424011557,0.0],[-79.836382538067554,-6.764413833883538,0.0],[-79.836432277228283,-6.764415310597411,0.0],[-79.83657426894608,-6.764398791761083,0.0],[-79.836699332876364,-6.76441939208757,0.0],[-79.836807869567551,-6.764422067000607,0.0],[-79.836916406264052,-6.764424741889663,0.0],[-79.837025277470431,-6.76441901083728,0.0],[-79.83702881615757,-6.764451468216631,0.0],[-79.837025177440978,-6.764451751438263,0.0],[-79.837033502967529,-6.764617050983468,0.0],[-79.837052125335475,-6.764986789915505,0.0],[-79.836735470317791,-6.76505389327988,0.0]]]]}},
{"type":"Feature","properties":{"Layer":"TG_HAB_URB","Color":5,"ESTADO":"APROBADOS POR LA MPCH CON RESOLUCION","COD_HAB_UR":"0392","ID_COD_URB":"1401010392","TIPO_HAB_U":"H.U.","NOMB_HAB_U":"H.U. COFRADÍA"},"geometry":{"type":"MultiPolygon","coordinates":[[[[-79.799560159870609,-6.759797132038089,0.0],[-79.799926314548287,-6.760417046857249,0.0],[-79.800292470067589,-6.761036961550883,0.0],[-79.801169546113996,-6.762521877073993,0.0],[-79.801606537570095,-6.760387161981526,0.0],[-79.801761802135886,-6.759628683698238,0.0],[-79.801900427164853,-6.758951487760744,0.0],[-79.801338335389119,-6.758917390547477,0.0],[-79.800716112400693,-6.758879644942772,0.0],[-79.799760763200155,-6.75882168952488,0.0],[-79.798955146345534,-6.758772816035555,0.0],[-79.799560159870609,-6.759797132038089,0.0]]]]}},
{"type":"Feature","properties":{"Layer":"TG_HAB_URB","Color":5,"ESTADO":"APROBADOS POR LA MPCH CON RESOLUCION","COD_HAB_UR":"0343","ID_COD_URB":"1401010343","TIPO_HAB_U":"H.U.","NOMB_HAB_U":"H.U. PUERTA DE CHICLAYO I ETAPA"},"geometry":{"type":"MultiPolygon","coordinates":[[[[-79.794480965417307,-6.76186088558455,0.0],[-79.794916656071592,-6.762997795891279,0.0],[-79.795083692548999,-6.762978346366227,0.0],[-79.800664514723763,-6.762162026548546,0.0],[-79.80005576952432,-6.761103857035171,0.0],[-79.794480965417307,-6.76186088558455,0.0]]]]}},
{"type":"Feature","properties":{"Layer":"TG_HAB_URB","Color":5,"ESTADO":"APROBADOS POR LA MPCH CON RESOLUCION","COD_HAB_UR":"0401","ID_COD_URB":"1401010401","TIPO_HAB_U":"H.U.","NOMB_HAB_U":"H.U. PROGRESIVA SANTA LUCÍA"},"geometry":{"type":"MultiPolygon","coordinates":[[[[-79.861427545941538,-6.790751605507672,0.0],[-79.861424858966927,-6.791075465505711,0.0],[-79.861422741355682,-6.791163622016042,0.0],[-79.861418806486611,-6.791537548823223,0.0],[-79.861414364831731,-6.791645298979088,0.0],[-79.861416412283091,-6.791696148104536,0.0],[-79.861103011383989,-6.791701027301862,0.0],[-79.861119206626796,-6.791820634550991,0.0],[-79.861157923127251,-6.792106574983798,0.0],[-79.861165565663597,-6.792162617966605,0.0],[-79.861557116678938,-6.792111693414964,0.0],[-79.861621724264026,-6.792113472159342,0.0],[-79.861661861652848,-6.792114470684727,0.0],[-79.861736476452236,-6.792111933856713,0.0],[-79.861808850459141,-6.792110746842891,0.0],[-79.861879142743561,-6.792106300284707,0.0],[-79.861968322736573,-6.79209692471293,0.0],[-79.862046455775129,-6.792089693869075,0.0],[-79.862070559222843,-6.7920876702806,0.0],[-79.862093020735969,-6.792085824048024,0.0],[-79.862116900678856,-6.79208389004868,0.0],[-79.862195179799571,-6.792077925534842,0.0],[-79.862273825751572,-6.792074493368273,0.0],[-79.862332244872377,-6.792074449632696,0.0],[-79.862397838111107,-6.792069449271829,0.0],[-79.862473965107483,-6.792058686181679,0.0],[-79.8625243590633,-6.792056266164578,0.0],[-79.862583907585773,-6.792059514293983,0.0],[-79.862649432794683,-6.792065275429426,0.0],[-79.862669514795527,-6.792069100289698,0.0],[-79.862703109814717,-6.792075685640175,0.0],[-79.862704980235833,-6.792019501373396,0.0],[-79.862704962561367,-6.791920712167913,0.0],[-79.862705992537073,-6.791832432122376,0.0],[-79.862706695126221,-6.791718143495766,0.0],[-79.862706419626321,-6.791654418796244,0.0],[-79.862706700358743,-6.79158809098467,0.0],[-79.86269875886714,-6.791504821905495,0.0],[-79.862685262029402,-6.791385085064261,0.0],[-79.862675496040879,-6.79128545201401,0.0],[-79.862665309088442,-6.791211368623451,0.0],[-79.862592440527081,-6.79061695118156,0.0],[-79.862504378050971,-6.790628916285503,0.0],[-79.862501724877561,-6.790629181357054,0.0],[-79.862419298721591,-6.790637416329233,0.0],[-79.862334219391684,-6.790645916357541,0.0],[-79.862332189605368,-6.790646119147405,0.0],[-79.862249140061252,-6.790654416370395,0.0],[-79.862201720172749,-6.790659153938122,0.0],[-79.862141011815837,-6.790665219106739,0.0],[-79.862116749138821,-6.790673930537318,0.0],[-79.861879651381003,-6.790701054842823,0.0],[-79.861714834551691,-6.790647914234166,0.0],[-79.861729257880242,-6.790716532904887,0.0],[-79.861594295437399,-6.790730422806068,0.0],[-79.861534142620968,-6.790736613528172,0.0],[-79.861427545941538,-6.790751605507672,0.0]]]]}},
{"type":"Feature","properties":{"Layer":"TG_HAB_URB","Color":5,"ESTADO":"APROBADOS POR LA MPCH CON RESOLUCION","COD_HAB_UR":"0376","ID_COD_URB":"1401010376","TIPO_HAB_U":"H.U.","NOMB_HAB_U":"H.U. SECTOR 33"},"geometry":{"type":"MultiPolygon","coordinates":[[[[-79.799813264478402,-6.774191915273001,0.0],[-79.799661859890477,-6.77700735089941,0.0],[-79.803217088980688,-6.777016125018641,0.0],[-79.803106478842565,-6.776017615236011,0.0],[-79.803085286379357,-6.775637987740756,0.0],[-79.80311972396531,-6.775393007760594,0.0],[-79.803155037385778,-6.775309448436835,0.0],[-79.803205604196009,-6.775246411614827,0.0],[-79.803467073961215,-6.775139345694132,0.0],[-79.803496098185605,-6.775098052096304,0.0],[-79.803536356284098,-6.77437602084343,0.0],[-79.799813330988641,-6.774191918562193,0.0],[-79.799813264478402,-6.774191915273001,0.0]]]]}},
{"type":"Feature","properties":{"Layer":"TG_HAB_URB","Color":5,"ESTADO":"APROBADOS POR LA MPCH CON RESOLUCION","COD_HAB_UR":"0341","ID_COD_URB":"1401010341","TIPO_HAB_U":"H.U.","NOMB_HAB_U":"H.U. VILLA POSADA DEL SOL DE CHICLAYO - II ETAPA"},"geometry":{"type":"MultiPolygon","coordinates":[[[[-79.791103317123785,-6.74238273971133,0.0],[-79.792095020574706,-6.742995275710415,0.0],[-79.793219570756705,-6.743682500098056,0.0],[-79.79330505064344,-6.743164454247462,0.0],[-79.792349868881786,-6.742580732786046,0.0],[-79.792075279035799,-6.742411129946433,0.0],[-79.792068090145051,-6.742407399761966,0.0],[-79.792060426063557,-6.742404780462286,0.0],[-79.792052457431453,-6.742403330365899,0.0],[-79.792044361669667,-6.742403081759047,0.0],[-79.792036319029634,-6.742404040176944,0.0],[-79.792028508580074,-6.742406184280491,0.0],[-79.791798693262848,-6.742487936881923,0.0],[-79.791794420634631,-6.742489896809448,0.0],[-79.791790547069922,-6.742492559536107,0.0],[-79.791787187113556,-6.742495846322666,0.0],[-79.791784440122441,-6.742499659975875,0.0],[-79.791782387327643,-6.742503887722572,0.0],[-79.791781089432149,-6.742508404544458,0.0],[-79.791780584815939,-6.742513076875,0.0],[-79.791780888401007,-6.742517766549183,0.0],[-79.791781991210058,-6.742522334889062,0.0],[-79.79178386063208,-6.742526646804691,0.0],[-79.791786441386563,-6.742530574788813,0.0],[-79.79178965715829,-6.742534002687345,0.0],[-79.791793412853963,-6.742536829134219,0.0],[-79.791669959959435,-6.742460577197553,0.0],[-79.791476545781663,-6.742341112860598,0.0],[-79.791470527027585,-6.742336667994052,0.0],[-79.791465323633787,-6.742331292013772,0.0],[-79.791461077994498,-6.742325132037023,0.0],[-79.79145790629444,-6.742318356635615,0.0],[-79.791455895329165,-6.74231115122288,0.0],[-79.791455100130051,-6.742303712979651,0.0],[-79.791455542458138,-6.742296245458327,0.0],[-79.791079976523534,-6.742064273954281,0.0],[-79.791103317123785,-6.74238273971133,0.0]]]]}},
{"type":"Feature","properties":{"Layer":"TG_HAB_URB","Color":5,"ESTADO":"APROBADOS POR LA MPCH CON RESOLUCION","COD_HAB_UR":"0363","ID_COD_URB":"1401010363","TIPO_HAB_U":"H.U.","NOMB_HAB_U":"H.U. VILLA MARCELO"},"geometry":{"type":"MultiPolygon","coordinates":[[[[-79.860103790924214,-6.789930144312612,0.0],[-79.859901683466049,-6.790760607967495,0.0],[-79.859880724121595,-6.790846730111264,0.0],[-79.859795428608706,-6.791197209733728,0.0],[-79.859783836170848,-6.791228303919626,0.0],[-79.860067367126675,-6.791277416261063,0.0],[-79.861416581513396,-6.791591524491719,0.0],[-79.861418806486611,-6.791537548823223,0.0],[-79.861422741355682,-6.791163622016042,0.0],[-79.861424858966927,-6.791075465505711,0.0],[-79.861427545941538,-6.790751605507672,0.0],[-79.861534142620968,-6.790736613528172,0.0],[-79.861594295437399,-6.790730422806068,0.0],[-79.861578720362445,-6.790676187362571,0.0],[-79.861245061592953,-6.790507417940893,0.0],[-79.861133172360113,-6.790450822679345,0.0],[-79.860833814674436,-6.790299402867496,0.0],[-79.860720267297054,-6.790241968755156,0.0],[-79.860420909901322,-6.790090548730056,0.0],[-79.860323509114366,-6.790041281711273,0.0],[-79.860103790924214,-6.789930144312612,0.0]]]]}},
{"type":"Feature","properties":{"Layer":"TG_HAB_URB","Color":5,"ESTADO":"APROBADOS POR LA MPCH CON RESOLUCION","COD_HAB_UR":"0237","ID_COD_URB":"1401010237","TIPO_HAB_U":"H.U.","NOMB_HAB_U":"H.U. PROGRESIVA LOS ÁLAMOS"},"geometry":{"type":"MultiPolygon","coordinates":[[[[-79.8613579442126,-6.788987691265095,0.0],[-79.861428625173673,-6.789305527119294,0.0],[-79.86144834586004,-6.789407899657951,0.0],[-79.861519026897966,-6.789725735513714,0.0],[-79.861539181718967,-6.789812254604946,0.0],[-79.861604961108043,-6.790125198844294,0.0],[-79.861615474113734,-6.790175213169404,0.0],[-79.861714834551691,-6.790647914234166,0.0],[-79.861879651381003,-6.790701054842823,0.0],[-79.862116749138821,-6.790673930537318,0.0],[-79.862141011815837,-6.790665219106739,0.0],[-79.862140888220694,-6.790550967771678,0.0],[-79.862138701890885,-6.790460011359609,0.0],[-79.862138223150581,-6.789795653757724,0.0],[-79.862137006778184,-6.789707028219163,0.0],[-79.862132587313269,-6.789385025045032,0.0],[-79.862137144009679,-6.789307190602409,0.0],[-79.862137135161461,-6.78929632045678,0.0],[-79.862137079321911,-6.789227722007687,0.0],[-79.862137014714961,-6.789148355332263,0.0],[-79.86213688541163,-6.788989520061115,0.0],[-79.862136604000852,-6.788643873601786,0.0],[-79.862136664402712,-6.788618157651148,0.0],[-79.861775087109137,-6.788576387520444,0.0],[-79.861264698966536,-6.788558414452586,0.0],[-79.861340040070445,-6.788897206254124,0.0],[-79.8613579442126,-6.788987691265095,0.0]]]]}},
{"type":"Feature","properties":{"Layer":"TG_HAB_URB","Color":5,"ESTADO":"APROBADOS POR LA MPCH CON RESOLUCION","COD_HAB_UR":"0234","ID_COD_URB":"1401010234","TIPO_HAB_U":"H.U.","NOMB_HAB_U":"H.U. JERICO"},"geometry":{"type":"MultiPolygon","coordinates":[[[[-79.854999916027225,-6.787632835368713,0.0],[-79.855006299581476,-6.788109154246393,0.0],[-79.855575941438204,-6.788088343405864,0.0],[-79.855901659704216,-6.788090736236549,0.0],[-79.856046408641546,-6.788087633867156,0.0],[-79.856133207946698,-6.788106925298956,0.0],[-79.857198408574419,-6.788083727446067,0.0],[-79.857285825286908,-6.788081823580343,0.0],[-79.857585698498653,-6.788075521027462,0.0],[-79.858405947141549,-6.78805828058871,0.0],[-79.858406137550716,-6.787820144317688,0.0],[-79.858390593888174,-6.787643452994399,0.0],[-79.858389480341287,-6.787617950401194,0.0],[-79.857718699437029,-6.787620950619893,0.0],[-79.857628584594352,-6.787618807536875,0.0],[-79.857268100696444,-6.787614813680014,0.0],[-79.857180295286284,-6.787617764314752,0.0],[-79.856648652684726,-6.787613128763337,0.0],[-79.856562495506012,-6.78761247055376,0.0],[-79.856200109000127,-6.787609645787103,0.0],[-79.856111661110575,-6.78761038661832,0.0],[-79.855909306369341,-6.787608995686903,0.0],[-79.855807133103994,-6.78761274273489,0.0],[-79.855717022269999,-6.78760857259251,0.0],[-79.855400512381109,-6.787620179924328,0.0],[-79.855307741534943,-6.787621546868361,0.0],[-79.854999916027225,-6.787632835368713,0.0]]]]}},
{"type":"Feature","properties":{"Layer":"TG_HAB_URB","Color":5,"ESTADO":"APROBADOS POR LA MPCH CON RESOLUCION","COD_HAB_UR":"0260","ID_COD_URB":"1401010260","TIPO_HAB_U":"URB.","NOMB_HAB_U":"URB. MONTERRICO III"},"geometry":{"type":"MultiPolygon","coordinates":[[[[-79.855111917411122,-6.786586190871176,0.0],[-79.855103702577679,-6.78665177850811,0.0],[-79.85507149678061,-6.786946384837926,0.0],[-79.855077197805173,-6.787036974937558,0.0],[-79.855977738179561,-6.78704501414126,0.0],[-79.855968064706417,-6.787124738396096,0.0],[-79.855956260342225,-6.787222024290354,0.0],[-79.855946880995646,-6.787299622928043,0.0],[-79.855944521858589,-6.787318767162107,0.0],[-79.855938888216073,-6.787365603752932,0.0],[-79.855932783367066,-6.787415510032449,0.0],[-79.855931336414102,-6.787427944255699,0.0],[-79.855923839731517,-6.787489829717779,0.0],[-79.855921044867657,-6.787512252901326,0.0],[-79.855916343045706,-6.787551715179316,0.0],[-79.855909306369341,-6.787608995686903,0.0],[-79.856111661110575,-6.78761038661832,0.0],[-79.856200109000127,-6.787609645787103,0.0],[-79.856562495506012,-6.78761247055376,0.0],[-79.856648652684726,-6.787613128763337,0.0],[-79.857180295286284,-6.787617764314752,0.0],[-79.857268100696444,-6.787614813680014,0.0],[-79.857628584594352,-6.787618807536875,0.0],[-79.857718699437029,-6.787620950619893,0.0],[-79.858389480341287,-6.787617950401194,0.0],[-79.858390593888174,-6.787643452994399,0.0],[-79.85845813324066,-6.787634634371872,0.0],[-79.858525672592236,-6.787625815739537,0.0],[-79.858726426999482,-6.787626143787454,0.0],[-79.858943391823587,-6.787617147458276,0.0],[-79.858935947666239,-6.787436226824844,0.0],[-79.85892777824823,-6.787345094011927,0.0],[-79.858915833632054,-6.78687997917432,0.0],[-79.859061629000095,-6.786874889077026,0.0],[-79.859037568772465,-6.786332196439183,0.0],[-79.857127541135782,-6.78639552698374,0.0],[-79.857046013885991,-6.786394695123684,0.0],[-79.85698260380461,-6.78639404811196,0.0],[-79.856946369473079,-6.786393678387267,0.0],[-79.856919193724792,-6.786393401091988,0.0],[-79.856855783646509,-6.786392754063733,0.0],[-79.856765197823123,-6.786391829723335,0.0],[-79.856676644117073,-6.786393126447699,0.0],[-79.856595109240956,-6.786392102553146,0.0],[-79.856531693228021,-6.786391306181274,0.0],[-79.856495426541301,-6.786390115487565,0.0],[-79.856468226526701,-6.786389222465533,0.0],[-79.856404759827313,-6.786387138741595,0.0],[-79.856314093117263,-6.786384161978854,0.0],[-79.856230302637485,-6.7863829976659,0.0],[-79.856126190402847,-6.786383497460085,0.0],[-79.856049411099775,-6.786388265990363,0.0],[-79.855972772749297,-6.786396614255828,0.0],[-79.85586908556823,-6.786407908947952,0.0],[-79.855780369584295,-6.786419797566626,0.0],[-79.855668460130786,-6.786432162517698,0.0],[-79.855600055079464,-6.786439720624736,0.0],[-79.855564485004976,-6.786443650775388,0.0],[-79.855419141584264,-6.786444430753145,0.0],[-79.855332386866493,-6.786447165587889,0.0],[-79.855139899766641,-6.786449691565531,0.0],[-79.855128995977935,-6.786449834651928,0.0],[-79.855120132240884,-6.786520603233553,0.0],[-79.855111917411122,-6.786586190871176,0.0]]]]}},
{"type":"Feature","properties":{"Layer":"TG_HAB_URB","Color":5,"ESTADO":"APROBADOS POR LA MPCH CON RESOLUCION","COD_HAB_UR":"0255","ID_COD_URB":"1401010255","TIPO_HAB_U":"H.U.","NOMB_HAB_U":"H.U. RESIDENCIAL LA PURÍSIMA"},"geometry":{"type":"MultiPolygon","coordinates":[[[[-79.86332822230797,-6.787355820917591,0.0],[-79.863580189062915,-6.788538301118634,0.0],[-79.864913370784279,-6.788253621232534,0.0],[-79.864656531275514,-6.787074611757941,0.0],[-79.86332822230797,-6.787355820917591,0.0]]]]}},
{"type":"Feature","properties":{"Layer":"TG_HAB_URB","Color":5,"ESTADO":"APROBADOS POR LA MPCH CON RESOLUCION","COD_HAB_UR":"0156","ID_COD_URB":"1401010156","TIPO_HAB_U":"URB.","NOMB_HAB_U":"URB. LA PURÍSIMA"},"geometry":{"type":"MultiPolygon","coordinates":[[[[-79.863143951365601,-6.789185189344313,0.0],[-79.86315205976328,-6.789831080930853,0.0],[-79.863140736517963,-6.789912089153568,0.0],[-79.863151346042827,-6.790080965784587,0.0],[-79.863157237622744,-6.790243539362481,0.0],[-79.863183728028943,-6.79033700574029,0.0],[-79.863191682375174,-6.790450725196852,0.0],[-79.863317979389606,-6.790430625534417,0.0],[-79.863543519848491,-6.790411764219174,0.0],[-79.863843967957123,-6.790427260875131,0.0],[-79.864071809350563,-6.790437000453334,0.0],[-79.864082701541491,-6.790567291469506,0.0],[-79.864098908431572,-6.790703088974773,0.0],[-79.864092807890529,-6.790776524374316,0.0],[-79.864090349901559,-6.79084425864093,0.0],[-79.86411697722545,-6.791180362154127,0.0],[-79.864134205263952,-6.791318251287276,0.0],[-79.864134741575484,-6.791355770238225,0.0],[-79.864133615027072,-6.791467280447086,0.0],[-79.864144879221854,-6.791774810905889,0.0],[-79.864145397893168,-6.791788971470562,0.0],[-79.864269028943795,-6.791795084502002,0.0],[-79.864851118494997,-6.791781478170304,0.0],[-79.864916954906988,-6.792121107336605,0.0],[-79.86531034210492,-6.791471533608708,0.0],[-79.867811852217201,-6.787340902507814,0.0],[-79.867453921150741,-6.787337985096657,0.0],[-79.867197231915043,-6.787277331630148,0.0],[-79.867004328262411,-6.787159251402203,0.0],[-79.866851773969685,-6.787109071041446,0.0],[-79.86676291059797,-6.787092959285645,0.0],[-79.866566615069658,-6.787086280765175,0.0],[-79.86642590686462,-6.787053424931771,0.0],[-79.866333663180527,-6.787028184868402,0.0],[-79.86620961419824,-6.787018720205071,0.0],[-79.866039057733559,-6.786947709111732,0.0],[-79.865878330673354,-6.786892055207847,0.0],[-79.865686359424146,-6.786863505680157,0.0],[-79.865505804540376,-6.78684412421697,0.0],[-79.865223706078297,-6.786806338272447,0.0],[-79.865120824926123,-6.786801945964088,0.0],[-79.865144635648576,-6.78690319504443,0.0],[-79.865152830497678,-6.786941472490104,0.0],[-79.864656531275514,-6.787074611757941,0.0],[-79.865152830497678,-6.786941472490104,0.0],[-79.865144635648576,-6.78690319504443,0.0],[-79.865120824926123,-6.786801945964088,0.0],[-79.864961431768947,-6.786789512086232,0.0],[-79.864802145212181,-6.786785589197474,0.0],[-79.8645692664509,-6.786769413303404,0.0],[-79.864409472810394,-6.786761944714064,0.0],[-79.864250714114064,-6.786758695127424,0.0],[-79.864162865025833,-6.786761148992152,0.0],[-79.864008422011779,-6.786773051253872,0.0],[-79.863853587127352,-6.786783281701376,0.0],[-79.863764718549007,-6.78678574348164,0.0],[-79.863497943804305,-6.786756551437744,0.0],[-79.863404314277759,-6.786752181752862,0.0],[-79.863323749115693,-6.786744005197164,0.0],[-79.863256854452771,-6.786741164616479,0.0],[-79.86319083672997,-6.78675432081851,0.0],[-79.863124755230359,-6.7867656426288,0.0],[-79.863060956699002,-6.786787113154423,0.0],[-79.862994952824835,-6.786798880547954,0.0],[-79.862837895471927,-6.786801077264628,0.0],[-79.862748139399883,-6.786795111850292,0.0],[-79.862583238625078,-6.786798908836444,0.0],[-79.862415443274216,-6.786802772414974,0.0],[-79.862321775468146,-6.786789699124396,0.0],[-79.862162187275331,-6.786764493429724,0.0],[-79.862004072945993,-6.786761545043549,0.0],[-79.861520154158612,-6.786808205285186,0.0],[-79.861274373023377,-6.786846952691092,0.0],[-79.861303515395861,-6.786945385147802,0.0],[-79.861322930578027,-6.787006007110126,0.0],[-79.861341854482674,-6.787066731690415,0.0],[-79.861350739905575,-6.787129553094089,0.0],[-79.86135962532947,-6.787192374497823,0.0],[-79.861368510754318,-6.787255195901621,0.0],[-79.861377396180146,-6.787318017305481,0.0],[-79.861386281606926,-6.787380838709405,0.0],[-79.861395167034686,-6.787443660113389,0.0],[-79.861404052463442,-6.787506481517438,0.0],[-79.861412937893135,-6.787569302921547,0.0],[-79.861441254042873,-6.787720461925492,0.0],[-79.861444860819503,-6.787811095840145,0.0],[-79.861502356586698,-6.788131944682168,0.0],[-79.861654627324583,-6.788423190554543,0.0],[-79.861775087109137,-6.788576387520444,0.0],[-79.862136664402712,-6.788618157651148,0.0],[-79.862136604000852,-6.788643873601786,0.0],[-79.862796752119493,-6.788725536301094,0.0],[-79.862827663795358,-6.788967458664905,0.0],[-79.862879960116061,-6.789018723857549,0.0],[-79.862919543398476,-6.789057526665423,0.0],[-79.862996259336327,-6.789132729949737,0.0],[-79.863032419952731,-6.789168177554825,0.0],[-79.863143951365601,-6.789185189344313,0.0]]]]}},
{"type":"Feature","properties":{"Layer":"TG_HAB_URB","Color":5,"ESTADO":"APROBADOS POR LA MPCH CON RESOLUCION","COD_HAB_UR":"0170","ID_COD_URB":"1401010170","TIPO_HAB_U":"H.U.","NOMB_HAB_U":"H.U. PROGRESIVA LOS MANGOS"},"geometry":{"type":"MultiPolygon","coordinates":[[[[-79.856469468224461,-6.789995341471061,0.0],[-79.856818407509351,-6.790335375309533,0.0],[-79.857014831663122,-6.79056558879781,0.0],[-79.857145848692795,-6.790719143508748,0.0],[-79.858200998431883,-6.790663354214049,0.0],[-79.858622319693239,-6.790647235782717,0.0],[-79.858623393438378,-6.790603126249843,0.0],[-79.858582152584347,-6.790098497666099,0.0],[-79.858553393315816,-6.789629383953051,0.0],[-79.858542491047629,-6.789516912035144,0.0],[-79.858537413997809,-6.789462670824657,0.0],[-79.856230986582673,-6.789732508662089,0.0],[-79.856204028464518,-6.789760535385768,0.0],[-79.856209736312195,-6.789764825440524,0.0],[-79.856469468224461,-6.789995341471061,0.0]]]]}},
{"type":"Feature","properties":{"Layer":"TG_HAB_URB","Color":5,"ESTADO":"APROBADOS POR LA MPCH CON RESOLUCION","COD_HAB_UR":"0332","ID_COD_URB":"1401010332","TIPO_HAB_U":"ASOC","NOMB_HAB_U":"ASOC.PVIV. INGENIEROS SAN PATRICIO"},"geometry":{"type":"MultiPolygon","coordinates":[[[[-79.855901659704216,-6.788090736236549,0.0],[-79.855910452883194,-6.789342763174197,0.0],[-79.856004236001141,-6.789338607443514,0.0],[-79.856075193098576,-6.78933546317045,0.0],[-79.856116666896071,-6.789333625365718,0.0],[-79.856142986504508,-6.789332459078056,0.0],[-79.856178831219466,-6.789330870706795,0.0],[-79.856210779911194,-6.789329454976037,0.0],[-79.856233065945077,-6.789328467421872,0.0],[-79.856278573318647,-6.789326450864412,0.0],[-79.856287300671156,-6.789326064130807,0.0],[-79.856341535397718,-6.789323660833566,0.0],[-79.856346366726825,-6.789323446743144,0.0],[-79.856395727517196,-6.789321259418259,0.0],[-79.856414160135742,-6.789320442612253,0.0],[-79.85644996224471,-6.789318856108704,0.0],[-79.856481953545412,-6.789317438471739,0.0],[-79.856504218284854,-6.789316451848586,0.0],[-79.856549746955821,-6.789314434321618,0.0],[-79.856617540366983,-6.789311430161853,0.0],[-79.856671893988562,-6.789309021558569,0.0],[-79.856685333778884,-6.789308425992468,0.0],[-79.856726128718506,-6.789306618217667,0.0],[-79.856753127191539,-6.789305421813475,0.0],[-79.856780363448934,-6.789304214870606,0.0],[-79.856820920604946,-6.789302417624841,0.0],[-79.85683459817983,-6.78930181151737,0.0],[-79.856888714019078,-6.789299413426582,0.0],[-79.856943067643044,-6.789297004792449,0.0],[-79.856956507433964,-6.789296409218699,0.0],[-79.856997302375376,-6.789294601420735,0.0],[-79.857024300849574,-6.789293405001211,0.0],[-79.857051537108163,-6.789292198042879,0.0],[-79.857092094265951,-6.789290400774082,0.0],[-79.857105771841447,-6.789289794658844,0.0],[-79.857159887683068,-6.789287396537328,0.0],[-79.857242957217863,-6.789283715332784,0.0],[-79.857340983948717,-6.789273429755217,0.0],[-79.858512910209114,-6.789221494374324,0.0],[-79.858497926041252,-6.789077308085516,0.0],[-79.858487967503436,-6.788988665398267,0.0],[-79.858477233261809,-6.788892021485088,0.0],[-79.858471964846814,-6.788844588205841,0.0],[-79.858457128820092,-6.788711014547623,0.0],[-79.858405947141549,-6.78805828058871,0.0],[-79.857585698498653,-6.788075521027462,0.0],[-79.857285825286908,-6.788081823580343,0.0],[-79.857198408574419,-6.788083727446067,0.0],[-79.856133207946698,-6.788106925298956,0.0],[-79.856046408641546,-6.788087633867156,0.0],[-79.855901659704216,-6.788090736236549,0.0]]]]}},
{"type":"Feature","properties":{"Layer":"TG_HAB_URB","Color":5,"ESTADO":"APROBADOS POR LA MPCH CON RESOLUCION","COD_HAB_UR":"0101","ID_COD_URB":"1401010101","TIPO_HAB_U":"H.U.","NOMB_HAB_U":"H.U. LAS VILLAS DEL SOL"},"geometry":{"type":"MultiPolygon","coordinates":[[[[-79.852465966719691,-6.784303354738443,0.0],[-79.852822094650236,-6.787005213140622,0.0],[-79.853066826121022,-6.786336441954018,0.0],[-79.85310171263005,-6.786238693373859,0.0],[-79.853511651143393,-6.785074360270236,0.0],[-79.853540087704857,-6.784958542082368,0.0],[-79.853657373067676,-6.784624055617473,0.0],[-79.853693543865589,-6.784531806936895,0.0],[-79.853822758632958,-6.784162437575587,0.0],[-79.853849130579064,-6.784081945633351,0.0],[-79.854041719717586,-6.783541151262026,0.0],[-79.854084591009098,-6.783419687285888,0.0],[-79.854126636121237,-6.783297755898474,0.0],[-79.854168332679919,-6.783177234915495,0.0],[-79.853948984027667,-6.783109301119973,0.0],[-79.853883806216814,-6.783089160618021,0.0],[-79.853818628410181,-6.783069021917051,0.0],[-79.853753449706801,-6.783048882302515,0.0],[-79.853688271916198,-6.783028741776987,0.0],[-79.853530077313877,-6.782979876332013,0.0],[-79.853422694148634,-6.782946423991684,0.0],[-79.853235442471345,-6.782885413266769,0.0],[-79.852302596757042,-6.782821505979524,0.0],[-79.852486974990853,-6.783887822621629,0.0],[-79.852465966719691,-6.784303354738443,0.0]]]]}},
{"type":"Feature","properties":{"Layer":"TG_HAB_URB","Color":5,"ESTADO":"APROBADOS POR LA MPCH CON RESOLUCION","COD_HAB_UR":"0111","ID_COD_URB":"1401010111","TIPO_HAB_U":"URB.","NOMB_HAB_U":"URB. LA FLORIDA I"},"geometry":{"type":"MultiPolygon","coordinates":[[[[-79.84957044142736,-6.786121771891397,0.0],[-79.849795011308501,-6.787444858667855,0.0],[-79.850675803192914,-6.787617248719817,0.0],[-79.851742687393525,-6.787632584223075,0.0],[-79.852155658519038,-6.78767936828468,0.0],[-79.852121743715159,-6.787001401943802,0.0],[-79.852116814403374,-6.786947126765513,0.0],[-79.85211187398771,-6.786892756735382,0.0],[-79.852112854985066,-6.786838935822282,0.0],[-79.852110047379682,-6.786776412756187,0.0],[-79.852107054947524,-6.786720144458548,0.0],[-79.852103041955559,-6.78665293175797,0.0],[-79.852099667892162,-6.786512792113392,0.0],[-79.852094823754641,-6.786424286626693,0.0],[-79.852085969257118,-6.786424770938696,0.0],[-79.852030676872175,-6.786434583376429,0.0],[-79.851939277796831,-6.786435436235975,0.0],[-79.851854701379438,-6.786436225416809,0.0],[-79.851838285981501,-6.786242447541555,0.0],[-79.850555087591303,-6.786235113344516,0.0],[-79.850467608089957,-6.785594422351142,0.0],[-79.850390036281027,-6.785547932884309,0.0],[-79.850370064391825,-6.785413746253788,0.0],[-79.850229934469866,-6.785450076377938,0.0],[-79.850175712268893,-6.785416345765786,0.0],[-79.850070135503728,-6.785432465706181,0.0],[-79.850000784860654,-6.785396146427649,0.0],[-79.849900275707199,-6.785421135951871,0.0],[-79.849887254265198,-6.785369153775271,0.0],[-79.849759715193485,-6.785329710555404,0.0],[-79.849687870488623,-6.785334749130397,0.0],[-79.849682564435284,-6.785306665812129,0.0],[-79.849586910235232,-6.785308604759694,0.0],[-79.849489759874885,-6.785232181470171,0.0],[-79.849500903466506,-6.785299275743871,0.0],[-79.849512187869706,-6.78536955441789,0.0],[-79.84939845603536,-6.785396945599913,0.0],[-79.849427406444065,-6.785539701869204,0.0],[-79.849465726243324,-6.7856278328871,0.0],[-79.849505945432057,-6.785902387922005,0.0],[-79.849538562837523,-6.786126252597367,0.0],[-79.84957044142736,-6.786121771891397,0.0]]]]}},
{"type":"Feature","properties":{"Layer":"TG_HAB_URB","Color":5,"ESTADO":"APROBADOS POR LA MPCH CON RESOLUCION","COD_HAB_UR":"0145","ID_COD_URB":"1401010145","TIPO_HAB_U":"H.U.","NOMB_HAB_U":"H.U. MONTERRICO - II ETAPA"},"geometry":{"type":"MultiPolygon","coordinates":[[[[-79.853306121218353,-6.782259812723045,0.0],[-79.85330079809566,-6.782313816708526,0.0],[-79.853295474970778,-6.782367820693548,0.0],[-79.853290151843709,-6.782421824678247,0.0],[-79.853284828714436,-6.782475828662569,0.0],[-79.853279505582975,-6.782529832646534,0.0],[-79.85327418244934,-6.782583836630072,0.0],[-79.853268859313516,-6.782637840613269,0.0],[-79.85326353617549,-6.78269184459609,0.0],[-79.853258213035289,-6.782745848578536,0.0],[-79.853251115456118,-6.782817853883813,0.0],[-79.853235442471345,-6.782885413266769,0.0],[-79.853422694148634,-6.782946423991684,0.0],[-79.853530077313877,-6.782979876332013,0.0],[-79.853688271916198,-6.783028741776987,0.0],[-79.853753449706801,-6.783048882302515,0.0],[-79.853818628410181,-6.783069021917051,0.0],[-79.853883806216814,-6.783089160618021,0.0],[-79.853948984027667,-6.783109301119973,0.0],[-79.854168332679919,-6.783177234915495,0.0],[-79.854366813045075,-6.783124134657158,0.0],[-79.854809419160148,-6.782564162313811,0.0],[-79.854879100867635,-6.782579866425195,0.0],[-79.854968159024452,-6.782517629478657,0.0],[-79.855007020387887,-6.782518412239848,0.0],[-79.855061631534525,-6.782526833112885,0.0],[-79.855111397050734,-6.782534506798872,0.0],[-79.855116242684062,-6.782535253980005,0.0],[-79.855170853836526,-6.782543674841309,0.0],[-79.855207604197901,-6.782549452811407,0.0],[-79.855225373325652,-6.782552352804113,0.0],[-79.855268766272417,-6.782559434703596,0.0],[-79.855279818748954,-6.78256123851062,0.0],[-79.855325876988147,-6.782568755390979,0.0],[-79.85533743313303,-6.782570641397256,0.0],[-79.855382804324051,-6.782578046143258,0.0],[-79.855428175517147,-6.782585450885297,0.0],[-79.85543920321183,-6.782587250644095,0.0],[-79.855495729249128,-6.782596475889391,0.0],[-79.855519107081847,-6.782600291230768,0.0],[-79.85555158360927,-6.78260559150801,0.0],[-79.855607580922495,-6.782614730450436,0.0],[-79.855658245023776,-6.78262299899412,0.0],[-79.855707520441229,-6.782631040886204,0.0],[-79.855718740374542,-6.782632872012395,0.0],[-79.855839652104521,-6.782653768491921,0.0],[-79.855900151234309,-6.78266435275766,0.0],[-79.856037912156879,-6.782688032959059,0.0],[-79.856045813360296,-6.782665883678308,0.0],[-79.856339798128715,-6.782713768114625,0.0],[-79.856366709198099,-6.782607052699217,0.0],[-79.856442216896454,-6.782252827169632,0.0],[-79.853427104891168,-6.781064154217219,0.0],[-79.853395015804963,-6.781351015462508,0.0],[-79.853374064675563,-6.781537419654474,0.0],[-79.853372420733507,-6.781555185210917,0.0],[-79.853364817318422,-6.781664328748002,0.0],[-79.853359352325015,-6.781719772847975,0.0],[-79.853354029170944,-6.78177377683191,0.0],[-79.853348706120045,-6.781827780825846,0.0],[-79.853343383015996,-6.781881784814416,0.0],[-79.853338059855389,-6.781935788797279,0.0],[-79.853332736743525,-6.781989792784702,0.0],[-79.853327413687268,-6.782043796777482,0.0],[-79.853322090573329,-6.782097800764415,0.0],[-79.853316767402845,-6.782151804745687,0.0],[-79.853311444338871,-6.782205808737205,0.0],[-79.853306121218353,-6.782259812723045,0.0]]]]}},
{"type":"Feature","properties":{"Layer":"TG_HAB_URB","Color":5,"ESTADO":"APROBADOS POR LA MPCH CON RESOLUCION","COD_HAB_UR":"0113","ID_COD_URB":"1401010113","TIPO_HAB_U":"URB.","NOMB_HAB_U":"URB. CAFÉ PERÚ"},"geometry":{"type":"MultiPolygon","coordinates":[[[[-79.846344054365204,-6.785899041672704,0.0],[-79.8465747443487,-6.786850966867708,0.0],[-79.847845295321903,-6.786549128737121,0.0],[-79.847944164687448,-6.786528099983066,0.0],[-79.848120395232286,-6.786487022471827,0.0],[-79.848265344840655,-6.786453236166984,0.0],[-79.848372941657956,-6.786428156392187,0.0],[-79.848334692679131,-6.786376319154351,0.0],[-79.847989282716753,-6.785908198954407,0.0],[-79.847754209267123,-6.785558966350878,0.0],[-79.847515620985547,-6.785616503836595,0.0],[-79.847448335316074,-6.785632731792563,0.0],[-79.847381049280031,-6.785648957285255,0.0],[-79.847313763423656,-6.785665184446593,0.0],[-79.847179190976092,-6.78569763861089,0.0],[-79.847111904929818,-6.785713864967558,0.0],[-79.847044619240279,-6.785730091958129,0.0],[-79.846977301424161,-6.785746184375948,0.0],[-79.846902571284915,-6.785764348678089,0.0],[-79.84659032926119,-6.785839648857769,0.0],[-79.846344054365204,-6.785899041672704,0.0]]]]}},
{"type":"Feature","properties":{"Layer":"TG_HAB_URB","Color":5,"ESTADO":"APROBADOS POR LA MPCH CON RESOLUCION","COD_HAB_UR":"0141","ID_COD_URB":"1401010141","TIPO_HAB_U":"COOP","NOMB_HAB_U":"COOP.VIV. DIVINO MAESTRO"},"geometry":{"type":"MultiPolygon","coordinates":[[[[-79.849086879768763,-6.781871388612578,0.0],[-79.849132240434628,-6.782182468077049,0.0],[-79.849424076601736,-6.782166730450279,0.0],[-79.849472867425064,-6.782164099327307,0.0],[-79.849521659649398,-6.782161468123819,0.0],[-79.849570450960428,-6.782158836964602,0.0],[-79.849601376800663,-6.782157169230462,0.0],[-79.849619236756581,-6.782156126656901,0.0],[-79.849651743343074,-6.782154229085668,0.0],[-79.849668013123036,-6.782153279336823,0.0],[-79.84971678857444,-6.7821504320652,0.0],[-79.849765565856018,-6.782147584681747,0.0],[-79.849814341322741,-6.782144737399248,0.0],[-79.849863116691708,-6.782141890117481,0.0],[-79.849962356057233,-6.782136076365168,0.0],[-79.850016618902629,-6.782132168486424,0.0],[-79.850044128803162,-6.782130299641383,0.0],[-79.85011003175741,-6.782125822613627,0.0],[-79.850158779626867,-6.782122510987394,0.0],[-79.850172161371731,-6.782121601914225,0.0],[-79.850207523702949,-6.782119119827787,0.0],[-79.850256266049229,-6.782115693894275,0.0],[-79.850301231106556,-6.782112533449111,0.0],[-79.850305008409435,-6.78211226795479,0.0],[-79.8503508734224,-6.782109044249965,0.0],[-79.850353749868333,-6.782108842073651,0.0],[-79.850402491373288,-6.782105416184275,0.0],[-79.850405930094738,-6.782105174487015,0.0],[-79.850472896204224,-6.782100467638005,0.0],[-79.85047631071798,-6.78210022764171,0.0],[-79.850525197353477,-6.782096791538938,0.0],[-79.850494712216971,-6.781779899987657,0.0],[-79.850382087760636,-6.781787219091829,0.0],[-79.850333332286425,-6.781790387546303,0.0],[-79.850284575945423,-6.781793556052126,0.0],[-79.850235820542068,-6.781796724492003,0.0],[-79.850187066837648,-6.781799892816512,0.0],[-79.850138309630225,-6.781803061363664,0.0],[-79.850089555059171,-6.781806229734493,0.0],[-79.850040799656554,-6.781809398154342,0.0],[-79.849967485648449,-6.781814162530961,0.0],[-79.849886685848148,-6.781819413365453,0.0],[-79.849841642835045,-6.781822340512866,0.0],[-79.84979288790737,-6.781825508876455,0.0],[-79.849744133745702,-6.781828677185285,0.0],[-79.849695378517723,-6.781831845558396,0.0],[-79.849646623810273,-6.781835013892692,0.0],[-79.849597869319965,-6.781838182207892,0.0],[-79.849549114261649,-6.78184135055501,0.0],[-79.849500359256396,-6.781844518893676,0.0],[-79.849451605621724,-6.781847687138283,0.0],[-79.849398904065339,-6.781851111932131,0.0],[-79.84928144602452,-6.781858744882832,0.0],[-79.849086879768763,-6.781871388612578,0.0]]]]}},
{"type":"Feature","properties":{"Layer":"TG_HAB_URB","Color":5,"ESTADO":"APROBADOS POR LA MPCH CON RESOLUCION","COD_HAB_UR":"0142","ID_COD_URB":"1401010142","TIPO_HAB_U":"H.U.","NOMB_HAB_U":"H.U. HIPÓLITO UNANUE"},"geometry":{"type":"MultiPolygon","coordinates":[[[[-79.848951344060154,-6.780944392132468,0.0],[-79.849040927526957,-6.781556251997592,0.0],[-79.849236622829011,-6.78154353488829,0.0],[-79.849347676773576,-6.781536318096977,0.0],[-79.849406982419154,-6.781532464135307,0.0],[-79.849458730719107,-6.781529101279688,0.0],[-79.849479211979428,-6.781527770306479,0.0],[-79.8495514415401,-6.781523076466662,0.0],[-79.84956978466559,-6.781521884436438,0.0],[-79.849623671101185,-6.781518382615838,0.0],[-79.849680838613068,-6.781514667567192,0.0],[-79.849695900662667,-6.781513688754042,0.0],[-79.849768130224561,-6.781508994881257,0.0],[-79.849791892561484,-6.781507450671968,0.0],[-79.849840359786867,-6.781504300997484,0.0],[-79.84990294651088,-6.781500233750769,0.0],[-79.849912589349586,-6.781499607102703,0.0],[-79.849984818912716,-6.781494913196953,0.0],[-79.850014000461243,-6.781493016803608,0.0],[-79.850057048476231,-6.781490219280212,0.0],[-79.850115333831383,-6.781486431535016,0.0],[-79.850125054412572,-6.781485799830453,0.0],[-79.850236108364854,-6.781478582831321,0.0],[-79.850250435592898,-6.781477651754136,0.0],[-79.850320527426788,-6.781473096721101,0.0],[-79.850386199947522,-6.781468828875045,0.0],[-79.850468603301223,-6.781463473733128,0.0],[-79.85041748435404,-6.780843939140034,0.0],[-79.850362453874027,-6.780847555832093,0.0],[-79.850243359735472,-6.780855382869294,0.0],[-79.850216199260061,-6.780857156228517,0.0],[-79.850171131131361,-6.780860098809158,0.0],[-79.850098929362829,-6.780865209653667,0.0],[-79.850089826819115,-6.780865853981786,0.0],[-79.850026727596557,-6.780870320487062,0.0],[-79.850023940194276,-6.780870507524428,0.0],[-79.849958491014277,-6.780874899222245,0.0],[-79.849954507559517,-6.780875166515271,0.0],[-79.849888076148119,-6.780879624111914,0.0],[-79.849882287522831,-6.780880012532485,0.0],[-79.849816310344096,-6.780884439639806,0.0],[-79.849810067486501,-6.780884858538725,0.0],[-79.849737847450541,-6.780889704533972,0.0],[-79.849732875475539,-6.780890038155227,0.0],[-79.849686845830817,-6.780893126757794,0.0],[-79.849665627414936,-6.780894550518192,0.0],[-79.849641264002869,-6.780896185307368,0.0],[-79.8495934073797,-6.780899396491453,0.0],[-79.849592074470806,-6.780899485929702,0.0],[-79.84951897757999,-6.780904407932968,0.0],[-79.849473828731035,-6.780907788922466,0.0],[-79.849448999626645,-6.780909648257978,0.0],[-79.849429173734791,-6.780910921241192,0.0],[-79.849376767582569,-6.780914286137604,0.0],[-79.849348093709239,-6.78091973215832,0.0],[-79.849336511523916,-6.780920329034207,0.0],[-79.849200921114232,-6.78092731652435,0.0],[-79.849189063278175,-6.780927927601977,0.0],[-79.849188751984116,-6.780925232237372,0.0],[-79.849035971326757,-6.780936569349501,0.0],[-79.849008743297077,-6.780938589804461,0.0],[-79.848951344060154,-6.780944392132468,0.0]]]]}},
{"type":"Feature","properties":{"Layer":"TG_HAB_URB","Color":5,"ESTADO":"APROBADOS POR LA MPCH CON RESOLUCION","COD_HAB_UR":"0256","ID_COD_URB":"1401010256","TIPO_HAB_U":"URB.","NOMB_HAB_U":"URB. LAS PALMAS II ETAPA"},"geometry":{"type":"MultiPolygon","coordinates":[[[[-79.856222135696569,-6.784837202704637,0.0],[-79.856224279546424,-6.784907587945876,0.0],[-79.856226101969568,-6.784967420379662,0.0],[-79.856228323119836,-6.785040343558577,0.0],[-79.856229953007983,-6.785093854876987,0.0],[-79.856358910146199,-6.785137946511819,0.0],[-79.856407335999577,-6.785184175714209,0.0],[-79.856505770369111,-6.785302320789834,0.0],[-79.856615714799261,-6.785389350805078,0.0],[-79.85666855989021,-6.785432631093171,0.0],[-79.856691065314109,-6.785477309962263,0.0],[-79.856708417936915,-6.785524736421233,0.0],[-79.856730634823521,-6.785552959580562,0.0],[-79.856806167004464,-6.785566859944421,0.0],[-79.856860908003853,-6.785576934050914,0.0],[-79.856905663366547,-6.785585170473957,0.0],[-79.856915649006439,-6.785587008151588,0.0],[-79.856970390012251,-6.785597082246443,0.0],[-79.857025131021274,-6.785607156335476,0.0],[-79.857136515899086,-6.785627654680586,0.0],[-79.857181532734572,-6.78557068387792,0.0],[-79.857178256751652,-6.785498403944071,0.0],[-79.85717432557108,-6.78541166802338,0.0],[-79.857314424756055,-6.785405323357077,0.0],[-79.857454523944128,-6.785398978649699,0.0],[-79.857541042380987,-6.785396892545957,0.0],[-79.857681135917332,-6.785390424162275,0.0],[-79.857821229456718,-6.78538395573753,0.0],[-79.858264258789859,-6.785276237879043,0.0],[-79.858257389529825,-6.785113586019317,0.0],[-79.858655157805813,-6.78509680054072,0.0],[-79.858738281059317,-6.785046767251998,0.0],[-79.858635385487062,-6.784911894659686,0.0],[-79.858362844577059,-6.784601918058803,0.0],[-79.858320616469754,-6.784513582813671,0.0],[-79.858144340565389,-6.784293267742981,0.0],[-79.858069281856871,-6.784314611290729,0.0],[-79.857999552725801,-6.784336434706446,0.0],[-79.857865252691212,-6.784371332695812,0.0],[-79.857784058175184,-6.784396470295218,0.0],[-79.857649750834796,-6.784434749611238,0.0],[-79.857515443478903,-6.784473028886439,0.0],[-79.857456204063098,-6.784494470645216,0.0],[-79.857393555895229,-6.784511189535242,0.0],[-79.857330907724275,-6.784527908416358,0.0],[-79.857271839446,-6.784543671924832,0.0],[-79.857137593348895,-6.784579498051221,0.0],[-79.857059917500536,-6.784602029711334,0.0],[-79.856924084942193,-6.784639605495524,0.0],[-79.856789213701035,-6.784676915302194,0.0],[-79.856703689917566,-6.784731552581555,0.0],[-79.856575817541739,-6.784752090507986,0.0],[-79.856559674347224,-6.784754683307304,0.0],[-79.856543291050542,-6.784758657174518,0.0],[-79.856433169358112,-6.784785367837096,0.0],[-79.856344665897296,-6.784806659853511,0.0],[-79.856233475201577,-6.784833423544915,0.0],[-79.856222135696569,-6.784837202704637,0.0]]]]}},
{"type":"Feature","properties":{"Layer":"TG_HAB_URB","Color":5,"ESTADO":"APROBADOS POR LA MPCH CON RESOLUCION","COD_HAB_UR":"0289","ID_COD_URB":"1401010289","TIPO_HAB_U":"URB.","NOMB_HAB_U":"URB. EL OBRERO"},"geometry":{"type":"MultiPolygon","coordinates":[[[[-79.823896447996191,-6.764121357152829,0.0],[-79.824073096157662,-6.766125243433828,0.0],[-79.825586854908721,-6.766185724140164,0.0],[-79.825581576742479,-6.766125859694481,0.0],[-79.82555912801719,-6.766124192122657,0.0],[-79.825556264700751,-6.766063787585541,0.0],[-79.825553828087209,-6.766012384784284,0.0],[-79.825551237246557,-6.765957728417463,0.0],[-79.825547600436792,-6.76590186319448,0.0],[-79.825543681865852,-6.765841669828133,0.0],[-79.825540721182918,-6.765796190630972,0.0],[-79.825537037076202,-6.765740872843114,0.0],[-79.825532126730494,-6.765667142774404,0.0],[-79.825523350704586,-6.765595874989262,0.0],[-79.82551265572846,-6.765439776635954,0.0],[-79.82550176292429,-6.765280790912789,0.0],[-79.825486361840319,-6.765169290127194,0.0],[-79.825483183457919,-6.764989338608906,0.0],[-79.825480656839929,-6.764803849530379,0.0],[-79.825480586341044,-6.764798673937085,0.0],[-79.825468213294897,-6.764748253784837,0.0],[-79.825462030301068,-6.764639487781488,0.0],[-79.825459900091801,-6.764602014945733,0.0],[-79.825457489774479,-6.764559614689915,0.0],[-79.825455843803283,-6.764530660164335,0.0],[-79.825455128949812,-6.764518085070537,0.0],[-79.825452721709738,-6.76447573895473,0.0],[-79.825450335986019,-6.764433771339795,0.0],[-79.825447949195578,-6.764391784963916,0.0],[-79.825442046202895,-6.764287944581691,0.0],[-79.825432808520361,-6.764225941078918,0.0],[-79.824601280088714,-6.764180515221366,0.0],[-79.823896447996191,-6.764121357152829,0.0]]]]}},
{"type":"Feature","properties":{"Layer":"TG_HAB_URB","Color":5,"ESTADO":"APROBADOS POR LA MPCH CON RESOLUCION","COD_HAB_UR":"0294","ID_COD_URB":"1401010294","TIPO_HAB_U":"H.U.","NOMB_HAB_U":"H.U. EL MOLINITO"},"geometry":{"type":"MultiPolygon","coordinates":[[[[-79.817997898738085,-6.760412844830141,0.0],[-79.820555283349094,-6.763044013381227,0.0],[-79.820936109856774,-6.763435824052429,0.0],[-79.821029651259366,-6.762849270400711,0.0],[-79.820983596802392,-6.7627986742173,0.0],[-79.821074731454061,-6.762128735755289,0.0],[-79.82307637789377,-6.76233325873215,0.0],[-79.823132689727302,-6.761841869393641,0.0],[-79.821224854903889,-6.761077912363074,0.0],[-79.818268861073918,-6.759860491583527,0.0],[-79.817470917521561,-6.759545538020982,0.0],[-79.81735328204185,-6.759633543947,0.0],[-79.817823487091189,-6.760233399819248,0.0],[-79.817997898738085,-6.760412844830141,0.0]]]]}},
{"type":"Feature","properties":{"Layer":"TG_HAB_URB","Color":5,"ESTADO":"APROBADOS POR LA MPCH CON RESOLUCION","COD_HAB_UR":"0105","ID_COD_URB":"1401010105","TIPO_HAB_U":"URB.","NOMB_HAB_U":"URB. SAN FELIPE"},"geometry":{"type":"MultiPolygon","coordinates":[[[[-79.847493227523955,-6.782852378629196,0.0],[-79.846217128644511,-6.783168640921923,0.0],[-79.846817442831679,-6.784142888390961,0.0],[-79.847032220105888,-6.784472999138648,0.0],[-79.847518851753634,-6.784349526878208,0.0],[-79.847452758059475,-6.784021442005042,0.0],[-79.847369875117536,-6.783629867503326,0.0],[-79.847440681172927,-6.783614847267399,0.0],[-79.847523685148687,-6.783601107408243,0.0],[-79.847503651841649,-6.783510709625038,0.0],[-79.847547511974668,-6.783506153250273,0.0],[-79.847607594216385,-6.783500488441097,0.0],[-79.847692538857245,-6.783492479411305,0.0],[-79.847788699656874,-6.783482083919942,0.0],[-79.847941441850253,-6.783465571639621,0.0],[-79.847957138558144,-6.783536203719335,0.0],[-79.847971913761285,-6.78360240804566,0.0],[-79.848096369965859,-6.783578836665685,0.0],[-79.848184604372577,-6.783574999401608,0.0],[-79.84827058015442,-6.783557375935388,0.0],[-79.848323647858734,-6.783546498015953,0.0],[-79.848303678530797,-6.782848604522409,0.0],[-79.847929138292685,-6.782813134007694,0.0],[-79.847493227523955,-6.782852378629196,0.0]]]]}},
{"type":"Feature","properties":{"Layer":"TG_HAB_URB","Color":5,"ESTADO":"APROBADOS POR LA MPCH CON RESOLUCION","COD_HAB_UR":"0351","ID_COD_URB":"1401010351","TIPO_HAB_U":"H.U.","NOMB_HAB_U":"H.U. VILLA MARÍA"},"geometry":{"type":"MultiPolygon","coordinates":[[[[-79.860298435526488,-6.789282286894254,0.0],[-79.860146064397611,-6.789838399255918,0.0],[-79.860103790924214,-6.789930144312612,0.0],[-79.860323509114366,-6.790041281711273,0.0],[-79.860420909901322,-6.790090548730056,0.0],[-79.860720267297054,-6.790241968755156,0.0],[-79.860810231306402,-6.790287474019034,0.0],[-79.860871127108169,-6.790060394823491,0.0],[-79.860885643066837,-6.79000626506808,0.0],[-79.860900159021313,-6.78995213531159,0.0],[-79.860916289492735,-6.789891985028275,0.0],[-79.860931516972641,-6.78983520196769,0.0],[-79.860949087136049,-6.789769683050131,0.0],[-79.860974422249754,-6.789675208687873,0.0],[-79.861282183256904,-6.789689771827005,0.0],[-79.861261567316063,-6.789607551794471,0.0],[-79.86115749137106,-6.789608271670703,0.0],[-79.861083063882234,-6.789248847925318,0.0],[-79.860305188676833,-6.789255582086033,0.0],[-79.860298435526488,-6.789282286894254,0.0]]]]}},
{"type":"Feature","properties":{"Layer":"TG_HAB_URB","Color":5,"ESTADO":"APROBADOS POR LA MPCH CON RESOLUCION","COD_HAB_UR":"0246","ID_COD_URB":"1401010246","TIPO_HAB_U":"URB.","NOMB_HAB_U":"URB. LOS PRECURSORES"},"geometry":{"type":"MultiPolygon","coordinates":[[[[-79.809089320882094,-6.773136383178878,0.0],[-79.808954760666751,-6.774384255328929,0.0],[-79.808931986682651,-6.774577455370607,0.0],[-79.809120174965798,-6.774590888263765,0.0],[-79.809243442590343,-6.774600978077497,0.0],[-79.809273200746233,-6.774603413864456,0.0],[-79.809354359356306,-6.774610056910788,0.0],[-79.80943549814738,-6.774616698321359,0.0],[-79.80951663694303,-6.774623339718742,0.0],[-79.80959779556683,-6.774629982725557,0.0],[-79.809678954195221,-6.774636625719211,0.0],[-79.809760112828187,-6.774643268699672,0.0],[-79.809841271465729,-6.774649911666978,0.0],[-79.809976535871797,-6.774660983249855,0.0],[-79.810083918758579,-6.774666916365443,0.0],[-79.810231385125135,-6.774677771427107,0.0],[-79.810312593449098,-6.774683749187125,0.0],[-79.810393801777423,-6.774689726933931,0.0],[-79.810464881183009,-6.774694959079358,0.0],[-79.810475010110096,-6.774695704667471,0.0],[-79.810556218447161,-6.774701682387796,0.0],[-79.81063742678856,-6.774707660094911,0.0],[-79.810718635134322,-6.774713637788741,0.0],[-79.810799843484432,-6.774719615469408,0.0],[-79.810881051838933,-6.774725593136811,0.0],[-79.811029031518316,-6.774736485741121,0.0],[-79.81150909275577,-6.774779515441693,0.0],[-79.811796183358894,-6.773339657977523,0.0],[-79.811005848953442,-6.773280308507064,0.0],[-79.809089320882094,-6.773136383178878,0.0]]]]}},
{"type":"Feature","properties":{"Layer":"TG_HAB_URB","Color":5,"ESTADO":"APROBADOS POR LA MPCH CON RESOLUCION","COD_HAB_UR":"0247","ID_COD_URB":"1401010247","TIPO_HAB_U":"URB.","NOMB_HAB_U":"URB. SAN BARTOLO"},"geometry":{"type":"MultiPolygon","coordinates":[[[[-79.807176330467357,-6.773186239500477,0.0],[-79.807336012766029,-6.773893065064194,0.0],[-79.807350361429968,-6.773949244736941,0.0],[-79.807352690976302,-6.773999388345413,0.0],[-79.807352766941136,-6.774001023492746,0.0],[-79.807376646125306,-6.774118951085076,0.0],[-79.807392995140447,-6.774199690842379,0.0],[-79.807413416421511,-6.774281314917872,0.0],[-79.807423373740789,-6.774389742852386,0.0],[-79.807431781765573,-6.774464947251283,0.0],[-79.807449461453331,-6.774518552392617,0.0],[-79.807524428973451,-6.774537619306588,0.0],[-79.807554301803265,-6.774540825196534,0.0],[-79.807699219891433,-6.774556377478044,0.0],[-79.807816875226862,-6.774477173439293,0.0],[-79.80785296621093,-6.774480599089621,0.0],[-79.807948025306231,-6.774489621807193,0.0],[-79.807992660704571,-6.774493858455779,0.0],[-79.808033226587327,-6.774497708835458,0.0],[-79.808065137358497,-6.774500737698142,0.0],[-79.808506559801614,-6.774542635810915,0.0],[-79.80856962016253,-6.774548621223936,0.0],[-79.808632680526429,-6.774554606629019,0.0],[-79.808695740893299,-6.774560592026204,0.0],[-79.808758913746914,-6.774565101347803,0.0],[-79.808822086603143,-6.77456961066139,0.0],[-79.80887958860346,-6.774573715178994,0.0],[-79.808931986682651,-6.774577455370607,0.0],[-79.808954760666751,-6.774384255328929,0.0],[-79.809089320882094,-6.773136383178878,0.0],[-79.807524196123111,-6.773018841553657,0.0],[-79.807148802588529,-6.772990648569525,0.0],[-79.807176330467357,-6.773186239500477,0.0]]]]}},
{"type":"Feature","properties":{"Layer":"TG_HAB_URB","Color":5,"ESTADO":"APROBADOS POR LA MPCH CON RESOLUCION","COD_HAB_UR":"0238","ID_COD_URB":"1401010238","TIPO_HAB_U":"H.U.","NOMB_HAB_U":"H.U. SAN FRANCISCO DE ASIS"},"geometry":{"type":"MultiPolygon","coordinates":[[[[-79.792388529002125,-6.76632792143068,0.0],[-79.792972955069857,-6.770329736734691,0.0],[-79.792986354643077,-6.771394931048112,0.0],[-79.793511044778228,-6.771455457492154,0.0],[-79.799197181394632,-6.772139367731812,0.0],[-79.798670489554056,-6.76992644539492,0.0],[-79.797538703605639,-6.768370190311838,0.0],[-79.796513416952834,-6.767010851970523,0.0],[-79.793635182771638,-6.766558494018012,0.0],[-79.792388529002125,-6.76632792143068,0.0]]]]}},
{"type":"Feature","properties":{"Layer":"TG_HAB_URB","Color":5,"ESTADO":"APROBADOS POR LA MPCH CON RESOLUCION","COD_HAB_UR":"0250","ID_COD_URB":"1401010250","TIPO_HAB_U":"H.U.","NOMB_HAB_U":"H.U. RESIDENCIAL PARQUE LA FLORESTA"},"geometry":{"type":"MultiPolygon","coordinates":[[[[-79.858166009285711,-6.791516156962934,0.0],[-79.858250466271343,-6.791579653277837,0.0],[-79.858414787520047,-6.791660970454701,0.0],[-79.858542154844017,-6.791719955219651,0.0],[-79.858780346115694,-6.79179837212014,0.0],[-79.859231099383166,-6.791946740419152,0.0],[-79.859456564661699,-6.79126207709105,0.0],[-79.85870309647305,-6.791349533396275,0.0],[-79.858621455477191,-6.790682737817642,0.0],[-79.858622319693239,-6.790647235782717,0.0],[-79.858200998431883,-6.790663354214049,0.0],[-79.857814471502877,-6.791293432505501,0.0],[-79.857850279618049,-6.791319734464987,0.0],[-79.858166009285711,-6.791516156962934,0.0]]]]}},
{"type":"Feature","properties":{"Layer":"TG_HAB_URB","Color":5,"ESTADO":"APROBADOS POR LA MPCH CON RESOLUCION","COD_HAB_UR":"0403","ID_COD_URB":"1401010403","TIPO_HAB_U":"H.U.","NOMB_HAB_U":"H.U. VILLA DEL NORTE VII ETAPA CUARZO"},"geometry":{"type":"MultiPolygon","coordinates":[[[[-79.854500906414202,-6.789522338672292,0.0],[-79.854747982543273,-6.790548686994168,0.0],[-79.854955018904505,-6.791416714846214,0.0],[-79.854973218989315,-6.791415354131428,0.0],[-79.855075550597761,-6.791407029119734,0.0],[-79.855177693969253,-6.79139871939958,0.0],[-79.855282203403576,-6.791390217169076,0.0],[-79.855339839727648,-6.791385528230222,0.0],[-79.855350361730359,-6.791384672223666,0.0],[-79.855418520057171,-6.791379127268404,0.0],[-79.855486678384011,-6.791373582303256,0.0],[-79.855554836710894,-6.791368037328295,0.0],[-79.855622995037834,-6.791362492343479,0.0],[-79.855691153364774,-6.791356947348797,0.0],[-79.85575931169177,-6.79135140234428,0.0],[-79.855794103602491,-6.791348571852839,0.0],[-79.855924002540362,-6.789550065953038,0.0],[-79.855911371097989,-6.7895406963904,0.0],[-79.855846741535444,-6.789492756428985,0.0],[-79.855638367874931,-6.789358990599252,0.0],[-79.855087930809376,-6.788991221814795,0.0],[-79.854970919486391,-6.788910029360746,0.0],[-79.85472506722806,-6.788671284106675,0.0],[-79.854584503015843,-6.788571570596504,0.0],[-79.854256006687066,-6.788435495794564,0.0],[-79.854500906414202,-6.789522338672292,0.0]]]]}},
{"type":"Feature","properties":{"Layer":"TG_HAB_URB","Color":5,"ESTADO":"APROBADOS POR LA MPCH CON RESOLUCION","COD_HAB_UR":"0157","ID_COD_URB":"1401010157","TIPO_HAB_U":"H.U.","NOMB_HAB_U":"H.U. LAS PALMAS"},"geometry":{"type":"MultiPolygon","coordinates":[[[[-79.857136515899086,-6.785627654680586,0.0],[-79.857208243814711,-6.786392851288662,0.0],[-79.859037568772465,-6.786332196439183,0.0],[-79.859061629000095,-6.786874889077026,0.0],[-79.860254983891338,-6.786833224277538,0.0],[-79.860330798743973,-6.7873138438189,0.0],[-79.860373604113434,-6.787570608008484,0.0],[-79.860367128102467,-6.787625571362747,0.0],[-79.86037799968959,-6.787714533898973,0.0],[-79.860383686479011,-6.787760621307662,0.0],[-79.860387656248093,-6.787793017286087,0.0],[-79.860400142809141,-6.787893514580069,0.0],[-79.860408237342355,-6.7879512680001,0.0],[-79.860445454216148,-6.78822122103989,0.0],[-79.860452554862874,-6.788272397908997,0.0],[-79.860481159799733,-6.78848321765161,0.0],[-79.860487573979526,-6.788566359678651,0.0],[-79.860400218466225,-6.78889498714075,0.0],[-79.860321283415402,-6.789191936676711,0.0],[-79.860305188676833,-6.789255582086033,0.0],[-79.861083063882234,-6.789248847925318,0.0],[-79.86115749137106,-6.789608271670703,0.0],[-79.861261567316063,-6.789607551794471,0.0],[-79.861282183256904,-6.789689771827005,0.0],[-79.860974422249754,-6.789675208687873,0.0],[-79.860949087136049,-6.789769683050131,0.0],[-79.860931516972641,-6.78983520196769,0.0],[-79.860916289492735,-6.789891985028275,0.0],[-79.860900159021313,-6.78995213531159,0.0],[-79.860885643066837,-6.79000626506808,0.0],[-79.860871127108169,-6.790060394823491,0.0],[-79.860810231306402,-6.790287474019034,0.0],[-79.860833814674436,-6.790299402867496,0.0],[-79.861133172360113,-6.790450822679345,0.0],[-79.861245061592953,-6.790507417940893,0.0],[-79.861578720362445,-6.790676187362571,0.0],[-79.861594295437413,-6.790730422806068,0.0],[-79.861729257880242,-6.790716532904887,0.0],[-79.861714834551691,-6.790647914234166,0.0],[-79.861615474113734,-6.790175213169404,0.0],[-79.861604961108043,-6.790125198844294,0.0],[-79.861539181718967,-6.789812254604946,0.0],[-79.861519026897966,-6.789725735513714,0.0],[-79.86144834586004,-6.789407899657951,0.0],[-79.861428625173673,-6.789305527119294,0.0],[-79.8613579442126,-6.788987691265095,0.0],[-79.861340040070445,-6.788897206254124,0.0],[-79.861264698966536,-6.788558414452586,0.0],[-79.861089060142362,-6.788539578627245,0.0],[-79.860782439004012,-6.786980117985253,0.0],[-79.860790280761506,-6.786765257756347,0.0],[-79.860504281895388,-6.786773084861477,0.0],[-79.860439144483223,-6.785987964073168,0.0],[-79.860376025517979,-6.785993196464296,0.0],[-79.860276228917499,-6.786001469314722,0.0],[-79.860206519735456,-6.785579106468245,0.0],[-79.860141851284439,-6.785572429430564,0.0],[-79.859758568534602,-6.785532855189638,0.0],[-79.859393402799753,-6.785507812122757,0.0],[-79.859220766474564,-6.78547078710196,0.0],[-79.858860737192714,-6.785207279161718,0.0],[-79.858738281059317,-6.785046767251998,0.0],[-79.858655157805813,-6.78509680054072,0.0],[-79.858257389529825,-6.785113586019317,0.0],[-79.858264258789859,-6.785276237879043,0.0],[-79.857821229456718,-6.78538395573753,0.0],[-79.857681135917332,-6.785390424162275,0.0],[-79.857541042380987,-6.785396892545957,0.0],[-79.857454523944128,-6.785398978649699,0.0],[-79.857314424756055,-6.785405323357077,0.0],[-79.85717432557108,-6.78541166802338,0.0],[-79.857178256751652,-6.785498403944071,0.0],[-79.857181532734572,-6.78557068387792,0.0],[-79.857136515899086,-6.785627654680586,0.0]]]]}},
{"type":"Feature","properties":{"Layer":"TG_HAB_URB","Color":5,"ESTADO":"APROBADOS POR LA MPCH CON RESOLUCION","COD_HAB_UR":"0206","ID_COD_URB":"1401010206","TIPO_HAB_U":"H.U.","NOMB_HAB_U":"H.U. VILLA DEL NORTE - II ETAPA - LOS PORTALES"},"geometry":{"type":"MultiPolygon","coordinates":[[[[-79.851160412076737,-6.784245916083147,0.0],[-79.851244164979207,-6.784599817486095,0.0],[-79.851263796542412,-6.784768167389017,0.0],[-79.851301331549223,-6.784945118177779,0.0],[-79.851327227749167,-6.785082893250999,0.0],[-79.85134725448512,-6.78518388242922,0.0],[-79.851372802136368,-6.785367341230963,0.0],[-79.851499475950078,-6.785571395467259,0.0],[-79.851700132400367,-6.785568386272508,0.0],[-79.851725648343404,-6.785568003610348,0.0],[-79.851968039050249,-6.785564679950544,0.0],[-79.852057047494142,-6.786289316041986,0.0],[-79.852078413592338,-6.786286746099255,0.0],[-79.852134095313545,-6.786282740606338,0.0],[-79.85217787256903,-6.786420560346171,0.0],[-79.852184311628392,-6.786440831814843,0.0],[-79.852200949569976,-6.786504595715328,0.0],[-79.852218271275987,-6.786570978385318,0.0],[-79.852235772552518,-6.786638092451559,0.0],[-79.852249668523413,-6.786637303640835,0.0],[-79.852257503821249,-6.786702951488737,0.0],[-79.85226554323684,-6.786770305620491,0.0],[-79.852273556589665,-6.786837660955038,0.0],[-79.852278532930441,-6.786879331212533,0.0],[-79.852281609009466,-6.786905014486925,0.0],[-79.852285713920409,-6.786939548486686,0.0],[-79.852289650729688,-6.786972368512638,0.0],[-79.852291655725566,-6.786989161402803,0.0],[-79.852297700027989,-6.787039722188652,0.0],[-79.852305739460235,-6.787107076320147,0.0],[-79.852308854975604,-6.78713318003115,0.0],[-79.852313778861586,-6.787174430453144,0.0],[-79.852317535081582,-6.787205902857248,0.0],[-79.852321817339828,-6.787241784638544,0.0],[-79.852323176872375,-6.787273519777891,0.0],[-79.852325880597036,-6.787342974221863,0.0],[-79.852328242511646,-6.787396735680375,0.0],[-79.852330608395349,-6.787450587494197,0.0],[-79.852331751416443,-6.78747660985727,0.0],[-79.852333384228615,-6.787513770518228,0.0],[-79.852336650562876,-6.787589611971445,0.0],[-79.852338420074346,-6.787637787127113,0.0],[-79.852340717427396,-6.787700332849465,0.0],[-79.852840302559457,-6.787756928445116,0.0],[-79.85290179759491,-6.787609899012171,0.0],[-79.852822094650236,-6.787005213140622,0.0],[-79.852465966719691,-6.784303354738443,0.0],[-79.852486974990853,-6.783887822621629,0.0],[-79.852306045288245,-6.783919283146006,0.0],[-79.852172328837668,-6.783942534060748,0.0],[-79.852105469584174,-6.783954159681811,0.0],[-79.852038610256812,-6.783965785305662,0.0],[-79.85197175085645,-6.783977410932165,0.0],[-79.851904891916575,-6.783989036468533,0.0],[-79.851838036727003,-6.784000661342737,0.0],[-79.851806574474978,-6.784006132039811,0.0],[-79.851270302390077,-6.784099379380806,0.0],[-79.851248017321808,-6.784103254309072,0.0],[-79.851125924164975,-6.78411839922124,0.0],[-79.851160412076737,-6.784245916083147,0.0]]]]}},
{"type":"Feature","properties":{"Layer":"TG_HAB_URB","Color":5,"ESTADO":"APROBADOS POR LA MPCH CON RESOLUCION","COD_HAB_UR":"0323","ID_COD_URB":"1401010323","TIPO_HAB_U":"SUB-","NOMB_HAB_U":"SUB-DIVISIÓN DE LOTE (LOTIZ. FRANCISCO RODRIGUEZ JULCA)"},"geometry":{"type":"MultiPolygon","coordinates":[[[[-79.865052358735127,-6.786287796029423,0.0],[-79.864924237744674,-6.786660531782991,0.0],[-79.86488075126023,-6.786787525103594,0.0],[-79.864961431768947,-6.786789512086232,0.0],[-79.865120824926123,-6.786801945964088,0.0],[-79.865223706078297,-6.786806338272447,0.0],[-79.865505804540376,-6.78684412421697,0.0],[-79.865644536470953,-6.786859016247773,0.0],[-79.865711477777097,-6.786659547790768,0.0],[-79.865725394105453,-6.786616503645109,0.0],[-79.865780158494616,-6.786447113581923,0.0],[-79.865808113226052,-6.786361346697298,0.0],[-79.865864306940765,-6.786187535381942,0.0],[-79.865921272525682,-6.786014166389456,0.0],[-79.86585718678711,-6.785982854425913,0.0],[-79.86581653891308,-6.785962994076826,0.0],[-79.86577589104283,-6.78594313372494,0.0],[-79.86573524317636,-6.785923273370148,0.0],[-79.865694595313627,-6.785903413012438,0.0],[-79.865653947454646,-6.785883552651924,0.0],[-79.86561329959946,-6.785863692288508,0.0],[-79.86557265174801,-6.785843831922239,0.0],[-79.865532003900356,-6.785823971553086,0.0],[-79.865491356056438,-6.785804111181095,0.0],[-79.865450708216287,-6.785784250806184,0.0],[-79.865410060379915,-6.785764390428437,0.0],[-79.865369412547295,-6.785744530047823,0.0],[-79.865328764718456,-6.785724669664323,0.0],[-79.865264443747719,-6.785693242658939,0.0],[-79.865203274300129,-6.785864691140078,0.0],[-79.865143697060176,-6.786031676754146,0.0],[-79.865113529073611,-6.786116345451352,0.0],[-79.865052358735127,-6.786287796029423,0.0]]]]}},
{"type":"Feature","properties":{"Layer":"TG_HAB_URB","Color":5,"ESTADO":"APROBADOS POR LA MPCH CON RESOLUCION","COD_HAB_UR":"0312","ID_COD_URB":"1401010312","TIPO_HAB_U":"H.U.","NOMB_HAB_U":"H.U. NUEVA DE LOTE ÚNICO"},"geometry":{"type":"MultiPolygon","coordinates":[[[[-79.849259607348685,-6.786906864005657,0.0],[-79.849265724101414,-6.787062181938474,0.0],[-79.849266358478687,-6.787262968962002,0.0],[-79.849795011308501,-6.787444858667855,0.0],[-79.84957044142736,-6.786121771891397,0.0],[-79.849538562837523,-6.786126252597367,0.0],[-79.849387585845705,-6.786153290727138,0.0],[-79.849133568034262,-6.786176638751486,0.0],[-79.849160587493728,-6.786339468392166,0.0],[-79.849172305074774,-6.786410080952711,0.0],[-79.849198954995757,-6.786570681464371,0.0],[-79.849259607348685,-6.786906864005657,0.0]]]]}},
{"type":"Feature","properties":{"Layer":"TG_HAB_URB","Color":5,"ESTADO":"APROBADOS POR LA MPCH CON RESOLUCION","COD_HAB_UR":"0175","ID_COD_URB":"1401010175","TIPO_HAB_U":"H.U.","NOMB_HAB_U":"H.U. VALLE DEL SOL"},"geometry":{"type":"MultiPolygon","coordinates":[[[[-79.862550121813385,-6.792458873278989,0.0],[-79.862625567520652,-6.793760263549409,0.0],[-79.862657071572897,-6.794232535476731,0.0],[-79.86267902595732,-6.794232795869452,0.0],[-79.862887963462597,-6.794236720623945,0.0],[-79.86298417245078,-6.794236910069153,0.0],[-79.863108982777419,-6.794250678103601,0.0],[-79.862941142094655,-6.79217910332703,0.0],[-79.862922022280998,-6.792172833969287,0.0],[-79.862858140737245,-6.792144190196743,0.0],[-79.862803514388318,-6.792116692717093,0.0],[-79.862749496910922,-6.792092991146015,0.0],[-79.862703109814717,-6.792075685640175,0.0],[-79.862669514795527,-6.792069100289698,0.0],[-79.862649432794683,-6.792065275429426,0.0],[-79.862583907585773,-6.792059514293983,0.0],[-79.8625243590633,-6.792056266164578,0.0],[-79.862528170239827,-6.792109921654973,0.0],[-79.862550121813385,-6.792458873278989,0.0]]]]}},
{"type":"Feature","properties":{"Layer":"TG_HAB_URB","Color":5,"ESTADO":"APROBADOS POR LA MPCH CON RESOLUCION","COD_HAB_UR":"0391","ID_COD_URB":"1401010391","TIPO_HAB_U":"H.U.","NOMB_HAB_U":"H.U. LA ESTANCIA DEL VALLE - VII ETAPA"},"geometry":{"type":"MultiPolygon","coordinates":[[[[-79.817306220648092,-6.738301723953301,0.0],[-79.817489429146207,-6.739931949687556,0.0],[-79.818549380262311,-6.739761893311776,0.0],[-79.820057958368366,-6.739508778060166,0.0],[-79.820028522108444,-6.739436151826445,0.0],[-79.820018222154502,-6.739283853619884,0.0],[-79.819994323495635,-6.739171671497482,0.0],[-79.819976994387048,-6.739088078542164,0.0],[-79.819959708068737,-6.738956108347635,0.0],[-79.819961742515716,-6.738885854420798,0.0],[-79.819959943195428,-6.738861956131138,0.0],[-79.818828177642843,-6.739053370631085,0.0],[-79.818653114156575,-6.73801891219671,0.0],[-79.817306220648092,-6.738301723953301,0.0]]]]}},
{"type":"Feature","properties":{"Layer":"TG_HAB_URB","Color":5,"ESTADO":"APROBADOS POR LA MPCH CON RESOLUCION","COD_HAB_UR":"0390","ID_COD_URB":"1401010390","TIPO_HAB_U":"H.U.","NOMB_HAB_U":"H.U. LA ESTANCIA DEL VALLE - VI ETAPA"},"geometry":{"type":"MultiPolygon","coordinates":[[[[-79.817181335748643,-6.737190471794391,0.0],[-79.817263991179459,-6.73792595741183,0.0],[-79.817306220648092,-6.738301723953301,0.0],[-79.818653114156575,-6.73801891219671,0.0],[-79.818828177642843,-6.739053370631085,0.0],[-79.819959943195428,-6.738861956131138,0.0],[-79.81995104512599,-6.738743773374476,0.0],[-79.820013504548925,-6.738643464203755,0.0],[-79.820096051940624,-6.738626934618173,0.0],[-79.820322236145358,-6.738628023682073,0.0],[-79.820363364277299,-6.738587341889013,0.0],[-79.820402888879784,-6.738531103835814,0.0],[-79.820378006620714,-6.737930450993279,0.0],[-79.820418992149257,-6.737825206914955,0.0],[-79.82033895516696,-6.737709064900386,0.0],[-79.819754870748312,-6.737796391069408,0.0],[-79.819568462906275,-6.736550350599862,0.0],[-79.819414034141204,-6.736676413217797,0.0],[-79.819235021979011,-6.736822544259316,0.0],[-79.818972620495046,-6.73703674633105,0.0],[-79.818670070487528,-6.737254980697686,0.0],[-79.818597550308269,-6.73730729049512,0.0],[-79.81841506305129,-6.737375932158788,0.0],[-79.818247626310949,-6.737390356838481,0.0],[-79.81811463666287,-6.737350610588016,0.0],[-79.817974262293347,-6.737310755088562,0.0],[-79.81780742228635,-6.737258474822064,0.0],[-79.817688688162718,-6.737221268206127,0.0],[-79.817475344011442,-6.737208318739591,0.0],[-79.817181335748643,-6.737190471794391,0.0]]]]}},
{"type":"Feature","properties":{"Layer":"TG_HAB_URB","Color":5,"ESTADO":"APROBADOS POR LA MPCH CON RESOLUCION","COD_HAB_UR":"0389","ID_COD_URB":"1401010389","TIPO_HAB_U":"H.U.","NOMB_HAB_U":"H.U. LA ESTANCIA DEL VALLE - V ETAPA"},"geometry":{"type":"MultiPolygon","coordinates":[[[[-79.819568462906275,-6.736550350599862,0.0],[-79.819754870748312,-6.737796391069408,0.0],[-79.82033895516696,-6.737709064900386,0.0],[-79.820418992149257,-6.737825206914955,0.0],[-79.820739683238045,-6.737830773817493,0.0],[-79.82079529856999,-6.737818379180091,0.0],[-79.820954422443194,-6.737782915783406,0.0],[-79.821089421556195,-6.737732151931211,0.0],[-79.821311338556427,-6.737510073840608,0.0],[-79.821393105226349,-6.737428248488261,0.0],[-79.821485183101984,-6.737357488238069,0.0],[-79.821747227695269,-6.737243644469712,0.0],[-79.821814003821999,-6.737147051688244,0.0],[-79.821853182611108,-6.736770261170949,0.0],[-79.821859016277315,-6.73636228453227,0.0],[-79.821891918822573,-6.736113427932288,0.0],[-79.821921069048173,-6.73593527338311,0.0],[-79.821828798800794,-6.735931434107782,0.0],[-79.821214056865159,-6.736021382586953,0.0],[-79.820831125508931,-6.736077412462288,0.0],[-79.820764050695573,-6.73609278395784,0.0],[-79.820371561598805,-6.736182731407854,0.0],[-79.820266318280403,-6.736206891153497,0.0],[-79.820139203265796,-6.736236604543993,0.0],[-79.820049036948973,-6.7362576369948,0.0],[-79.819930217959552,-6.736315042857387,0.0],[-79.819750140342663,-6.736402044303518,0.0],[-79.819568462906275,-6.736550350599862,0.0]]]]}},
{"type":"Feature","properties":{"Layer":"TG_HAB_URB","Color":5,"ESTADO":"APROBADOS POR LA MPCH CON RESOLUCION","COD_HAB_UR":"0381","ID_COD_URB":"1401010381","TIPO_HAB_U":"H.U.","NOMB_HAB_U":"H.U. LA ESTANCIA DE CHICLAYO - V ETAPA"},"geometry":{"type":"MultiPolygon","coordinates":[[[[-79.812511899573408,-6.742495907770273,0.0],[-79.812530746667377,-6.742632520431655,0.0],[-79.812555299518621,-6.74276661461049,0.0],[-79.812578223922856,-6.742900704827825,0.0],[-79.812600139295526,-6.743040490411153,0.0],[-79.812623037290891,-6.743185433556516,0.0],[-79.812635162148567,-6.743296163568671,0.0],[-79.8130519631667,-6.743257202256773,0.0],[-79.813146169262467,-6.743246307046601,0.0],[-79.813238282008854,-6.743240561899182,0.0],[-79.81333140620707,-6.743228126513616,0.0],[-79.813426146317752,-6.743220850210609,0.0],[-79.813524501479463,-6.743215120184889,0.0],[-79.813549938665773,-6.743208941552473,0.0],[-79.813619234111485,-6.743210918840587,0.0],[-79.813689211962242,-6.743240216370537,0.0],[-79.814874227220812,-6.742954478567982,0.0],[-79.814745462378795,-6.742420804169657,0.0],[-79.813777931464415,-6.742654101313077,0.0],[-79.813758097156438,-6.742657367204652,0.0],[-79.813611264718119,-6.741698447267475,0.0],[-79.813533870090268,-6.741695084985512,0.0],[-79.813487186320472,-6.741693056880218,0.0],[-79.813432955510137,-6.741690700899655,0.0],[-79.813378724701408,-6.741688344913157,0.0],[-79.813324493894243,-6.741685988920726,0.0],[-79.813270263088654,-6.741683632922359,0.0],[-79.813216032284643,-6.741681276918042,0.0],[-79.81316180148221,-6.741678920907805,0.0],[-79.813107570681353,-6.741676564891633,0.0],[-79.813053339882089,-6.741674208869525,0.0],[-79.812999109084387,-6.741671852841467,0.0],[-79.812944878288263,-6.741669496807492,0.0],[-79.812890647493717,-6.741667140767579,0.0],[-79.812836416700762,-6.741664784721733,0.0],[-79.81278218590937,-6.741662428669936,0.0],[-79.812727955119556,-6.74166007261222,0.0],[-79.812673724331333,-6.741657716548569,0.0],[-79.812619493544688,-6.741655360478982,0.0],[-79.812565262759605,-6.74165300440346,0.0],[-79.812534759390715,-6.741651679171237,0.0],[-79.812493150985063,-6.741649871472755,0.0],[-79.812428021790353,-6.741646095367376,0.0],[-79.812390693997585,-6.741668343628754,0.0],[-79.812432445393924,-6.741947276638491,0.0],[-79.812452827810702,-6.742084978332789,0.0],[-79.812472667415008,-6.742222678706855,0.0],[-79.812493052483418,-6.742359295109267,0.0],[-79.812511899573408,-6.742495907770273,0.0]]]]}},
{"type":"Feature","properties":{"Layer":"TG_HAB_URB","Color":5,"ESTADO":"APROBADOS POR LA MPCH CON RESOLUCION","COD_HAB_UR":"0380","ID_COD_URB":"1401010380","TIPO_HAB_U":"H.U.","NOMB_HAB_U":"H.U. LA ESTANCIA DE CHICLAYO - IV ETAPA"},"geometry":{"type":"MultiPolygon","coordinates":[[[[-79.813611264718119,-6.741698447267475,0.0],[-79.813758097156438,-6.742657367204652,0.0],[-79.813777931464415,-6.742654101313077,0.0],[-79.814745462378795,-6.742420804169657,0.0],[-79.814874227220812,-6.742954478567982,0.0],[-79.816063811620552,-6.742707625225812,0.0],[-79.817602008777754,-6.742311700936709,0.0],[-79.817596485676006,-6.742233029961588,0.0],[-79.817377652136528,-6.742237662450681,0.0],[-79.817380160693517,-6.74187463533735,0.0],[-79.81723966944466,-6.741870948600635,0.0],[-79.815590862870209,-6.741791522363094,0.0],[-79.81392432578123,-6.741712047564274,0.0],[-79.813611264718119,-6.741698447267475,0.0]]]]}},
{"type":"Feature","properties":{"Layer":"TG_HAB_URB","Color":5,"ESTADO":"APROBADOS POR LA MPCH CON RESOLUCION","COD_HAB_UR":"0384","ID_COD_URB":"1401010384","TIPO_HAB_U":"H.U.","NOMB_HAB_U":"H.U. LA ESTANCIA DE CHICLAYO - VIII ETAPA"},"geometry":{"type":"MultiPolygon","coordinates":[[[[-79.813218065465861,-6.739130569246363,0.0],[-79.813354015588061,-6.740018424075701,0.0],[-79.814071402358579,-6.739885912277567,0.0],[-79.814149194313259,-6.740393945618482,0.0],[-79.815472545397029,-6.740149500616118,0.0],[-79.815283249356966,-6.739121888055582,0.0],[-79.815142150295202,-6.738355916122463,0.0],[-79.815038549501949,-6.738378105151588,0.0],[-79.814896415704339,-6.738420175012285,0.0],[-79.814330447675374,-6.738533944915463,0.0],[-79.813710592278412,-6.738649539238571,0.0],[-79.813481706626845,-6.738698298689647,0.0],[-79.813306265969771,-6.738728240324806,0.0],[-79.81312133481255,-6.738745159952696,0.0],[-79.81286848073276,-6.738749366647051,0.0],[-79.812572311584873,-6.738725801746537,0.0],[-79.812313577163195,-6.738665976520508,0.0],[-79.812298331114533,-6.73866224999939,0.0],[-79.812362473501025,-6.739081152607194,0.0],[-79.812870861382493,-6.739140357275645,0.0],[-79.813218065465861,-6.739130569246363,0.0]]]]}},
{"type":"Feature","properties":{"Layer":"TG_HAB_URB","Color":5,"ESTADO":"APROBADOS POR LA MPCH CON RESOLUCION","COD_HAB_UR":"0388","ID_COD_URB":"1401010388","TIPO_HAB_U":"H.U.","NOMB_HAB_U":"H.U. LA ESTANCIA DEL VALLE - IV ETAPA"},"geometry":{"type":"MultiPolygon","coordinates":[[[[-79.815142150295202,-6.738355916122463,0.0],[-79.815283249356995,-6.739121888055785,0.0],[-79.81734974545202,-6.738689016560534,0.0],[-79.817306220648092,-6.738301723953301,0.0],[-79.817263991179459,-6.73792595741183,0.0],[-79.816457139016592,-6.73807427207204,0.0],[-79.815142150295202,-6.738355916122463,0.0]]]]}},
{"type":"Feature","properties":{"Layer":"TG_HAB_URB","Color":5,"ESTADO":"APROBADOS POR LA MPCH CON RESOLUCION","COD_HAB_UR":"0382","ID_COD_URB":"1401010382","TIPO_HAB_U":"H.U.","NOMB_HAB_U":"H.U. LA ESTANCIA DE CHICLAYO - VI ETAPA"},"geometry":{"type":"MultiPolygon","coordinates":[[[[-79.813354015588061,-6.740018424075701,0.0],[-79.813611264718119,-6.741698447267475,0.0],[-79.81392432578123,-6.741712047564274,0.0],[-79.815590862870209,-6.741791522363094,0.0],[-79.815776671232655,-6.741800473392802,0.0],[-79.815472545397029,-6.740149500616118,0.0],[-79.814149194313259,-6.740393945618482,0.0],[-79.814071402358579,-6.739885912277567,0.0],[-79.813354015588061,-6.740018424075701,0.0]]]]}},
{"type":"Feature","properties":{"Layer":"TG_HAB_URB","Color":5,"ESTADO":"APROBADOS POR LA MPCH CON RESOLUCION","COD_HAB_UR":"0387","ID_COD_URB":"1401010387","TIPO_HAB_U":"H.U.","NOMB_HAB_U":"H.U. LA ESTANCIA DEL VALLE - III ETAPA"},"geometry":{"type":"MultiPolygon","coordinates":[[[[-79.817602955206496,-6.739913735919008,0.0],[-79.817708253290576,-6.74077762362784,0.0],[-79.817737274113767,-6.741255270553937,0.0],[-79.817831600446439,-6.741571289949285,0.0],[-79.817876853622494,-6.74188932997812,0.0],[-79.817862604804915,-6.741924193170076,0.0],[-79.817672088779048,-6.741908262236524,0.0],[-79.817514438195744,-6.741894107381989,0.0],[-79.817380109482286,-6.741882046470476,0.0],[-79.817377652136528,-6.742237662450681,0.0],[-79.817596485676006,-6.742233029961588,0.0],[-79.817892120023473,-6.742226771518951,0.0],[-79.818855096278895,-6.742169687311007,0.0],[-79.818686395081698,-6.741470518639483,0.0],[-79.818549380262311,-6.739761893311776,0.0],[-79.817602955206496,-6.739913735919008,0.0]]]]}},
{"type":"Feature","properties":{"Layer":"TG_HAB_URB","Color":5,"ESTADO":"APROBADOS POR LA MPCH CON RESOLUCION","COD_HAB_UR":"0230","ID_COD_URB":"1401010230","TIPO_HAB_U":"H.U.","NOMB_HAB_U":"H.U. VILLA DEL NORTE"},"geometry":{"type":"MultiPolygon","coordinates":[[[[-79.854809419160148,-6.782564162313811,0.0],[-79.854366813045075,-6.783124134657158,0.0],[-79.854168332679919,-6.783177234915495,0.0],[-79.854126636121237,-6.783297755898474,0.0],[-79.854084591009098,-6.783419687285888,0.0],[-79.854041719717586,-6.783541151262026,0.0],[-79.855398716361037,-6.784016690303156,0.0],[-79.855428570388256,-6.78377601757072,0.0],[-79.855423719944852,-6.783711079689246,0.0],[-79.855418869501278,-6.783646141807736,0.0],[-79.855414019057562,-6.783581203926211,0.0],[-79.85540916861369,-6.783516266044701,0.0],[-79.855396676107233,-6.783451784860939,0.0],[-79.855339934920934,-6.783384470510622,0.0],[-79.855297940207748,-6.783334650479749,0.0],[-79.855255945502947,-6.78328483044659,0.0],[-79.85521395080653,-6.783235010411178,0.0],[-79.855171956118483,-6.783185190373443,0.0],[-79.855129961438834,-6.783135370333474,0.0],[-79.85508796676757,-6.783085550291147,0.0],[-79.855072452649424,-6.78304739683083,0.0],[-79.855050747067082,-6.782985999106963,0.0],[-79.85502904148909,-6.782924601382964,0.0],[-79.855007335915445,-6.782863203658715,0.0],[-79.854993499224122,-6.782824064333741,0.0],[-79.854973170919465,-6.782766562418685,0.0],[-79.85495976454375,-6.782741458055916,0.0],[-79.854879100867635,-6.782579866425195,0.0],[-79.854809419160148,-6.782564162313811,0.0]]]]}},
{"type":"Feature","properties":{"Layer":"TG_HAB_URB","Color":5,"ESTADO":"APROBADOS POR LA MPCH CON RESOLUCION","COD_HAB_UR":"0171","ID_COD_URB":"1401010171","TIPO_HAB_U":"URB.","NOMB_HAB_U":"URB. LA FLORIDA II"},"geometry":{"type":"MultiPolygon","coordinates":[[[[-79.851940933345773,-6.789123546008789,0.0],[-79.851989177975994,-6.789632496810942,0.0],[-79.851656676576965,-6.790551020019117,0.0],[-79.851863112766893,-6.790917395832778,0.0],[-79.853069084111027,-6.791347738896954,0.0],[-79.853171006780173,-6.791054121358573,0.0],[-79.853163382547862,-6.790934021064746,0.0],[-79.853156383813513,-6.790823773909365,0.0],[-79.853216999881369,-6.790653338874891,0.0],[-79.85315732276193,-6.790632132093981,0.0],[-79.853172476774816,-6.790589523335489,0.0],[-79.85321793879416,-6.790461697053991,0.0],[-79.853191766086525,-6.790339744669981,0.0],[-79.853132061478703,-6.790318615448369,0.0],[-79.8531924557808,-6.79014810179027,0.0],[-79.853175738496176,-6.790142185609972,0.0],[-79.853236132751363,-6.789971671938938,0.0],[-79.853136804069678,-6.789829710039787,0.0],[-79.85319686633612,-6.789659079256499,0.0],[-79.853137120801151,-6.789638066181299,0.0],[-79.853215160925032,-6.789416361967241,0.0],[-79.852867858731585,-6.789294212332447,0.0],[-79.853078936331059,-6.788709854896535,0.0],[-79.853020778859786,-6.78869041280614,0.0],[-79.852926929656959,-6.788657288912262,0.0],[-79.852987179750812,-6.788486724363176,0.0],[-79.852927457554813,-6.788465645523624,0.0],[-79.852910394071401,-6.788459622996846,0.0],[-79.852931481599285,-6.788399925405603,0.0],[-79.852952569120916,-6.788340227812427,0.0],[-79.852965793318035,-6.78834489526912,0.0],[-79.852962328382631,-6.788276531930473,0.0],[-79.852961338400959,-6.788256999547987,0.0],[-79.852979681639468,-6.788263473761202,0.0],[-79.852994744145292,-6.78822083262027,0.0],[-79.853015831648065,-6.788161135021272,0.0],[-79.852845196921663,-6.78810090977615,0.0],[-79.852869296935324,-6.788032683958232,0.0],[-79.852893396940772,-6.787964458137768,0.0],[-79.852925630685249,-6.787873206098983,0.0],[-79.852840302559457,-6.787756928445116,0.0],[-79.852155658519038,-6.78767936828468,0.0],[-79.851742687393525,-6.787632584223075,0.0],[-79.851759928486828,-6.787764465317198,0.0],[-79.851769893927838,-6.787840693259112,0.0],[-79.851779859369998,-6.787916921201146,0.0],[-79.851789824813324,-6.787993149143253,0.0],[-79.851799790257786,-6.788069377085432,0.0],[-79.851809755703414,-6.788145605027733,0.0],[-79.851819721150193,-6.788221832970105,0.0],[-79.851829686598109,-6.788298060912547,0.0],[-79.851839710684004,-6.788374737381134,0.0],[-79.851901150020737,-6.788703856151414,0.0],[-79.851920900606601,-6.78891221281808,0.0],[-79.851927484135672,-6.788981665040324,0.0],[-79.85193406766497,-6.789051117262618,0.0],[-79.851940933345773,-6.789123546008789,0.0]]]]}},
{"type":"Feature","properties":{"Layer":"TG_HAB_URB","Color":5,"ESTADO":"APROBADOS POR LA MPCH CON RESOLUCION","COD_HAB_UR":"0172","ID_COD_URB":"1401010172","TIPO_HAB_U":"H.U.","NOMB_HAB_U":"H.U. LOS ROBLES"},"geometry":{"type":"MultiPolygon","coordinates":[[[[-79.852867858731585,-6.789294212332447,0.0],[-79.853215160925032,-6.789416361967241,0.0],[-79.853137120801151,-6.789638066181299,0.0],[-79.85319686633612,-6.789659079256499,0.0],[-79.853136804069678,-6.789829710039787,0.0],[-79.853236132751363,-6.789971671938938,0.0],[-79.853175738496176,-6.790142185609972,0.0],[-79.8531924557808,-6.79014810179027,0.0],[-79.853132061478703,-6.790318615448369,0.0],[-79.853191766086525,-6.790339744669981,0.0],[-79.85321793879416,-6.790461697053991,0.0],[-79.853172476774816,-6.790589523335489,0.0],[-79.85315732276193,-6.790632132093981,0.0],[-79.853216999881369,-6.790653338874891,0.0],[-79.853156383813513,-6.790823773909365,0.0],[-79.853163382547862,-6.790934021064746,0.0],[-79.853171006780173,-6.791054121358573,0.0],[-79.853069084111027,-6.791347738896954,0.0],[-79.854612186512043,-6.791904711872483,0.0],[-79.855007373734097,-6.79184799662517,0.0],[-79.854955018904505,-6.791416714846214,0.0],[-79.854747982543273,-6.790548686994168,0.0],[-79.854500906414202,-6.789522338672292,0.0],[-79.854256006687066,-6.788435495794564,0.0],[-79.854223293701381,-6.788290318279889,0.0],[-79.853912286772612,-6.788152938954178,0.0],[-79.853354269114931,-6.787947607464549,0.0],[-79.852840302559457,-6.787756928445116,0.0],[-79.852925630685249,-6.787873206098983,0.0],[-79.852893396940772,-6.787964458137768,0.0],[-79.852869296935324,-6.788032683958232,0.0],[-79.852845196921663,-6.78810090977615,0.0],[-79.853015831648065,-6.788161135021272,0.0],[-79.852994744145292,-6.78822083262027,0.0],[-79.852979681639468,-6.788263473761202,0.0],[-79.852961338400959,-6.788256999547987,0.0],[-79.852962328382631,-6.788276531930473,0.0],[-79.852965793318035,-6.78834489526912,0.0],[-79.852952569120916,-6.788340227812427,0.0],[-79.852931481599285,-6.788399925405603,0.0],[-79.852910394071401,-6.788459622996846,0.0],[-79.852927457554813,-6.788465645523624,0.0],[-79.852987179750812,-6.788486724363176,0.0],[-79.852926929656959,-6.788657288912262,0.0],[-79.853020778859786,-6.78869041280614,0.0],[-79.853078936331059,-6.788709854896535,0.0],[-79.852867858731585,-6.789294212332447,0.0]]]]}},
{"type":"Feature","properties":{"Layer":"TG_HAB_URB","Color":5,"ESTADO":"APROBADOS POR LA MPCH CON RESOLUCION","COD_HAB_UR":"0050","ID_COD_URB":"1401010050","TIPO_HAB_U":"H.U.","NOMB_HAB_U":"H.U. SANTA MARÍA"},"geometry":{"type":"MultiPolygon","coordinates":[[[[-79.85143390821132,-6.761519418898406,0.0],[-79.851529961512483,-6.761961959280929,0.0],[-79.851633455238044,-6.76254251073394,0.0],[-79.851586178387763,-6.763689997166967,0.0],[-79.852057744377618,-6.763209135401456,0.0],[-79.853928689695422,-6.761301293399276,0.0],[-79.854102544289688,-6.761146705158657,0.0],[-79.854071404296263,-6.760953185773671,0.0],[-79.85404485331226,-6.760788180657176,0.0],[-79.854032430577007,-6.760710977666336,0.0],[-79.854019858208318,-6.76063284474363,0.0],[-79.854007285841618,-6.760554711821006,0.0],[-79.853993714508974,-6.760470370655989,0.0],[-79.853850208519518,-6.760499014265205,0.0],[-79.853843905277202,-6.760466327506201,0.0],[-79.853716351574263,-6.760490596755146,0.0],[-79.853638707081629,-6.760505369914739,0.0],[-79.853573245138563,-6.760517825130477,0.0],[-79.853501781582949,-6.760531422240976,0.0],[-79.853436567850267,-6.7605438302103,0.0],[-79.853323605227231,-6.760471132878997,0.0],[-79.853001662949495,-6.760503488169947,0.0],[-79.852791637263593,-6.76044409360828,0.0],[-79.852755056117331,-6.760449885969085,0.0],[-79.852569191602043,-6.760480866758987,0.0],[-79.852546794342132,-6.760371316615003,0.0],[-79.852443682473094,-6.760329466713395,0.0],[-79.852430590586337,-6.760258667610051,0.0],[-79.852357793832851,-6.760272101306439,0.0],[-79.852162133324043,-6.760271640027632,0.0],[-79.852009083828065,-6.760277892782174,0.0],[-79.851849663334619,-6.76031329319937,0.0],[-79.851690539896452,-6.760350004896885,0.0],[-79.851602581126642,-6.760446734162909,0.0],[-79.851441142466868,-6.760481427117393,0.0],[-79.851450721870549,-6.760525426818971,0.0],[-79.851460527645258,-6.760569572788381,0.0],[-79.851223947150842,-6.760622085240317,0.0],[-79.8512650815386,-6.760818433887205,0.0],[-79.85143390821132,-6.761519418898406,0.0]]]]}},
{"type":"Feature","properties":{"Layer":"TG_HAB_URB","Color":5,"ESTADO":"APROBADOS POR LA MPCH CON RESOLUCION","COD_HAB_UR":"0383","ID_COD_URB":"1401010383","TIPO_HAB_U":"H.U.","NOMB_HAB_U":"H.U. LA ESTANCIA DE CHICLAYO - VII ETAPA"},"geometry":{"type":"MultiPolygon","coordinates":[[[[-79.811930365870097,-6.738572309802289,0.0],[-79.812403280759185,-6.741660841617019,0.0],[-79.812428021790353,-6.741646095367376,0.0],[-79.812493150985063,-6.741649871472755,0.0],[-79.812534759390715,-6.741651679171237,0.0],[-79.812565262759605,-6.74165300440346,0.0],[-79.812619493544688,-6.741655360478982,0.0],[-79.812673724331333,-6.741657716548569,0.0],[-79.812727955119556,-6.74166007261222,0.0],[-79.81278218590937,-6.741662428669936,0.0],[-79.812836416700762,-6.741664784721733,0.0],[-79.812890647493717,-6.741667140767579,0.0],[-79.812944878288263,-6.741669496807492,0.0],[-79.812999109084387,-6.741671852841467,0.0],[-79.813053339882089,-6.741674208869525,0.0],[-79.813107570681353,-6.741676564891633,0.0],[-79.81316180148221,-6.741678920907805,0.0],[-79.813216032284643,-6.741681276918042,0.0],[-79.813270263088654,-6.741683632922359,0.0],[-79.813324493894243,-6.741685988920726,0.0],[-79.813378724701408,-6.741688344913157,0.0],[-79.813432955510137,-6.741690700899655,0.0],[-79.813487186320472,-6.741693056880218,0.0],[-79.813533870090268,-6.741695084985512,0.0],[-79.813611264718119,-6.741698447267475,0.0],[-79.813354015588061,-6.740018424075701,0.0],[-79.813218065465861,-6.739130569246363,0.0],[-79.812870861382493,-6.739140357275645,0.0],[-79.812362473501025,-6.739081152607194,0.0],[-79.812298331114533,-6.73866224999939,0.0],[-79.811930365870097,-6.738572309802289,0.0]]]]}},
{"type":"Feature","properties":{"Layer":"TG_HAB_URB","Color":5,"ESTADO":"APROBADOS POR LA MPCH CON RESOLUCION","COD_HAB_UR":"0337","ID_COD_URB":"1401010337","TIPO_HAB_U":"H.U.","NOMB_HAB_U":"H.U. NUEVA POSADA DEL SOL DE CHICLAYO - II ETAPA"},"geometry":{"type":"MultiPolygon","coordinates":[[[[-79.793554937838522,-6.74311707682237,0.0],[-79.793501929338873,-6.743438322973446,0.0],[-79.793368088136816,-6.743415919116215,0.0],[-79.793268290479304,-6.743387237283541,0.0],[-79.793219570756705,-6.743682500098056,0.0],[-79.793313703328565,-6.743740024089916,0.0],[-79.79335333431213,-6.743746272870529,0.0],[-79.795087410462386,-6.74401967327756,0.0],[-79.795100972995513,-6.743931567643557,0.0],[-79.795121100799577,-6.743797387076364,0.0],[-79.795145557651097,-6.743801480854031,0.0],[-79.795159777238638,-6.743715829236159,0.0],[-79.79520395016705,-6.743448123791684,0.0],[-79.795220735763607,-6.743346396305587,0.0],[-79.795242822280599,-6.743212543001493,0.0],[-79.795296358808571,-6.743221504345043,0.0],[-79.795349895339527,-6.743230465683065,0.0],[-79.795403431873481,-6.743239427015559,0.0],[-79.795456968410406,-6.743248388342525,0.0],[-79.7955105049503,-6.743257349663962,0.0],[-79.795564041493193,-6.743266310979869,0.0],[-79.79561757762383,-6.743275274806737,0.0],[-79.79563966434776,-6.743141419528819,0.0],[-79.79564414640582,-6.743114659822562,0.0],[-79.796018617083774,-6.743177341074984,0.0],[-79.796031123775066,-6.743102674568279,0.0],[-79.796165027600495,-6.74312482026433,0.0],[-79.796258273458989,-6.74255969112408,0.0],[-79.796215083835577,-6.74252651161268,0.0],[-79.796204323577442,-6.742518245271609,0.0],[-79.796172065316455,-6.742493463541018,0.0],[-79.796150546870123,-6.742476932444837,0.0],[-79.796129042593051,-6.74246041223202,0.0],[-79.796096765382899,-6.742435615934289,0.0],[-79.796086015664784,-6.742427357685213,0.0],[-79.796042978641239,-6.742394295375445,0.0],[-79.796036704051431,-6.742389475050013,0.0],[-79.795989186550401,-6.742352970856627,0.0],[-79.795938076036805,-6.742313706071831,0.0],[-79.795886799091818,-6.742274313580003,0.0],[-79.795835697838186,-6.742235143475252,0.0],[-79.79578462231774,-6.742195945436998,0.0],[-79.795733426381958,-6.742156904209839,0.0],[-79.795690246181934,-6.742124020818616,0.0],[-79.795647065988021,-6.742091137424562,0.0],[-79.795600287451521,-6.742055513744471,0.0],[-79.795557211141841,-6.742022495084003,0.0],[-79.795514140115685,-6.741989469548519,0.0],[-79.795471069095655,-6.741956444010227,0.0],[-79.795427998081735,-6.741923418469143,0.0],[-79.795384927060795,-6.741890392942315,0.0],[-79.795381337823528,-6.741887640796428,0.0],[-79.795341864030476,-6.741857357015316,0.0],[-79.795303884136317,-6.741906814056644,0.0],[-79.795259227799619,-6.741964965068188,0.0],[-79.795177109966716,-6.741901921711898,0.0],[-79.795048616798255,-6.741803275110891,0.0],[-79.795006065680155,-6.74177060138588,0.0],[-79.794943244571385,-6.741852378233455,0.0],[-79.794769250716413,-6.742891185302181,0.0],[-79.794764768615948,-6.742917944992506,0.0],[-79.793779967236816,-6.742754363643398,0.0],[-79.793759601944757,-6.742876169386519,0.0],[-79.793732952579958,-6.742871775448001,0.0],[-79.793599111524216,-6.742849371574375,0.0],[-79.793590276779142,-6.74290291270925,0.0],[-79.793581442048406,-6.742956453738564,0.0],[-79.793554937838522,-6.74311707682237,0.0]]]]}},
{"type":"Feature","properties":{"Layer":"TG_HAB_URB","Color":5,"ESTADO":"APROBADOS POR LA MPCH CON RESOLUCION","COD_HAB_UR":"0005","ID_COD_URB":"1401010005","TIPO_HAB_U":"URB.","NOMB_HAB_U":"URB. SAN EDUARDO"},"geometry":{"type":"MultiPolygon","coordinates":[[[[-79.836381676751699,-6.777859445167196,0.0],[-79.836401688458892,-6.780031901359035,0.0],[-79.834559734017958,-6.779643668925619,0.0],[-79.834415910074554,-6.780144322054239,0.0],[-79.835771261666537,-6.780312610746316,0.0],[-79.837697567996202,-6.78055178607335,0.0],[-79.837691426393093,-6.780504797831737,0.0],[-79.837825388519619,-6.780451499808318,0.0],[-79.837755531808213,-6.780307739151384,0.0],[-79.837821199719315,-6.780280111387238,0.0],[-79.837877430277402,-6.780256454090392,0.0],[-79.837920432594146,-6.780238362167369,0.0],[-79.837982030750297,-6.780212446598242,0.0],[-79.838049369069395,-6.780184116015559,0.0],[-79.838120344661775,-6.780154255144383,0.0],[-79.838180044499396,-6.780129138200325,0.0],[-79.8382022696684,-6.780119787613987,0.0],[-79.838278654279264,-6.780087651023684,0.0],[-79.838200136197415,-6.779921013393936,0.0],[-79.838299496086563,-6.779881481686553,0.0],[-79.838387356038709,-6.780063934433186,0.0],[-79.838490124586173,-6.780020680016105,0.0],[-79.83838399079049,-6.779800279322232,0.0],[-79.838475590870701,-6.779747172669597,0.0],[-79.838500530895928,-6.779799845815727,0.0],[-79.838559273829162,-6.779777396461697,0.0],[-79.838590715818228,-6.779829934599523,0.0],[-79.83866619073892,-6.779806039157941,0.0],[-79.838700692617678,-6.779795115820755,0.0],[-79.838739113496246,-6.779891607395844,0.0],[-79.839017548019257,-6.779799675048275,0.0],[-79.838971422127429,-6.77970201520609,0.0],[-79.838940302580752,-6.779636127462373,0.0],[-79.838990683558748,-6.779616304334907,0.0],[-79.839027369762107,-6.779550272004255,0.0],[-79.838990591930042,-6.779432552338728,0.0],[-79.838587615175683,-6.779556512966439,0.0],[-79.838329707934079,-6.779705617902562,0.0],[-79.838255506486334,-6.779540822945211,0.0],[-79.838230935779521,-6.779486253480977,0.0],[-79.83820423546878,-6.779426954333639,0.0],[-79.838178503927082,-6.779369806729424,0.0],[-79.838155134262607,-6.7793167001223,0.0],[-79.838128502630056,-6.77925618081375,0.0],[-79.83810511602637,-6.779200376951656,0.0],[-79.838091585868696,-6.779169758707944,0.0],[-79.838078055712487,-6.779139140464106,0.0],[-79.838058162624137,-6.779094123134286,0.0],[-79.837985493720453,-6.779000861914507,0.0],[-79.837933042982954,-6.778902662972301,0.0],[-79.837917593040913,-6.778869513386351,0.0],[-79.837823973992286,-6.778893253662277,0.0],[-79.837671791585919,-6.778081802616922,0.0],[-79.836374381376018,-6.777305715277753,0.0],[-79.836381676751699,-6.777859445167196,0.0]]]]}},
{"type":"Feature","properties":{"Layer":"TG_HAB_URB","Color":5,"ESTADO":"APROBADOS POR LA MPCH CON RESOLUCION","COD_HAB_UR":"0001","ID_COD_URB":"1401010001","TIPO_HAB_U":"URB.","NOMB_HAB_U":"URB. SANTA VICTORIA"},"geometry":{"type":"MultiPolygon","coordinates":[[[[-79.84442613778468,-6.78345378923995,0.0],[-79.844423390734619,-6.783441917108282,0.0],[-79.844402929400971,-6.783353490006492,0.0],[-79.844382468142058,-6.783265062627738,0.0],[-79.844362007261708,-6.783176635251305,0.0],[-79.844341546386673,-6.783088207875517,0.0],[-79.844318915026705,-6.783000478474105,0.0],[-79.844273652324219,-6.782825019671635,0.0],[-79.844251020981716,-6.782737290270425,0.0],[-79.844234247129208,-6.782672267157684,0.0],[-79.844385860457479,-6.782637327686077,0.0],[-79.844429690680599,-6.782627227003056,0.0],[-79.844487219775488,-6.782613969406058,0.0],[-79.844579713308391,-6.782592654315399,0.0],[-79.844696363383079,-6.782565772132343,0.0],[-79.844802752035889,-6.782543533899068,0.0],[-79.844986767897566,-6.782496225296755,0.0],[-79.845205834366723,-6.782439905432849,0.0],[-79.845180341922386,-6.782340827308889,0.0],[-79.845428290775729,-6.782277742296527,0.0],[-79.845095976692477,-6.780972658540604,0.0],[-79.844911616672803,-6.781022568003727,0.0],[-79.844612005512786,-6.779836532726885,0.0],[-79.84441932508318,-6.779116291862907,0.0],[-79.844248245795526,-6.779148145489348,0.0],[-79.843996681066585,-6.778927551815131,0.0],[-79.843755270039281,-6.778879007838425,0.0],[-79.843400313832618,-6.778894778152565,0.0],[-79.843195971635424,-6.779013542112391,0.0],[-79.843098856082747,-6.779096342657725,0.0],[-79.842758739913151,-6.77930206020359,0.0],[-79.842151524304171,-6.77954131744788,0.0],[-79.841888472996899,-6.779594736014958,0.0],[-79.841506141975586,-6.779643895014525,0.0],[-79.84116556960258,-6.779610075775969,0.0],[-79.84078600848359,-6.779538385707267,0.0],[-79.840332212573628,-6.779395250822635,0.0],[-79.840050289382702,-6.779255799373913,0.0],[-79.839552120109616,-6.778947239584203,0.0],[-79.839378130490999,-6.77883780953595,0.0],[-79.839240059878932,-6.779088136515086,0.0],[-79.839236860944979,-6.77933868933945,0.0],[-79.839203599899818,-6.779522722575161,0.0],[-79.839027369762093,-6.779550272004255,0.0],[-79.838990683558748,-6.77961630433489,0.0],[-79.838940302580752,-6.779636127462373,0.0],[-79.838971422127429,-6.77970201520609,0.0],[-79.839017548019257,-6.779799675048275,0.0],[-79.838739113496246,-6.779891607395828,0.0],[-79.838700692617678,-6.779795115820755,0.0],[-79.83866619073892,-6.779806039157941,0.0],[-79.838590715818242,-6.77982993459954,0.0],[-79.838559273829162,-6.779777396461697,0.0],[-79.838500530895928,-6.779799845815727,0.0],[-79.838475590870701,-6.779747172669597,0.0],[-79.83838399079049,-6.779800279322232,0.0],[-79.838490124586173,-6.780020680016105,0.0],[-79.838387356038709,-6.780063934433186,0.0],[-79.838299496086563,-6.779881481686553,0.0],[-79.838200136197415,-6.779921013393936,0.0],[-79.838278654279264,-6.780087651023684,0.0],[-79.8382022696684,-6.780119787613987,0.0],[-79.838180044499396,-6.780129138200325,0.0],[-79.838120344661775,-6.780154255144383,0.0],[-79.838049369069395,-6.780184116015559,0.0],[-79.837982030750297,-6.780212446598242,0.0],[-79.837920432594146,-6.780238362167369,0.0],[-79.837877430277402,-6.780256454090392,0.0],[-79.837821199719315,-6.780280111387238,0.0],[-79.837755531808213,-6.780307739151401,0.0],[-79.837825388519633,-6.780451499808318,0.0],[-79.837691426393093,-6.780504797831737,0.0],[-79.837697567996202,-6.78055178607335,0.0],[-79.837701179182801,-6.780567030057878,0.0],[-79.837736106309578,-6.780714468704327,0.0],[-79.83773163576177,-6.780798810121154,0.0],[-79.837741302717419,-6.780872377382263,0.0],[-79.837744714977532,-6.780945555951383,0.0],[-79.837752818651779,-6.781027698711559,0.0],[-79.837760873153087,-6.781109343028954,0.0],[-79.837756596237952,-6.781182774623661,0.0],[-79.837752381477259,-6.781255366929655,0.0],[-79.837748108666048,-6.781328500332927,0.0],[-79.837743835851683,-6.781401633736181,0.0],[-79.837746180349498,-6.781483902578951,0.0],[-79.837765883345952,-6.781563813499885,0.0],[-79.837819936345383,-6.781616959991507,0.0],[-79.837875241059379,-6.781665028250788,0.0],[-79.837919713092049,-6.781723256667995,0.0],[-79.837954563098577,-6.781787701845102,0.0],[-79.837989628236215,-6.781852544830539,0.0],[-79.838028727458507,-6.781915073898338,0.0],[-79.838068223885259,-6.781978301727809,0.0],[-79.838106413624118,-6.782039437793323,0.0],[-79.838146003771399,-6.782102799616238,0.0],[-79.838184430068395,-6.782166873388711,0.0],[-79.838222856374259,-6.782230947159213,0.0],[-79.838284333639621,-6.782331226450435,0.0],[-79.838330159589475,-6.782421916773456,0.0],[-79.838362632686085,-6.782486181556972,0.0],[-79.838372935984296,-6.782506571947541,0.0],[-79.838391208897008,-6.782552906383671,0.0],[-79.838417788501616,-6.782620303999777,0.0],[-79.83844436811232,-6.782687701615502,0.0],[-79.838449461140812,-6.782799061327502,0.0],[-79.838481379283948,-6.782898913924409,0.0],[-79.838561414084552,-6.78299034024903,0.0],[-79.838620367630185,-6.782970449247087,0.0],[-79.838630455208445,-6.783002912231871,0.0],[-79.838721613178464,-6.783055547328975,0.0],[-79.838747641215804,-6.783047835399708,0.0],[-79.838762752588593,-6.783093331893083,0.0],[-79.838773112277266,-6.783129419976844,0.0],[-79.839073199202645,-6.783040444469005,0.0],[-79.839100959767165,-6.783123541664656,0.0],[-79.839153537295999,-6.783131075841573,0.0],[-79.839203210630117,-6.783108902459867,0.0],[-79.839268704839498,-6.783164826306633,0.0],[-79.839308505999824,-6.783175100939232,0.0],[-79.839334759389985,-6.783181878225595,0.0],[-79.83940265641688,-6.783186578424425,0.0],[-79.839479029476905,-6.783171692743215,0.0],[-79.839556297096522,-6.783175449279559,0.0],[-79.839593430583989,-6.783181008965908,0.0],[-79.839630565627928,-6.783186568882472,0.0],[-79.839705425202112,-6.783180604366388,0.0],[-79.839780455683353,-6.783183716415187,0.0],[-79.839856164031744,-6.783177025541533,0.0],[-79.839886021497136,-6.783168809154619,0.0],[-79.839929875873111,-6.783156740598612,0.0],[-79.839975470143472,-6.783150526886446,0.0],[-79.840024007269975,-6.783143912383315,0.0],[-79.840070636340371,-6.783147631763939,0.0],[-79.840112881857138,-6.78315603889956,0.0],[-79.840178624057231,-6.783179676141335,0.0],[-79.84020622548347,-6.78318570245755,0.0],[-79.84024035721788,-6.783187316182881,0.0],[-79.840293053869146,-6.783181998507478,0.0],[-79.840299018645709,-6.783199076274837,0.0],[-79.840397067121216,-6.783174200946922,0.0],[-79.840586153751659,-6.783112031984527,0.0],[-79.840672102207265,-6.783083773337811,0.0],[-79.840758050655552,-6.78305551467413,0.0],[-79.840838088094031,-6.783009292154401,0.0],[-79.840918125518257,-6.782963069618802,0.0],[-79.841014170409863,-6.78290760255482,0.0],[-79.841110215281205,-6.782852135468016,0.0],[-79.841124633010821,-6.782895951611224,0.0],[-79.841166793119285,-6.782973762466503,0.0],[-79.841209029218106,-6.783093375016898,0.0],[-79.841222591833315,-6.783131830101314,0.0],[-79.841250804175303,-6.783163063122743,0.0],[-79.841294868044869,-6.78321184633217,0.0],[-79.841340717683394,-6.783208614803015,0.0],[-79.841413306016292,-6.783303905628815,0.0],[-79.841433009421166,-6.783326140425394,0.0],[-79.841501202189065,-6.783395086882187,0.0],[-79.841534005471019,-6.783460596870883,0.0],[-79.841566605536926,-6.783525702843615,0.0],[-79.841571231305963,-6.783535876791583,0.0],[-79.841578038109233,-6.78359897959365,0.0],[-79.84158839458334,-6.783677436397692,0.0],[-79.84160983688723,-6.783763439033433,0.0],[-79.841638473753861,-6.783857970944008,0.0],[-79.841595607858181,-6.783874985282268,0.0],[-79.841603343303376,-6.783956306319807,0.0],[-79.841609992527012,-6.784026210568765,0.0],[-79.841702868162642,-6.784105784504108,0.0],[-79.841794537440322,-6.784259342400727,0.0],[-79.841805001923575,-6.784271842435913,0.0],[-79.841854108056239,-6.784316054495498,0.0],[-79.841862775536001,-6.784332467391987,0.0],[-79.841869527416705,-6.784345203849656,0.0],[-79.841894339498509,-6.784355944294116,0.0],[-79.841915208408025,-6.784388087179593,0.0],[-79.841936980310876,-6.784421324178082,0.0],[-79.841947112086558,-6.784453338806345,0.0],[-79.841952007584723,-6.78446880770966,0.0],[-79.841964811443162,-6.784499997441609,0.0],[-79.841968701240944,-6.784522560875506,0.0],[-79.841980331775432,-6.784586873479106,0.0],[-79.841981223831823,-6.78459527164795,0.0],[-79.841995700119767,-6.784667181415885,0.0],[-79.84201511282572,-6.784753881821612,0.0],[-79.842018819941245,-6.784761624702901,0.0],[-79.842019780390459,-6.784763627179772,0.0],[-79.842066424674385,-6.784841820252677,0.0],[-79.842039834651473,-6.784850134213191,0.0],[-79.842054740629266,-6.784891975703328,0.0],[-79.842072952304946,-6.78494309637336,0.0],[-79.842123809811284,-6.784924993098789,0.0],[-79.842136754153756,-6.785010773546745,0.0],[-79.842188897412854,-6.785154705817138,0.0],[-79.842406488218444,-6.785075629683587,0.0],[-79.842460866091855,-6.785223533620396,0.0],[-79.842557923851828,-6.785212205920258,0.0],[-79.842638520861726,-6.785254285810459,0.0],[-79.842661485984351,-6.78528935420143,0.0],[-79.842667088299137,-6.785318495609681,0.0],[-79.842677287658958,-6.785378681325286,0.0],[-79.842678863346293,-6.785454181166656,0.0],[-79.842679894526938,-6.785526523972496,0.0],[-79.84269041583525,-6.785599749099793,0.0],[-79.842692472855063,-6.785674152525569,0.0],[-79.842721431521966,-6.785740961860673,0.0],[-79.842765988372804,-6.785802291277372,0.0],[-79.842789277736799,-6.785871469895091,0.0],[-79.842812592431386,-6.785940735355688,0.0],[-79.842826437540225,-6.786012583430399,0.0],[-79.842850639567345,-6.786080773729857,0.0],[-79.842874927779576,-6.786148936463806,0.0],[-79.842899128091091,-6.786217121263515,0.0],[-79.842930703289667,-6.786282820300927,0.0],[-79.842982903315971,-6.786334635959204,0.0],[-79.843029379492066,-6.786414122184843,0.0],[-79.843060023501948,-6.786499312767887,0.0],[-79.843105700934657,-6.786588417152918,0.0],[-79.843158768592986,-6.786687033308199,0.0],[-79.843190084291393,-6.786774517527439,0.0],[-79.843228810030695,-6.78684374639312,0.0],[-79.84297822516217,-6.786933868132824,0.0],[-79.843063648805227,-6.78717239120662,0.0],[-79.843002049719459,-6.787319791455699,0.0],[-79.84288437306104,-6.787601379210348,0.0],[-79.847178371526184,-6.789273840081989,0.0],[-79.846788159701703,-6.78770247257266,0.0],[-79.846574744348686,-6.786850966867607,0.0],[-79.846344054365161,-6.785899041672569,0.0],[-79.84604769851353,-6.784740011831817,0.0],[-79.845957141738154,-6.784385848988568,0.0],[-79.845715766327061,-6.783409894311461,0.0],[-79.84553406891925,-6.78344794657205,0.0],[-79.84539058068664,-6.783149960220048,0.0],[-79.845307781821347,-6.783179035849989,0.0],[-79.845235949249883,-6.783202359174119,0.0],[-79.845160146049423,-6.783226971706644,0.0],[-79.845037575201459,-6.783266769271155,0.0],[-79.844951472299059,-6.78329472596684,0.0],[-79.844860215494123,-6.783324356058787,0.0],[-79.84476950158826,-6.783353809855839,0.0],[-79.844679552973659,-6.783383015149951,0.0],[-79.844591559693157,-6.783411585548175,0.0],[-79.844574420904252,-6.783417150442411,0.0],[-79.844505999595924,-6.783434056360605,0.0],[-79.84442613778468,-6.78345378923995,0.0]]]]}},
{"type":"Feature","properties":{"Layer":"TG_HAB_URB","Color":5,"ESTADO":"APROBADOS POR LA MPCH CON RESOLUCION","COD_HAB_UR":"0179","ID_COD_URB":"1401010179","TIPO_HAB_U":"URB.","NOMB_HAB_U":"URB. SAN MARTÍN"},"geometry":{"type":"MultiPolygon","coordinates":[[[[-79.831563737884437,-6.765821701341372,0.0],[-79.831582742066018,-6.765876825166761,0.0],[-79.831599686298205,-6.765925496866004,0.0],[-79.831626584535684,-6.765998203152772,0.0],[-79.831681114076986,-6.766145303615207,0.0],[-79.831770442486516,-6.766220711018939,0.0],[-79.83180933717756,-6.766799086779065,0.0],[-79.831835808394629,-6.766798898930974,0.0],[-79.831870640396971,-6.766798651749918,0.0],[-79.831925309367108,-6.766928051138065,0.0],[-79.83194803686338,-6.766981846246209,0.0],[-79.83197445431567,-6.767044375325187,0.0],[-79.83199605524112,-6.767095503862765,0.0],[-79.832012817866655,-6.767135180329137,0.0],[-79.832044993146781,-6.767211337918847,0.0],[-79.832099937019009,-6.767321122492857,0.0],[-79.832128274889243,-6.767396903629585,0.0],[-79.832151223480665,-6.767447412188644,0.0],[-79.832179904570452,-6.767510537641202,0.0],[-79.832267903853904,-6.767704218984296,0.0],[-79.832295408884747,-6.767764755941422,0.0],[-79.832322023799577,-6.767823333792736,0.0],[-79.832340880835616,-6.767864837004764,0.0],[-79.832401437458358,-6.767998118478399,0.0],[-79.83240429907589,-6.768004416724369,0.0],[-79.832465660330428,-6.768167926893197,0.0],[-79.832768476781666,-6.768152621874881,0.0],[-79.832459710397671,-6.765299513638325,0.0],[-79.832391361636056,-6.765256843416189,0.0],[-79.832061958374524,-6.764883671680174,0.0],[-79.831709668267948,-6.764405745349638,0.0],[-79.831211092638071,-6.764391263252548,0.0],[-79.831208272222852,-6.764448773093228,0.0],[-79.831207001698303,-6.764474679785624,0.0],[-79.831205687096357,-6.764501485232099,0.0],[-79.831134504768514,-6.764504731350061,0.0],[-79.83115236686335,-6.764562189533175,0.0],[-79.831174949953208,-6.764634834039017,0.0],[-79.83118203704754,-6.764657631556557,0.0],[-79.831197249657166,-6.764706566942686,0.0],[-79.831217714505755,-6.764772397534082,0.0],[-79.831231904269856,-6.764818042650701,0.0],[-79.83124582115579,-6.764862809976535,0.0],[-79.831259739197478,-6.764907581013871,0.0],[-79.831273383207076,-6.76495147054897,0.0],[-79.831286167294238,-6.764992593912634,0.0],[-79.831304763738729,-6.765052414236107,0.0],[-79.831336884878212,-6.765155740249202,0.0],[-79.831352381922855,-6.765205590518604,0.0],[-79.831387602487723,-6.76531888658526,0.0],[-79.831432189250563,-6.76544012905172,0.0],[-79.831493119035855,-6.765616863121431,0.0],[-79.831511454373683,-6.765670046923805,0.0],[-79.831528511796819,-6.765719523976175,0.0],[-79.831546847140672,-6.765772707778277,0.0],[-79.831563737884437,-6.765821701341372,0.0]]]]}},
{"type":"Feature","properties":{"Layer":"TG_HAB_URB","Color":5,"ESTADO":"APROBADOS POR LA MPCH CON RESOLUCION","COD_HAB_UR":"0110","ID_COD_URB":"1401010110","TIPO_HAB_U":"H.U.","NOMB_HAB_U":"H.U. QUINTA LAS DELICIAS"},"geometry":{"type":"MultiPolygon","coordinates":[[[[-79.847894634972405,-6.785035810781682,0.0],[-79.847910506736525,-6.78510176102337,0.0],[-79.847926378503544,-6.785167711265109,0.0],[-79.847935254127862,-6.785204591184377,0.0],[-79.847942250273434,-6.785233661506849,0.0],[-79.847961296401138,-6.785312801796984,0.0],[-79.847987960986927,-6.785423598203311,0.0],[-79.848002580073612,-6.785418813974408,0.0],[-79.848058338707546,-6.785499028859328,0.0],[-79.848102222829766,-6.785562160942186,0.0],[-79.848151786086575,-6.785633463056712,0.0],[-79.848188442254042,-6.785686196910394,0.0],[-79.848192232721132,-6.785692360904274,0.0],[-79.848264799129197,-6.785823747067353,0.0],[-79.848276727291704,-6.785875114080953,0.0],[-79.849439095148867,-6.785566584514365,0.0],[-79.849427406444065,-6.785539701869204,0.0],[-79.84939845603536,-6.785396945599913,0.0],[-79.849512187869706,-6.78536955441789,0.0],[-79.849500903466506,-6.785299275743871,0.0],[-79.849489759874885,-6.785232181470171,0.0],[-79.849512494300825,-6.785226349462208,0.0],[-79.849485572716347,-6.785068278566499,0.0],[-79.849475278169422,-6.785047920148273,0.0],[-79.849456657980312,-6.784904415015367,0.0],[-79.849357441470289,-6.784912268602251,0.0],[-79.849343913124386,-6.784913338377042,0.0],[-79.849280366742377,-6.784913187641469,0.0],[-79.849280773891323,-6.784918331204037,0.0],[-79.849204106312484,-6.784924393793375,0.0],[-79.84912743873376,-6.78493045637027,0.0],[-79.849050771155134,-6.784936518934721,0.0],[-79.848974103576623,-6.784942581486724,0.0],[-79.848954197786469,-6.784944155551479,0.0],[-79.848897435998239,-6.784948644026299,0.0],[-79.848820768419969,-6.784954706553412,0.0],[-79.848744100841813,-6.784960769068064,0.0],[-79.84873916545726,-6.784961080795887,0.0],[-79.848688052509885,-6.78496427025137,0.0],[-79.84863385697804,-6.78496765568914,0.0],[-79.848556579667459,-6.784972482968017,0.0],[-79.84841832248955,-6.784981119442725,0.0],[-79.848345003048067,-6.784701235497661,0.0],[-79.8481519047277,-6.784728413833163,0.0],[-79.848088738186888,-6.784737289815063,0.0],[-79.848025273096141,-6.78474539119043,0.0],[-79.847792064379419,-6.784775567972179,0.0],[-79.847725982891035,-6.784784642016541,0.0],[-79.847654721015189,-6.784807426331104,0.0],[-79.847611183279469,-6.784821346495129,0.0],[-79.847677756618836,-6.784859478445517,0.0],[-79.847761175632556,-6.785024387434481,0.0],[-79.847764998916517,-6.785053074369654,0.0],[-79.847827779409556,-6.785044714156959,0.0],[-79.847894634972405,-6.785035810781682,0.0]]]]}},
{"type":"Feature","properties":{"Layer":"TG_HAB_URB","Color":5,"ESTADO":"APROBADOS POR LA MPCH CON RESOLUCION","COD_HAB_UR":"0180","ID_COD_URB":"1401010180","TIPO_HAB_U":"URB.","NOMB_HAB_U":"URB. SAN JUAN"},"geometry":{"type":"MultiPolygon","coordinates":[[[[-79.832459710397671,-6.765299513638325,0.0],[-79.832768476781666,-6.768152621874881,0.0],[-79.832945636560652,-6.769599752291835,0.0],[-79.834069598256391,-6.769524651904608,0.0],[-79.834020229709935,-6.769348081257909,0.0],[-79.834017506324557,-6.769297617311726,0.0],[-79.834099186839111,-6.769275176682021,0.0],[-79.834179072172319,-6.769253229238471,0.0],[-79.834234217973489,-6.769238078646401,0.0],[-79.834273159454753,-6.76923677685633,0.0],[-79.834271002060589,-6.769228773692993,0.0],[-79.834611230605049,-6.769142594260462,0.0],[-79.834608929413292,-6.769134057682441,0.0],[-79.834897686217801,-6.769056275663996,0.0],[-79.834888116400393,-6.769013413302347,0.0],[-79.834884254794432,-6.768986353538212,0.0],[-79.834870163354125,-6.768887475977755,0.0],[-79.834860985484355,-6.768823076208979,0.0],[-79.834856071916192,-6.768788598417464,0.0],[-79.834851619766837,-6.768757358332806,0.0],[-79.834843066005135,-6.768697337826104,0.0],[-79.834835878363805,-6.768646903183563,0.0],[-79.834828529567019,-6.768595337732005,0.0],[-79.834820314000893,-6.768537690279197,0.0],[-79.834815077844567,-6.768500948915911,0.0],[-79.834841077084377,-6.768499615555005,0.0],[-79.834840909324498,-6.768400470892326,0.0],[-79.83505149457703,-6.768382375966445,0.0],[-79.835043197338408,-6.768286346063649,0.0],[-79.835146674744109,-6.768275646934454,0.0],[-79.835377495324366,-6.76825178097334,0.0],[-79.835371402629718,-6.768203311711314,0.0],[-79.835365998692453,-6.7681603217237,0.0],[-79.835362984813628,-6.7681363453871,0.0],[-79.83569114156991,-6.76805697873325,0.0],[-79.835436545119322,-6.767003563941809,0.0],[-79.835166637822965,-6.766898669355045,0.0],[-79.833334299934123,-6.765843991158416,0.0],[-79.833040872894202,-6.765662333516298,0.0],[-79.832459710397671,-6.765299513638325,0.0]]]]}},
{"type":"Feature","properties":{"Layer":"TG_HAB_URB","Color":5,"ESTADO":"APROBADOS POR LA MPCH CON RESOLUCION","COD_HAB_UR":"0412","ID_COD_URB":"1401010412","TIPO_HAB_U":"H.U.","NOMB_HAB_U":"H.U. PUERTAS DEL SOL"},"geometry":{"type":"MultiPolygon","coordinates":[[[[-79.8238824178204,-6.806465477866228,0.0],[-79.824045656148741,-6.807468995024014,0.0],[-79.824057358331771,-6.807540942751141,0.0],[-79.824066134970138,-6.807594903546567,0.0],[-79.824074911609472,-6.807648864342053,0.0],[-79.824083688249758,-6.807702825137601,0.0],[-79.824097166666988,-6.807785693523842,0.0],[-79.824109428248974,-6.807854302608445,0.0],[-79.824132276008996,-6.80797032856954,0.0],[-79.824184080228164,-6.807965143182146,0.0],[-79.82424264151922,-6.807959281432965,0.0],[-79.824359764100677,-6.807947557912565,0.0],[-79.82441382067644,-6.807942147047086,0.0],[-79.824487461734492,-6.807934775836501,0.0],[-79.824569834606436,-6.807926530588279,0.0],[-79.824638478666088,-6.807919659537011,0.0],[-79.824700252626727,-6.807905293967779,0.0],[-79.824753112213102,-6.807898012323017,0.0],[-79.824806893346249,-6.80789060372474,0.0],[-79.824874119761816,-6.807881342968082,0.0],[-79.824941346176345,-6.807872082201643,0.0],[-79.82500857258988,-6.807862821425394,0.0],[-79.82507579900242,-6.807853560639365,0.0],[-79.825143025413951,-6.807844299843524,0.0],[-79.825210251824501,-6.807835039037886,0.0],[-79.825277478234028,-6.807825778222471,0.0],[-79.825344704642546,-6.807816517397241,0.0],[-79.82541193105007,-6.807807256562233,0.0],[-79.825479157456584,-6.807797995717414,0.0],[-79.825546383862118,-6.807788734862799,0.0],[-79.825613610266615,-6.807779473998405,0.0],[-79.825680836670131,-6.8077702131242,0.0],[-79.825748063072623,-6.807760952240197,0.0],[-79.82584486909046,-6.807747616550044,0.0],[-79.825912095490523,-6.80773835564214,0.0],[-79.825979321889562,-6.80772909472446,0.0],[-79.826046548287607,-6.807719833796967,0.0],[-79.826113774684657,-6.807710572859678,0.0],[-79.826181001080684,-6.807701311912612,0.0],[-79.826248227475702,-6.807692050955732,0.0],[-79.826315453869739,-6.80768278998906,0.0],[-79.826382680262753,-6.807673529012608,0.0],[-79.826449906654773,-6.807664268026343,0.0],[-79.826517133045783,-6.807655007030302,0.0],[-79.826584359435799,-6.807645746024448,0.0],[-79.826651585824791,-6.807636485008798,0.0],[-79.826718812212775,-6.807627223983372,0.0],[-79.826786038599764,-6.807617962948134,0.0],[-79.826853264985772,-6.807608701903101,0.0],[-79.826920491370743,-6.80759944084829,0.0],[-79.826987717754704,-6.807590179783667,0.0],[-79.827054944137672,-6.807580918709267,0.0],[-79.82712217051963,-6.807571657625054,0.0],[-79.827189396900593,-6.807562396531049,0.0],[-79.827256623280533,-6.807553135427264,0.0],[-79.827323849659479,-6.807543874313668,0.0],[-79.827391076037415,-6.807534613190295,0.0],[-79.827458302414342,-6.807525352057109,0.0],[-79.827525528790261,-6.807516090914131,0.0],[-79.827596340082223,-6.807506335900399,0.0],[-79.827661370928269,-6.807497377195268,0.0],[-79.827842612383648,-6.807472409167896,0.0],[-79.827834549917768,-6.806678407679668,0.0],[-79.827831493306363,-6.806119867487646,0.0],[-79.827919349496284,-6.806107833322721,0.0],[-79.827991068833725,-6.806098009502219,0.0],[-79.828062788170044,-6.806088185670592,0.0],[-79.828134507505212,-6.806078361827804,0.0],[-79.828206226839271,-6.806068537973875,0.0],[-79.828277946172193,-6.806058714108806,0.0],[-79.828349665504007,-6.806048890232612,0.0],[-79.82842138483467,-6.806039066345257,0.0],[-79.828493104164195,-6.806029242446761,0.0],[-79.828564823492613,-6.806019418537142,0.0],[-79.828636542819893,-6.806009594616363,0.0],[-79.828708262146051,-6.805999770684441,0.0],[-79.828779981471058,-6.805989946741395,0.0],[-79.828851700794957,-6.805980122787193,0.0],[-79.828923420117718,-6.805970298821847,0.0],[-79.828995139439357,-6.805960474845377,0.0],[-79.829066858759845,-6.805950650857749,0.0],[-79.829138578079224,-6.805940826858978,0.0],[-79.829199978593309,-6.805932416339304,0.0],[-79.829196992956255,-6.805778556247652,0.0],[-79.829188001133446,-6.805286498994803,0.0],[-79.829172882079433,-6.804789187495974,0.0],[-79.829151775733749,-6.804767710720551,0.0],[-79.828997927984986,-6.804775106353686,0.0],[-79.828834432731796,-6.804855054579152,0.0],[-79.828603108329503,-6.8049379695776,0.0],[-79.828507089885264,-6.804958682613169,0.0],[-79.828435071234097,-6.804969090255875,0.0],[-79.828363430180644,-6.804979443319408,0.0],[-79.828292164724857,-6.804989742092933,0.0],[-79.828220148069846,-6.805000149413028,0.0],[-79.828148507012514,-6.805010502443114,0.0],[-79.828076865953904,-6.805020855462074,0.0],[-79.828005224894,-6.805031208469872,0.0],[-79.827933577669924,-6.805041562357139,0.0],[-79.827861942770326,-6.805051914452053,0.0],[-79.827790301914447,-6.805062267396417,0.0],[-79.827761618809461,-6.805066218860014,0.0],[-79.827689971709461,-6.80507657269085,0.0],[-79.827618336469172,-6.805086924796489,0.0],[-79.827546689798695,-6.805097278542571,0.0],[-79.827472813492463,-6.805107940258121,0.0],[-79.82739893158238,-6.80511860277036,0.0],[-79.827325049670918,-6.80512926527075,0.0],[-79.827251167758092,-6.805139927759288,0.0],[-79.827177281266486,-6.805150590896577,0.0],[-79.827131169762254,-6.805160396175919,0.0],[-79.827064016477038,-6.805170171285674,0.0],[-79.826992386304894,-6.805180598058599,0.0],[-79.826920756131415,-6.805191024820401,0.0],[-79.82685360284259,-6.805200799899461,0.0],[-79.826781972666566,-6.805211226639668,0.0],[-79.826710342489235,-6.805221653368712,0.0],[-79.826643189196815,-6.80523142841708,0.0],[-79.826571559016955,-6.805241855124545,0.0],[-79.826499928835773,-6.805252281820867,0.0],[-79.826432775539715,-6.805262056838542,0.0],[-79.826361145356017,-6.805272483513252,0.0],[-79.8262939920576,-6.805282258510682,0.0],[-79.826222361871359,-6.805292685163814,0.0],[-79.826150731683782,-6.805303111805784,0.0],[-79.826083578381756,-6.80531288677252,0.0],[-79.826011948191649,-6.80532331339291,0.0],[-79.825940318551929,-6.805333739921842,0.0],[-79.82587316524598,-6.805343514857935,0.0],[-79.825805203421069,-6.805353407473103,0.0],[-79.825738050113131,-6.805363182389433,0.0],[-79.825666419916715,-6.805373608956058,0.0],[-79.825594789718991,-6.805384035511539,0.0],[-79.825519135945527,-6.805395047729974,0.0],[-79.825424114583058,-6.805411477596726,0.0],[-79.825137545052229,-6.805452888644933,0.0],[-79.825056089547672,-6.805464659422573,0.0],[-79.824986687504747,-6.805474688395769,0.0],[-79.824917285460614,-6.805484717358506,0.0],[-79.824847883415288,-6.805494746310796,0.0],[-79.824778481368739,-6.80550477525261,0.0],[-79.824709079320996,-6.805514804183965,0.0],[-79.824639677272046,-6.805524833104875,0.0],[-79.824570275221888,-6.80553486201531,0.0],[-79.824500873170535,-6.805544890915283,0.0],[-79.824431471117961,-6.805554919804814,0.0],[-79.824362069064179,-6.805564948683865,0.0],[-79.824292667009203,-6.805574977552475,0.0],[-79.824223264953019,-6.805585006410606,0.0],[-79.824153862895642,-6.805595035258277,0.0],[-79.82404134577483,-6.805611294365572,0.0],[-79.823975961037391,-6.805622737395096,0.0],[-79.823923087348234,-6.805624623420477,0.0],[-79.823822626863304,-6.805629817200274,0.0],[-79.823787466785376,-6.805631809324983,0.0],[-79.823673997472824,-6.805653208334357,0.0],[-79.823628449693246,-6.805661798114281,0.0],[-79.823440708661408,-6.805697203832842,0.0],[-79.82347237597088,-6.805791317369686,0.0],[-79.823591165162014,-6.805940629239901,0.0],[-79.823826571717589,-6.806325614540752,0.0],[-79.8238824178204,-6.806465477866228,0.0]]]]}},
{"type":"Feature","properties":{"Layer":"TG_HAB_URB","Color":5,"ESTADO":"APROBADOS POR LA MPCH CON RESOLUCION","COD_HAB_UR":"0336","ID_COD_URB":"1401010336","TIPO_HAB_U":"H.U.","NOMB_HAB_U":"H.U. NUEVA POSADA DEL SOL DE CHICLAYO - I ETAPA"},"geometry":{"type":"MultiPolygon","coordinates":[[[[-79.791045445095079,-6.741593117548199,0.0],[-79.791079976523534,-6.742064273954281,0.0],[-79.791458788829587,-6.742298250605318,0.0],[-79.792072266985343,-6.742079462203487,0.0],[-79.792282906001915,-6.741965183003726,0.0],[-79.792375845530131,-6.742022587933106,0.0],[-79.792422023847251,-6.742051110372321,0.0],[-79.792468202694621,-6.74207963313196,0.0],[-79.792514381545161,-6.742108155886517,0.0],[-79.792560560404311,-6.742136678639276,0.0],[-79.792606739267981,-6.742165201387762,0.0],[-79.792653006304363,-6.742193579950725,0.0],[-79.79269931975081,-6.742221882620854,0.0],[-79.792745633205868,-6.74225018528917,0.0],[-79.792791946664053,-6.742278487952357,0.0],[-79.792838259622613,-6.742306791441803,0.0],[-79.792884573602137,-6.742335093270809,0.0],[-79.792930887079294,-6.742363395924414,0.0],[-79.792977200139731,-6.742391699262552,0.0],[-79.793023514049835,-6.742420001220383,0.0],[-79.793069827544585,-6.742448303863575,0.0],[-79.793116141045203,-6.742476606503298,0.0],[-79.793163612389478,-6.742505616705434,0.0],[-79.793208768064048,-6.742533211772328,0.0],[-79.793211083741184,-6.742534626904702,0.0],[-79.793255081583638,-6.742561514402468,0.0],[-79.793258555097722,-6.742563637099511,0.0],[-79.793301395107719,-6.742589817028304,0.0],[-79.793324703986812,-6.742604061298699,0.0],[-79.793390852887825,-6.742644485490775,0.0],[-79.793324957314425,-6.74304383076402,0.0],[-79.793305053072402,-6.743164455731819,0.0],[-79.79330505064344,-6.743164454247462,0.0],[-79.793268290479304,-6.743387237283541,0.0],[-79.793368088136816,-6.743415919116215,0.0],[-79.793501929338873,-6.743438322973446,0.0],[-79.793554937838522,-6.74311707682237,0.0],[-79.793581442048406,-6.742956453738564,0.0],[-79.793590276779142,-6.74290291270925,0.0],[-79.793599111506893,-6.742849371679418,0.0],[-79.793607946231702,-6.742795830648966,0.0],[-79.793616780953528,-6.742742289617909,0.0],[-79.793625615672411,-6.742688748586218,0.0],[-79.793634450388339,-6.742635207553906,0.0],[-79.793643285101311,-6.742581666520991,0.0],[-79.793652119811313,-6.742528125487457,0.0],[-79.793660954518359,-6.74247458445325,0.0],[-79.793669789222449,-6.742421043418478,0.0],[-79.793678623923569,-6.742367502383068,0.0],[-79.793687458621761,-6.742313961347019,0.0],[-79.793688297349632,-6.742308878392553,0.0],[-79.79369629331697,-6.742260420310404,0.0],[-79.793697917306261,-6.742250578421578,0.0],[-79.793705128009222,-6.742206879273136,0.0],[-79.79370753725938,-6.742192278449854,0.0],[-79.793713962698533,-6.742153338235229,0.0],[-79.793717014298622,-6.742134844560106,0.0],[-79.793722797384874,-6.74209979719672,0.0],[-79.793726491334453,-6.742077410669626,0.0],[-79.793731632068258,-6.742046256157592,0.0],[-79.793735968366875,-6.74201997677847,0.0],[-79.793740466748673,-6.741992715117861,0.0],[-79.793747011682782,-6.741953050674411,0.0],[-79.793749301426146,-6.741939174077493,0.0],[-79.793758083032941,-6.741885954644381,0.0],[-79.793766860697431,-6.741832759084687,0.0],[-79.793769069358405,-6.741819373863388,0.0],[-79.793775695340187,-6.74177921819934,0.0],[-79.793780112660443,-6.741752447756411,0.0],[-79.793784529979959,-6.741725677313374,0.0],[-79.793791155957862,-6.741685521648481,0.0],[-79.793793364616789,-6.741672136426789,0.0],[-79.793802258750446,-6.741618234950596,0.0],[-79.793755742525747,-6.741582713362056,0.0],[-79.793708948202138,-6.741546979397656,0.0],[-79.793703276101368,-6.741542647960423,0.0],[-79.793665774691704,-6.741514010419099,0.0],[-79.793652890586287,-6.741504171611619,0.0],[-79.793622611425633,-6.741481049256073,0.0],[-79.793602521282196,-6.741465707631959,0.0],[-79.793579508720953,-6.741448050825047,0.0],[-79.793552405047137,-6.741427101229599,0.0],[-79.793536605448651,-6.741414889038883,0.0],[-79.79350236287803,-6.741388421476516,0.0],[-79.793491330445562,-6.74137989403176,0.0],[-79.793448373060315,-6.741346721054751,0.0],[-79.793446602214544,-6.741345362053178,0.0],[-79.793405315874764,-6.741313677641478,0.0],[-79.793390788166604,-6.741302528628093,0.0],[-79.793362258695353,-6.7412806342254,0.0],[-79.793342758529548,-6.741265669190367,0.0],[-79.793315613424511,-6.741244837188133,0.0],[-79.793299653878833,-6.741232687597969,0.0],[-79.793268810690847,-6.741209245202104,0.0],[-79.793256442618741,-6.741199844835472,0.0],[-79.79322559158912,-6.741176412654494,0.0],[-79.793213174821034,-6.741166813600826,0.0],[-79.793182651455993,-6.741143216844391,0.0],[-79.793165158859054,-6.741129693807164,0.0],[-79.793120986602091,-6.741095545465783,0.0],[-79.793035603965905,-6.74117741808579,0.0],[-79.792955162857737,-6.741185940546963,0.0],[-79.792851109233666,-6.741096534968641,0.0],[-79.79274355848105,-6.740938007688725,0.0],[-79.7927242015883,-6.740909476072591,0.0],[-79.792566599463171,-6.741022699261879,0.0],[-79.792434873050809,-6.741046245003817,0.0],[-79.792171079768536,-6.741260978914999,0.0],[-79.791967515356177,-6.741344206478439,0.0],[-79.791740078218538,-6.741367515155107,0.0],[-79.791548286049974,-6.741486669406953,0.0],[-79.791320923245038,-6.741510068470648,0.0],[-79.791045445095079,-6.741593117548199,0.0]]]]}},
{"type":"Feature","properties":{"Layer":"TG_HAB_URB","Color":5,"ESTADO":"APROBADOS POR LA MPCH CON RESOLUCION","COD_HAB_UR":"0124","ID_COD_URB":"1401010124","TIPO_HAB_U":"URB.","NOMB_HAB_U":"URB. SAN LORENZO"},"geometry":{"type":"MultiPolygon","coordinates":[[[[-79.844471790901252,-6.762561268599897,0.0],[-79.84445720437671,-6.76243431337191,0.0],[-79.844146108861807,-6.762416411811524,0.0],[-79.842992610234049,-6.762470829794848,0.0],[-79.841445782197709,-6.762681601021125,0.0],[-79.841452950672945,-6.762722481487681,0.0],[-79.840891511006092,-6.762710546864833,0.0],[-79.840870324254098,-6.763175766519112,0.0],[-79.840917633700585,-6.763176368585466,0.0],[-79.84096826752905,-6.763177012953274,0.0],[-79.841018900000748,-6.763177657298503,0.0],[-79.84102023112321,-6.763191730046847,0.0],[-79.841040888321217,-6.763189539575707,0.0],[-79.841078711533726,-6.763185528833149,0.0],[-79.841137188092219,-6.763179328020609,0.0],[-79.841195668883088,-6.763173126751974,0.0],[-79.84125522572262,-6.763168841081134,0.0],[-79.841412316427494,-6.76315753690186,0.0],[-79.841408872693734,-6.763118445934385,0.0],[-79.841601666492991,-6.763090572542686,0.0],[-79.841683203603424,-6.76307878419394,0.0],[-79.841733367307924,-6.763071531694689,0.0],[-79.841786176471842,-6.763063896717866,0.0],[-79.841877030305056,-6.763050761352382,0.0],[-79.841966527813852,-6.763037822062399,0.0],[-79.8420248969813,-6.763030506944331,0.0],[-79.842072482057105,-6.763024543337521,0.0],[-79.842134380731878,-6.763016785869365,0.0],[-79.842190511199519,-6.763009751296161,0.0],[-79.842233236968028,-6.76300439666761,0.0],[-79.842244833087562,-6.76300294337741,0.0],[-79.842306761482959,-6.762995182161418,0.0],[-79.842305623786942,-6.763020375526031,0.0],[-79.842347543840987,-6.763021888276872,0.0],[-79.842400521578895,-6.763023800056426,0.0],[-79.842481895757203,-6.763026736552038,0.0],[-79.84250620770419,-6.763027613878398,0.0],[-79.842569498465679,-6.763029897797318,0.0],[-79.842612904762163,-6.763031464158002,0.0],[-79.84264508751599,-6.763032857218537,0.0],[-79.842662615877856,-6.763033615949162,0.0],[-79.842708723838825,-6.763035611769949,0.0],[-79.842746678732169,-6.763037254675287,0.0],[-79.842784624272383,-6.763038897172769,0.0],[-79.842824485316399,-6.76304062258099,0.0],[-79.842858864070436,-6.763042110682455,0.0],[-79.842891839084842,-6.76304353802009,0.0],[-79.842931639203456,-6.763039655859806,0.0],[-79.842945307952249,-6.763038322589793,0.0],[-79.842995733860334,-6.763033403968524,0.0],[-79.843027311882111,-6.763027540288388,0.0],[-79.843063334873321,-6.763020851225191,0.0],[-79.843123824974157,-6.763009618888969,0.0],[-79.843235430037723,-6.76297835287827,0.0],[-79.843288642366502,-6.762963717978041,0.0],[-79.843315684696648,-6.762956280567275,0.0],[-79.843368024688786,-6.762941885574043,0.0],[-79.843408262241908,-6.762934816507001,0.0],[-79.843426391072128,-6.762931631572674,0.0],[-79.843460609907652,-6.762910810479514,0.0],[-79.843488819488783,-6.762893645826573,0.0],[-79.843508331312989,-6.762881773486468,0.0],[-79.843535989415003,-6.762864944386319,0.0],[-79.843569091382875,-6.762851790163926,0.0],[-79.843612896538701,-6.762834382651315,0.0],[-79.843678730753425,-6.76280623018941,0.0],[-79.84369512534937,-6.762799219421897,0.0],[-79.843734264294014,-6.762782482559716,0.0],[-79.843771924796371,-6.762769586382439,0.0],[-79.843780499128727,-6.762766650252443,0.0],[-79.843806589575578,-6.762757716034565,0.0],[-79.843839542512598,-6.762746431874181,0.0],[-79.843839742411333,-6.762743272708713,0.0],[-79.843864975126053,-6.762731642284537,0.0],[-79.843871374498917,-6.762728692644405,0.0],[-79.843910401098242,-6.762710704250071,0.0],[-79.843950394784301,-6.762699193562487,0.0],[-79.843967348626435,-6.762694314031555,0.0],[-79.844024730865769,-6.762677798689453,0.0],[-79.844038206999187,-6.762673920084765,0.0],[-79.844092546235856,-6.762658280548292,0.0],[-79.844247767440805,-6.762620060991454,0.0],[-79.844316024592914,-6.762602147696587,0.0],[-79.844362404450692,-6.76258997583641,0.0],[-79.844408784306822,-6.762577803971428,0.0],[-79.844463039985541,-6.762563565179837,0.0],[-79.844471790901252,-6.762561268599897,0.0]]]]}},
{"type":"Feature","properties":{"Layer":"TG_HAB_URB","Color":5,"ESTADO":"APROBADOS POR LA MPCH CON RESOLUCION","COD_HAB_UR":"0123","ID_COD_URB":"1401010123","TIPO_HAB_U":"URB.","NOMB_HAB_U":"URB. DANIEL ALCIDES CARRIÓN"},"geometry":{"type":"MultiPolygon","coordinates":[[[[-79.8465747443487,-6.786850966867708,0.0],[-79.846788159701532,-6.787702472571767,0.0],[-79.846904294956417,-6.787673833266044,0.0],[-79.846979402928582,-6.787655311364902,0.0],[-79.847055652849107,-6.787636507668298,0.0],[-79.847130585082752,-6.78761802890769,0.0],[-79.847204990239405,-6.787599680114251,0.0],[-79.847279658928784,-6.787581266318528,0.0],[-79.847354327614312,-6.787562852510296,0.0],[-79.847428996296003,-6.78754443868961,0.0],[-79.8475036649738,-6.787526024856501,0.0],[-79.847578333647775,-6.787507611010851,0.0],[-79.847653178008869,-6.787489153826016,0.0],[-79.847728110211577,-6.78747067496526,0.0],[-79.847802076110113,-6.787452434389341,0.0],[-79.847879380133037,-6.787433370591443,0.0],[-79.847955805697083,-6.787414523414454,0.0],[-79.848033110370721,-6.787395462259794,0.0],[-79.848121837290108,-6.787369184747093,0.0],[-79.848292336905843,-6.787329414705879,0.0],[-79.848290506636687,-6.787311274916699,0.0],[-79.848284466473757,-6.787249539694121,0.0],[-79.848284341847688,-6.787248265917587,0.0],[-79.848282153971198,-6.787184994086555,0.0],[-79.848280790500823,-6.787121699142289,0.0],[-79.848279427029425,-6.787058404197932,0.0],[-79.848278063556975,-6.786995109253388,0.0],[-79.848277757152758,-6.78693180037766,0.0],[-79.848275337518984,-6.786868536978048,0.0],[-79.848273974043408,-6.78680524203327,0.0],[-79.848272610566795,-6.786741947088405,0.0],[-79.848271247089173,-6.78667865214335,0.0],[-79.848269883610484,-6.786615357198547,0.0],[-79.848265344840655,-6.786453236166984,0.0],[-79.848120395232286,-6.786487022471827,0.0],[-79.847944164687448,-6.786528099983066,0.0],[-79.847845295321903,-6.786549128737121,0.0],[-79.8465747443487,-6.786850966867708,0.0]]]]}},
{"type":"Feature","properties":{"Layer":"TG_HAB_URB","Color":2,"ESTADO":"INFORMAL O SIN DOCUMENTACION","COD_HAB_UR":"0411","ID_COD_URB":"1401010411","TIPO_HAB_U":"H.U.","NOMB_HAB_U":"H.U. PROGRESIVA SANTA ISABEL"},"geometry":{"type":"MultiPolygon","coordinates":[[[[-79.811930699616298,-6.778654709402448,0.0],[-79.813288717061951,-6.778772076972764,0.0],[-79.81355988158208,-6.77598319922823,0.0],[-79.813456983281313,-6.775973211234662,0.0],[-79.813402951744578,-6.775967966565538,0.0],[-79.813348920210046,-6.775962721890623,0.0],[-79.813294888677717,-6.775957477209847,0.0],[-79.813240857147605,-6.775952232523328,0.0],[-79.813186825619695,-6.775946987830949,0.0],[-79.813132794093988,-6.775941743132742,0.0],[-79.813078762570484,-6.775936498428796,0.0],[-79.813024731049197,-6.775931253718987,0.0],[-79.812970699530098,-6.775926009003403,0.0],[-79.812914547883395,-6.775920558485494,0.0],[-79.812820672023676,-6.775911446145955,0.0],[-79.812735103493381,-6.775902295634752,0.0],[-79.812599859245282,-6.775891016376399,0.0],[-79.812545761549615,-6.775886504662817,0.0],[-79.812491663856008,-6.775881992943387,0.0],[-79.812437566164448,-6.775877481218102,0.0],[-79.812383468474948,-6.775872969486999,0.0],[-79.812329370787481,-6.775868457750009,0.0],[-79.812275273102074,-6.775863946007169,0.0],[-79.812221175418728,-6.775859434258476,0.0],[-79.812085931219301,-6.775848154861145,0.0],[-79.812080289335455,-6.77591575089531,0.0],[-79.812074647448412,-6.775983346928934,0.0],[-79.812077498743633,-6.776072526220791,0.0],[-79.812073716040942,-6.776126659033674,0.0],[-79.812069933336346,-6.776180791846261,0.0],[-79.812066150629875,-6.776234924658589,0.0],[-79.812062367921499,-6.77628905747057,0.0],[-79.812058585211233,-6.776343190282291,0.0],[-79.812055748491701,-6.776426568455401,0.0],[-79.812051965776945,-6.776480701266456,0.0],[-79.812048183060313,-6.776534834077201,0.0],[-79.81204440034179,-6.776588966887683,0.0],[-79.812040617621363,-6.776643099697822,0.0],[-79.812036834899061,-6.776697232507702,0.0],[-79.811930699616298,-6.778654709402448,0.0]]]]}},
{"type":"Feature","properties":{"Layer":"TG_HAB_URB","Color":2,"ESTADO":"INFORMAL O SIN DOCUMENTACION","COD_HAB_UR":"0407","ID_COD_URB":"1401010407","TIPO_HAB_U":"H.U.","NOMB_HAB_U":"H.U. LAS LOMAS DE SAMAN"},"geometry":{"type":"MultiPolygon","coordinates":[[[[-79.799565100511984,-6.76269223846861,0.0],[-79.799761233494749,-6.763589363716894,0.0],[-79.799824985279642,-6.764152467332387,0.0],[-79.80069762847944,-6.764176625918088,0.0],[-79.801103227539585,-6.764068242726978,0.0],[-79.80159278593031,-6.763893555960792,0.0],[-79.801715318736058,-6.76384265813989,0.0],[-79.800889860750033,-6.76243175001035,0.0],[-79.799565100511984,-6.76269223846861,0.0]]]]}},
{"type":"Feature","properties":{"Layer":"TG_HAB_URB","Color":2,"ESTADO":"INFORMAL O SIN DOCUMENTACION","COD_HAB_UR":"0414","ID_COD_URB":"1401010414","TIPO_HAB_U":"H.U.","NOMB_HAB_U":"H.U. REAL FELIPE II ETAPA"},"geometry":{"type":"MultiPolygon","coordinates":[[[[-79.857014831663122,-6.79056558879781,0.0],[-79.856052919600302,-6.792160079755797,0.0],[-79.85611144649198,-6.792343026836439,0.0],[-79.856488819538583,-6.792319418829429,0.0],[-79.856860504053259,-6.792357547848844,0.0],[-79.856948369078779,-6.792374193230859,0.0],[-79.857678313662021,-6.791164214789551,0.0],[-79.857177234836499,-6.790755928711064,0.0],[-79.857014831663122,-6.79056558879781,0.0]]]]}},
{"type":"Feature","properties":{"Layer":"TG_HAB_URB","Color":2,"ESTADO":"INFORMAL O SIN DOCUMENTACION","COD_HAB_UR":"0447","ID_COD_URB":"1401010447","TIPO_HAB_U":"UPIS","NOMB_HAB_U":"UPIS AMPLIACIÓN LAS VEGAS"},"geometry":{"type":"MultiPolygon","coordinates":[[[[-79.806756068158037,-6.768957830419897,0.0],[-79.806834831419039,-6.76977035126114,0.0],[-79.807058874545802,-6.769744219460273,0.0],[-79.807106891723123,-6.769883148202043,0.0],[-79.807394984575325,-6.770032187949223,0.0],[-79.807458110437096,-6.770070178710962,0.0],[-79.807747518893478,-6.770223083417595,0.0],[-79.807752192477267,-6.770225017774877,0.0],[-79.807850711705299,-6.769919615218258,0.0],[-79.807882984202266,-6.769853338176381,0.0],[-79.807977428231624,-6.769534441338853,0.0],[-79.808006580166378,-6.769459507910675,0.0],[-79.80813629042585,-6.769060274403327,0.0],[-79.806756068158037,-6.768957830419897,0.0]]]]}},
{"type":"Feature","properties":{"Layer":"TG_HAB_URB","Color":2,"ESTADO":"INFORMAL O SIN DOCUMENTACION","COD_HAB_UR":"0410","ID_COD_URB":"1401010410","TIPO_HAB_U":"H.U.","NOMB_HAB_U":"H.U. PROGRESIVA SAN CARLOS"},"geometry":{"type":"MultiPolygon","coordinates":[[[[-79.807882984202266,-6.769853338176381,0.0],[-79.807850711705299,-6.769919615218258,0.0],[-79.807752192477267,-6.770225017774877,0.0],[-79.808233031955226,-6.770424032914465,0.0],[-79.808259647510695,-6.77048393196731,0.0],[-79.808782312744839,-6.770342160115171,0.0],[-79.808821105130335,-6.769111913717186,0.0],[-79.80813629042585,-6.769060274403327,0.0],[-79.808006580166378,-6.769459507910675,0.0],[-79.807977428231624,-6.769534441338853,0.0],[-79.807882984202266,-6.769853338176381,0.0]]]]}},
{"type":"Feature","properties":{"Layer":"TG_HAB_URB","Color":2,"ESTADO":"INFORMAL O SIN DOCUMENTACION","COD_HAB_UR":"0429","ID_COD_URB":"1401010429","TIPO_HAB_U":"H.U.","NOMB_HAB_U":"H.U. CONDOMINIO VILLA CLUB LAS PALMERAS"},"geometry":{"type":"MultiPolygon","coordinates":[[[[-79.854737927982626,-6.79329540731306,0.0],[-79.854743555885349,-6.793353523095045,0.0],[-79.854747531888236,-6.793412415072161,0.0],[-79.854748829017467,-6.793471756477959,0.0],[-79.854754591793139,-6.793530365837833,0.0],[-79.854763115221985,-6.79358767736073,0.0],[-79.854776911329765,-6.793645868447286,0.0],[-79.854800541454694,-6.793701613198365,0.0],[-79.854832036768514,-6.793760674668633,0.0],[-79.854860850960819,-6.793820164288641,0.0],[-79.854870907102153,-6.793882678058667,0.0],[-79.854883249135142,-6.793944803982319,0.0],[-79.854883250819569,-6.793944811416417,0.0],[-79.854897269610703,-6.794006681179934,0.0],[-79.854911791346282,-6.794068471543432,0.0],[-79.854922732266715,-6.79413116091529,0.0],[-79.854932941816216,-6.794193642953436,0.0],[-79.854943151369369,-6.794256124991169,0.0],[-79.85494460989932,-6.794265050961054,0.0],[-79.85507179901623,-6.794235121393197,0.0],[-79.855155961438228,-6.794220823210996,0.0],[-79.855333102035559,-6.794182769268525,0.0],[-79.855510971195613,-6.794144558746047,0.0],[-79.855588162638313,-6.794106802288329,0.0],[-79.855765416825307,-6.794069442359513,0.0],[-79.855941415799066,-6.794032347141529,0.0],[-79.856003804141253,-6.794017315558071,0.0],[-79.856298515515661,-6.793959232594734,0.0],[-79.856376500340119,-6.793811184918214,0.0],[-79.855822551577972,-6.792848601424063,0.0],[-79.855572826830851,-6.792889090179481,0.0],[-79.854696515934222,-6.793032143618115,0.0],[-79.854727647217274,-6.793210070423227,0.0],[-79.854737927982626,-6.79329540731306,0.0]]]]}},
{"type":"Feature","properties":{"Layer":"TG_HAB_URB","Color":2,"ESTADO":"INFORMAL O SIN DOCUMENTACION","COD_HAB_UR":"0444","ID_COD_URB":"1401010444","TIPO_HAB_U":"P.J.","NOMB_HAB_U":"P.J. SAN FÉLIX"},"geometry":{"type":"MultiPolygon","coordinates":[[[[-79.803497792748146,-6.773970057982156,0.0],[-79.80349258471729,-6.774172010888851,0.0],[-79.805967737170775,-6.774369897834596,0.0],[-79.806075789093612,-6.774380477302657,0.0],[-79.806409963124338,-6.774409987163182,0.0],[-79.80641544218669,-6.774302037710431,0.0],[-79.806418190544946,-6.774247889021915,0.0],[-79.806424654649319,-6.774120531850448,0.0],[-79.806431026741109,-6.773994987351368,0.0],[-79.806434665364407,-6.773923298232053,0.0],[-79.806442620053545,-6.77376657263845,0.0],[-79.806451194251309,-6.773597640995818,0.0],[-79.806454734032471,-6.773527898977893,0.0],[-79.806462985127581,-6.773365332776491,0.0],[-79.806471282929209,-6.77320184604423,0.0],[-79.806486239645409,-6.772943755979434,0.0],[-79.804022887957103,-6.772769405480629,0.0],[-79.803572442661306,-6.772751202236694,0.0],[-79.803647197295163,-6.773814809203623,0.0],[-79.803590007334151,-6.773887561129124,0.0],[-79.803497792748146,-6.773970057982156,0.0]]]]}},
{"type":"Feature","properties":{"Layer":"TG_HAB_URB","Color":2,"ESTADO":"INFORMAL O SIN DOCUMENTACION","COD_HAB_UR":"0103","ID_COD_URB":"1401010103","TIPO_HAB_U":"URB.","NOMB_HAB_U":"URB. CARMEN ANGÉLICA"},"geometry":{"type":"MultiPolygon","coordinates":[[[[-79.850875920379607,-6.782782739870042,0.0],[-79.85094174686148,-6.783197993675564,0.0],[-79.850934187694946,-6.783292126046526,0.0],[-79.850973609063828,-6.783454007198642,0.0],[-79.851235100200498,-6.78344239016528,0.0],[-79.851268234125129,-6.783440918143803,0.0],[-79.851302908032977,-6.7834382893981,0.0],[-79.851331387914897,-6.783436140351125,0.0],[-79.851370223336417,-6.783433209888677,0.0],[-79.851394543281643,-6.783431374740601,0.0],[-79.851437899707022,-6.783428103124039,0.0],[-79.851457698663367,-6.78342660912055,0.0],[-79.851505485972027,-6.783423003148979,0.0],[-79.851520854146159,-6.783421843484437,0.0],[-79.85157316260441,-6.783417896345258,0.0],[-79.851641741729111,-6.783412721430577,0.0],[-79.851711223354158,-6.783407478403975,0.0],[-79.851700837755104,-6.783330212310755,0.0],[-79.851689295249273,-6.783244339127916,0.0],[-79.851688400020464,-6.783237529678408,0.0],[-79.851689927191472,-6.783142363500376,0.0],[-79.85163676260018,-6.782787505198122,0.0],[-79.851633402843845,-6.782732576692874,0.0],[-79.850875920379607,-6.782782739870042,0.0]]]]}},
{"type":"Feature","properties":{"Layer":"TG_HAB_URB","Color":2,"ESTADO":"INFORMAL O SIN DOCUMENTACION","COD_HAB_UR":"0305","ID_COD_URB":"1401010305","TIPO_HAB_U":"ASOC","NOMB_HAB_U":"ASOC.VIV. VILLA EL PROGRESO"},"geometry":{"type":"MultiPolygon","coordinates":[[[[-79.812100225344494,-6.769271420126517,0.0],[-79.811993697163444,-6.771188555743819,0.0],[-79.81414854680915,-6.771306304479981,0.0],[-79.81426593217688,-6.769443175361909,0.0],[-79.812100225344494,-6.769271420126517,0.0]]]]}},
{"type":"Feature","properties":{"Layer":"TG_HAB_URB","Color":2,"ESTADO":"INFORMAL O SIN DOCUMENTACION","COD_HAB_UR":"0423","ID_COD_URB":"1401010423","TIPO_HAB_U":"H.U.","NOMB_HAB_U":"H.U. SIN DENOMINACION 012"},"geometry":{"type":"MultiPolygon","coordinates":[[[[-79.797366330025881,-6.76312457525285,0.0],[-79.797512468834256,-6.763596609692376,0.0],[-79.797745493067481,-6.763590338844572,0.0],[-79.797926459096743,-6.763622870073442,0.0],[-79.798146835107801,-6.763770571902437,0.0],[-79.798604067895553,-6.764226945216739,0.0],[-79.798775620095157,-6.764350630171204,0.0],[-79.798939973754102,-6.764605542692954,0.0],[-79.798782152730297,-6.764103879527839,0.0],[-79.799824985279642,-6.764152467332387,0.0],[-79.799761233494749,-6.763589363716894,0.0],[-79.799565100511984,-6.76269223846861,0.0],[-79.797366330025881,-6.76312457525285,0.0]]]]}},
{"type":"Feature","properties":{"Layer":"TG_HAB_URB","Color":2,"ESTADO":"INFORMAL O SIN DOCUMENTACION","COD_HAB_UR":"0438","ID_COD_URB":"1401010438","TIPO_HAB_U":"H.U.","NOMB_HAB_U":"H.U. NUEVO PARAÍSO"},"geometry":{"type":"MultiPolygon","coordinates":[[[[-79.792076615741095,-6.764997556722858,0.0],[-79.792297656472883,-6.765507799045539,0.0],[-79.793517127800826,-6.7651528933952,0.0],[-79.793491678249978,-6.76509540667772,0.0],[-79.793429431421188,-6.764917880513517,0.0],[-79.793402786243206,-6.764835769160499,0.0],[-79.793331880761386,-6.764637784940454,0.0],[-79.792076615741095,-6.764997556722858,0.0]]]]}},
{"type":"Feature","properties":{"Layer":"TG_HAB_URB","Color":2,"ESTADO":"INFORMAL O SIN DOCUMENTACION","COD_HAB_UR":"0325","ID_COD_URB":"1401010325","TIPO_HAB_U":"H.U.","NOMB_HAB_U":"H.U. VILLA SANTA ROSA"},"geometry":{"type":"MultiPolygon","coordinates":[[[[-79.857014150095495,-6.792529870316061,0.0],[-79.856491973224948,-6.793864218027223,0.0],[-79.858152343222571,-6.794645728957344,0.0],[-79.858155197018178,-6.794591643628748,0.0],[-79.858160767523842,-6.794545416046646,0.0],[-79.858152641517933,-6.794448330015928,0.0],[-79.858142563111159,-6.794387602832878,0.0],[-79.858129954349494,-6.794325170264622,0.0],[-79.858117896986428,-6.794257212938413,0.0],[-79.858104695080343,-6.794199209767069,0.0],[-79.858088001564184,-6.794145017766905,0.0],[-79.8580755932757,-6.794079687882703,0.0],[-79.858065055937928,-6.79401597771778,0.0],[-79.858054121906562,-6.793965472177206,0.0],[-79.858038773491103,-6.793911817864841,0.0],[-79.85801985899387,-6.793842532954683,0.0],[-79.858018846788497,-6.793793334058918,0.0],[-79.85801931443936,-6.79366745361876,0.0],[-79.858007647536922,-6.793541632806597,0.0],[-79.85803019144474,-6.793441676056636,0.0],[-79.858047176050988,-6.79338972230675,0.0],[-79.858064359609642,-6.793348168142721,0.0],[-79.858081130269255,-6.793291782186649,0.0],[-79.858092597794098,-6.793238097016314,0.0],[-79.858089286110513,-6.793186728528118,0.0],[-79.858082376837558,-6.793142675622911,0.0],[-79.858075029071216,-6.793094643103512,0.0],[-79.858066059665376,-6.793038648696334,0.0],[-79.858054636926241,-6.79297821861668,0.0],[-79.858040577837983,-6.792897345858451,0.0],[-79.858029115675265,-6.792822176215533,0.0],[-79.858012140371656,-6.792712542090902,0.0],[-79.857993701315678,-6.792590153884447,0.0],[-79.857985167799015,-6.792538863532961,0.0],[-79.857967822874173,-6.792427510123684,0.0],[-79.857861257958547,-6.792446248931906,0.0],[-79.857819129284294,-6.792453100165388,0.0],[-79.85778095274901,-6.792459211844142,0.0],[-79.857746503526258,-6.792464767942598,0.0],[-79.857705364059882,-6.79247649727075,0.0],[-79.857658341456187,-6.792491323959581,0.0],[-79.85761228833681,-6.792505965712301,0.0],[-79.857570324474082,-6.792516974968223,0.0],[-79.857532667671066,-6.792522543385525,0.0],[-79.857493269506449,-6.792521425777756,0.0],[-79.857462199580866,-6.79251286265244,0.0],[-79.857432900999711,-6.792499047164797,0.0],[-79.857400995844912,-6.792486689798829,0.0],[-79.857360020181005,-6.79248268423935,0.0],[-79.857309542111508,-6.792491375242979,0.0],[-79.857265355197796,-6.792506190489815,0.0],[-79.857215777623907,-6.792516324360705,0.0],[-79.857166566671083,-6.792524467539923,0.0],[-79.857126600451934,-6.792530948472741,0.0],[-79.857062882253672,-6.792530465357235,0.0],[-79.857026705751252,-6.792532953125585,0.0],[-79.857014150095495,-6.792529870316061,0.0]]]]}},
{"type":"Feature","properties":{"Layer":"TG_HAB_URB","Color":2,"ESTADO":"INFORMAL O SIN DOCUMENTACION","COD_HAB_UR":"0121","ID_COD_URB":"1401010121","TIPO_HAB_U":"LOTIZ","NOMB_HAB_U":"LOTIZ. AMPLIACIÓN LOS JAZMINES"},"geometry":{"type":"MultiPolygon","coordinates":[[[[-79.849369680381955,-6.789646653756323,0.0],[-79.849338578046073,-6.789893203942323,0.0],[-79.850411204173554,-6.789837081127082,0.0],[-79.850386852974253,-6.78962316291387,0.0],[-79.849369680381955,-6.789646653756323,0.0]]]]}},
{"type":"Feature","properties":{"Layer":"TG_HAB_URB","Color":2,"ESTADO":"INFORMAL O SIN DOCUMENTACION","COD_HAB_UR":"0231","ID_COD_URB":"1401010231","TIPO_HAB_U":"H.U.","NOMB_HAB_U":"H.U. PARQUE RESIDENCIAL VILLA DEL NORTE - LA ESMERALDA"},"geometry":{"type":"MultiPolygon","coordinates":[[[[-79.855570429021768,-6.784677018669965,0.0],[-79.854979470040433,-6.786463247723006,0.0],[-79.854917465091603,-6.786925917172767,0.0],[-79.85507149678061,-6.786946384837926,0.0],[-79.855103702577679,-6.78665177850811,0.0],[-79.855111917411122,-6.786586190871176,0.0],[-79.855120132240884,-6.786520603233553,0.0],[-79.855128995977935,-6.786449834651928,0.0],[-79.855139899766641,-6.786449691565531,0.0],[-79.855332386866493,-6.786447165587889,0.0],[-79.855419141584264,-6.786444430753145,0.0],[-79.855564485004976,-6.786443650775388,0.0],[-79.855600055079464,-6.786439720624736,0.0],[-79.855668460130786,-6.786432162517698,0.0],[-79.855780369584295,-6.786419797566626,0.0],[-79.85586908556823,-6.786407908947952,0.0],[-79.855972772749297,-6.786396614255828,0.0],[-79.856049411099775,-6.786388265990363,0.0],[-79.856126190402847,-6.786383497460085,0.0],[-79.856230302637485,-6.7863829976659,0.0],[-79.856314093117263,-6.786384161978854,0.0],[-79.856404759827313,-6.786387138741595,0.0],[-79.856468226526701,-6.786389222465533,0.0],[-79.856495426541301,-6.786390115487565,0.0],[-79.856531693228021,-6.786391306181274,0.0],[-79.856595109240956,-6.786392102553146,0.0],[-79.856676644117073,-6.786393126447699,0.0],[-79.856765197823123,-6.786391829723335,0.0],[-79.856855783646509,-6.786392754063733,0.0],[-79.856919193724792,-6.786393401091988,0.0],[-79.856946369473079,-6.786393678387267,0.0],[-79.85698260380461,-6.78639404811196,0.0],[-79.857046013885991,-6.786394695123684,0.0],[-79.857127541135782,-6.78639552698374,0.0],[-79.857208243814711,-6.786392851288662,0.0],[-79.857136515899086,-6.785627654680586,0.0],[-79.857025131021274,-6.785607156335476,0.0],[-79.856970390012251,-6.785597082246443,0.0],[-79.856915649006439,-6.785587008151588,0.0],[-79.856905663366547,-6.785585170473957,0.0],[-79.856860908003853,-6.785576934050914,0.0],[-79.856806167004464,-6.785566859944421,0.0],[-79.856730634823521,-6.785552959580562,0.0],[-79.856708417936915,-6.785524736421233,0.0],[-79.856691065314109,-6.785477309962263,0.0],[-79.85666855989021,-6.785432631093171,0.0],[-79.856615714799261,-6.785389350805078,0.0],[-79.856505770369111,-6.785302320789834,0.0],[-79.856407335999577,-6.785184175714209,0.0],[-79.856358910146199,-6.785137946511819,0.0],[-79.856229953007983,-6.785093854876987,0.0],[-79.856228323119836,-6.785040343558577,0.0],[-79.856226101969568,-6.784967420379662,0.0],[-79.856224279546424,-6.784907587945876,0.0],[-79.856222135696569,-6.784837202704637,0.0],[-79.856158275079935,-6.784858485767528,0.0],[-79.856089854612733,-6.784881288496609,0.0],[-79.856042957604728,-6.784855800515902,0.0],[-79.856012402650762,-6.784804354454526,0.0],[-79.855830896235446,-6.784768432166323,0.0],[-79.855698547650704,-6.784730578763056,0.0],[-79.855570429021768,-6.784677018669965,0.0]]]]}},
{"type":"Feature","properties":{"Layer":"TG_HAB_URB","Color":2,"ESTADO":"INFORMAL O SIN DOCUMENTACION","COD_HAB_UR":"0324","ID_COD_URB":"1401010324","TIPO_HAB_U":"H.U.","NOMB_HAB_U":"H.U. LA RIVIERA I"},"geometry":{"type":"MultiPolygon","coordinates":[[[[-79.859494178398606,-6.79247818904869,0.0],[-79.859339862157768,-6.792912668620846,0.0],[-79.859359085323447,-6.792923238576064,0.0],[-79.859399379867298,-6.792952540151773,0.0],[-79.859439387971506,-6.792976687614892,0.0],[-79.859485365508434,-6.793000667336172,0.0],[-79.859519793217814,-6.793018471560679,0.0],[-79.859647662943473,-6.79308641023734,0.0],[-79.859693790167711,-6.793109848541483,0.0],[-79.859739240973539,-6.793135816746793,0.0],[-79.859784327470507,-6.793157805508193,0.0],[-79.859831649905288,-6.793180884842413,0.0],[-79.859877926495358,-6.793204685254973,0.0],[-79.859916237452168,-6.793221051507122,0.0],[-79.859958725900484,-6.793237427586008,0.0],[-79.860022581493979,-6.793275623613328,0.0],[-79.860338368795965,-6.792339388554772,0.0],[-79.859773787436708,-6.792145877882919,0.0],[-79.859631708666683,-6.792097180159481,0.0],[-79.859494178398606,-6.79247818904869,0.0]]]]}},
{"type":"Feature","properties":{"Layer":"TG_HAB_URB","Color":2,"ESTADO":"INFORMAL O SIN DOCUMENTACION","COD_HAB_UR":"0229","ID_COD_URB":"1401010229","TIPO_HAB_U":"COOP","NOMB_HAB_U":"COOP.VIV. LA RINCONADA"},"geometry":{"type":"MultiPolygon","coordinates":[[[[-79.855077197805173,-6.787036974937558,0.0],[-79.854999916027225,-6.787632835368713,0.0],[-79.855307741534943,-6.787621546868361,0.0],[-79.855400512381109,-6.787620179924328,0.0],[-79.855717022269999,-6.78760857259251,0.0],[-79.855807133103994,-6.78761274273489,0.0],[-79.855909306369341,-6.787608995686903,0.0],[-79.855916343045706,-6.787551715179316,0.0],[-79.855921044867657,-6.787512252901326,0.0],[-79.855923839731517,-6.787489829717779,0.0],[-79.855931336414102,-6.787427944255699,0.0],[-79.855932783367066,-6.787415510032449,0.0],[-79.855938888216073,-6.787365603752932,0.0],[-79.855944521858589,-6.787318767162107,0.0],[-79.855946880995646,-6.787299622928043,0.0],[-79.855956260342225,-6.787222024290354,0.0],[-79.855968064706417,-6.787124738396096,0.0],[-79.855977738179561,-6.78704501414126,0.0],[-79.855077197805173,-6.787036974937558,0.0]]]]}},
{"type":"Feature","properties":{"Layer":"TG_HAB_URB","Color":2,"ESTADO":"INFORMAL O SIN DOCUMENTACION","COD_HAB_UR":"0117","ID_COD_URB":"1401010117","TIPO_HAB_U":"CONJ","NOMB_HAB_U":"CONJ.HAB. SANTA ELISA"},"geometry":{"type":"MultiPolygon","coordinates":[[[[-79.848463016889141,-6.789020954529029,0.0],[-79.848378106866591,-6.789691177212116,0.0],[-79.848701253690137,-6.789805513052833,0.0],[-79.849338578046073,-6.789893203942323,0.0],[-79.849482336144192,-6.788753620829804,0.0],[-79.848672126804985,-6.78883343407326,0.0],[-79.848487524459173,-6.788827507648618,0.0],[-79.848482909216997,-6.788863935731036,0.0],[-79.848463016889141,-6.789020954529029,0.0]]]]}},
{"type":"Feature","properties":{"Layer":"TG_HAB_URB","Color":2,"ESTADO":"INFORMAL O SIN DOCUMENTACION","COD_HAB_UR":"0116","ID_COD_URB":"1401010116","TIPO_HAB_U":"URB.","NOMB_HAB_U":"URB. LOS JAZMINES"},"geometry":{"type":"MultiPolygon","coordinates":[[[[-79.849482336144192,-6.788753620829804,0.0],[-79.849369680381955,-6.789646653756323,0.0],[-79.850386852974253,-6.78962316291387,0.0],[-79.850398950686952,-6.789453475833472,0.0],[-79.85031902132566,-6.788688795615585,0.0],[-79.849482336144192,-6.788753620829804,0.0]]]]}},
{"type":"Feature","properties":{"Layer":"TG_HAB_URB","Color":2,"ESTADO":"INFORMAL O SIN DOCUMENTACION","COD_HAB_UR":"0120","ID_COD_URB":"1401010120","TIPO_HAB_U":"H.U.","NOMB_HAB_U":"H.U. SIN DENOMINACION 023"},"geometry":{"type":"MultiPolygon","coordinates":[[[[-79.846788159701532,-6.787702472571767,0.0],[-79.847178371526184,-6.789273840082006,0.0],[-79.848378106866591,-6.789691177212116,0.0],[-79.848463016889141,-6.789020954529029,0.0],[-79.848482909216997,-6.788863935731036,0.0],[-79.848487524459173,-6.788827507648618,0.0],[-79.848491541799049,-6.788750736638586,0.0],[-79.84848625075422,-6.788687648323406,0.0],[-79.848480493155378,-6.788624600841562,0.0],[-79.848474735556664,-6.788561553359747,0.0],[-79.84846898603594,-6.78849850577679,0.0],[-79.848463220359619,-6.788435458396149,0.0],[-79.848457462761274,-6.788372410914423,0.0],[-79.848451737360136,-6.788309361772138,0.0],[-79.848445979762019,-6.788246314290255,0.0],[-79.848440222164058,-6.788183266808584,0.0],[-79.848434464566211,-6.788120219326935,0.0],[-79.84843265241031,-6.788100379155558,0.0],[-79.84842289176315,-6.788057975548559,0.0],[-79.84840868958787,-6.787996278128992,0.0],[-79.848394487414936,-6.7879345807095,0.0],[-79.848380285244374,-6.787872883289999,0.0],[-79.848366083076172,-6.787811185870574,0.0],[-79.848351880910343,-6.787749488451137,0.0],[-79.848337678746859,-6.787687791031824,0.0],[-79.848323476585747,-6.787626093612521,0.0],[-79.848315928931356,-6.787563235143748,0.0],[-79.84830957335727,-6.787500245086949,0.0],[-79.848303217783453,-6.787437255030135,0.0],[-79.848296862209921,-6.787374264973392,0.0],[-79.848292336905843,-6.787329414705879,0.0],[-79.848121837290108,-6.787369184747093,0.0],[-79.848033110370721,-6.787395462259794,0.0],[-79.847955805697083,-6.787414523414454,0.0],[-79.847879380133037,-6.787433370591443,0.0],[-79.847802076110113,-6.787452434389341,0.0],[-79.847728110211577,-6.78747067496526,0.0],[-79.847653178008869,-6.787489153826016,0.0],[-79.847578333647775,-6.787507611010851,0.0],[-79.8475036649738,-6.787526024856501,0.0],[-79.847428996296003,-6.78754443868961,0.0],[-79.847354327614312,-6.787562852510296,0.0],[-79.847279658928784,-6.787581266318528,0.0],[-79.847204990239405,-6.787599680114251,0.0],[-79.847130585082752,-6.78761802890769,0.0],[-79.847055652849107,-6.787636507668298,0.0],[-79.846979402928582,-6.787655311364902,0.0],[-79.846904294956417,-6.787673833266044,0.0],[-79.846788159701532,-6.787702472571767,0.0]]]]}},
{"type":"Feature","properties":{"Layer":"TG_HAB_URB","Color":2,"ESTADO":"INFORMAL O SIN DOCUMENTACION","COD_HAB_UR":"0232","ID_COD_URB":"1401010232","TIPO_HAB_U":"H.U.","NOMB_HAB_U":"H.U. VILLA DEL NORTE VI ETAPA"},"geometry":{"type":"MultiPolygon","coordinates":[[[[-79.852840302559457,-6.787756928445116,0.0],[-79.853354269114931,-6.787947607464549,0.0],[-79.853912286772612,-6.788152938954178,0.0],[-79.854223293701381,-6.788290318279889,0.0],[-79.854256006687066,-6.788435495794564,0.0],[-79.854584503015843,-6.788571570596504,0.0],[-79.85472506722806,-6.788671284106675,0.0],[-79.854970919486391,-6.788910029360746,0.0],[-79.854975842459567,-6.788776378006053,0.0],[-79.85497952679097,-6.788695665686665,0.0],[-79.855006299581476,-6.788109154246393,0.0],[-79.854999916027225,-6.787632835368713,0.0],[-79.855077197805173,-6.787036974937558,0.0],[-79.85507149678061,-6.786946384837926,0.0],[-79.854917464849549,-6.786925917140608,0.0],[-79.854911805669403,-6.786975156790986,0.0],[-79.854755343036416,-6.78692346939916,0.0],[-79.854560456755166,-6.787481029210217,0.0],[-79.853169655458601,-6.78696947210828,0.0],[-79.852840302559457,-6.787756928445116,0.0]]]]}},
{"type":"Feature","properties":{"Layer":"TG_HAB_URB","Color":2,"ESTADO":"INFORMAL O SIN DOCUMENTACION","COD_HAB_UR":"0207","ID_COD_URB":"1401010207","TIPO_HAB_U":"COOP","NOMB_HAB_U":"COOP.VIV. DE TRAB. ADM. DE LA UPCH"},"geometry":{"type":"MultiPolygon","coordinates":[[[[-79.86149892607024,-6.783654623747878,0.0],[-79.861488997680766,-6.784081573479493,0.0],[-79.861498661574359,-6.784219456345676,0.0],[-79.86194627576586,-6.784406336143142,0.0],[-79.862219070052504,-6.783970613685956,0.0],[-79.86149892607024,-6.783654623747878,0.0]]]]}},
{"type":"Feature","properties":{"Layer":"TG_HAB_URB","Color":2,"ESTADO":"INFORMAL O SIN DOCUMENTACION","COD_HAB_UR":"0024","ID_COD_URB":"1401010024","TIPO_HAB_U":"H.U.","NOMB_HAB_U":"H.U. CONDOMINIO LOS COCOS"},"geometry":{"type":"MultiPolygon","coordinates":[[[[-79.862112882094692,-6.78514714074213,0.0],[-79.862008792721937,-6.785499526255677,0.0],[-79.862001190016912,-6.78555895827256,0.0],[-79.861977927143798,-6.785667747074593,0.0],[-79.862127035244285,-6.78569960573028,0.0],[-79.862138596710793,-6.785813307941604,0.0],[-79.862138873653748,-6.785832544912246,0.0],[-79.862139635207527,-6.785885463087195,0.0],[-79.862142704035833,-6.786125633071333,0.0],[-79.862298324810794,-6.786124504708928,0.0],[-79.862405700196277,-6.786123614029673,0.0],[-79.862637476119374,-6.786126669199659,0.0],[-79.862689170176509,-6.78612735026121,0.0],[-79.86272838407622,-6.786126220326589,0.0],[-79.862741773285052,-6.786125833874741,0.0],[-79.862802635951425,-6.786124079990163,0.0],[-79.86287322767096,-6.786122045019213,0.0],[-79.862878346463177,-6.786121896936069,0.0],[-79.862976833196583,-6.786119058191313,0.0],[-79.863062188609717,-6.786116597447739,0.0],[-79.863082770547265,-6.786116004452608,0.0],[-79.863362491519055,-6.786120722758198,0.0],[-79.863517936105268,-6.786123344474878,0.0],[-79.863654335440557,-6.7861256456701,0.0],[-79.863732861515984,-6.786126969979186,0.0],[-79.863805554823102,-6.785905890502685,0.0],[-79.863821818701808,-6.78585643454706,0.0],[-79.863837005433481,-6.78581025100994,0.0],[-79.863854296335717,-6.785757670841426,0.0],[-79.863870485477065,-6.785708441719278,0.0],[-79.863927553430585,-6.785534901211149,0.0],[-79.86395569781476,-6.785449313938734,0.0],[-79.864011087093729,-6.785280877701344,0.0],[-79.864135513288176,-6.78490249672917,0.0],[-79.862427236960386,-6.784061954394482,0.0],[-79.862315613859707,-6.784446754227314,0.0],[-79.862264472744826,-6.784623053409748,0.0],[-79.862239285752878,-6.784726140420427,0.0],[-79.862188029900381,-6.784902288998041,0.0],[-79.862136705151272,-6.785078674174369,0.0],[-79.862112882094692,-6.78514714074213,0.0]]]]}},
{"type":"Feature","properties":{"Layer":"TG_HAB_URB","Color":2,"ESTADO":"INFORMAL O SIN DOCUMENTACION","COD_HAB_UR":"0273","ID_COD_URB":"1401010273","TIPO_HAB_U":"ASOC","NOMB_HAB_U":"ASOC.PVIV. LOS DATILES"},"geometry":{"type":"MultiPolygon","coordinates":[[[[-79.860187084938389,-6.785024331401414,0.0],[-79.860206707882369,-6.785413199672039,0.0],[-79.860141851284439,-6.785572429430564,0.0],[-79.860206519735456,-6.785579106468245,0.0],[-79.860276228917499,-6.786001469314722,0.0],[-79.860376025517979,-6.785993196464296,0.0],[-79.860439144483223,-6.785987964073168,0.0],[-79.860705207315505,-6.785965908092788,0.0],[-79.860713798230648,-6.7858290661428,0.0],[-79.860722389134494,-6.785692224191096,0.0],[-79.860748633822013,-6.785540358822924,0.0],[-79.860728926730417,-6.785474126408933,0.0],[-79.860784988771854,-6.785282229450371,0.0],[-79.860812040910233,-6.785153807002725,0.0],[-79.860833875682715,-6.785050148242739,0.0],[-79.860838096309365,-6.785025306498391,0.0],[-79.860187084938389,-6.785024331401414,0.0]]]]}},
{"type":"Feature","properties":{"Layer":"TG_HAB_URB","Color":2,"ESTADO":"INFORMAL O SIN DOCUMENTACION","COD_HAB_UR":"0272","ID_COD_URB":"1401010272","TIPO_HAB_U":"A.H.","NOMB_HAB_U":"A.H. 28 DE JULIO"},"geometry":{"type":"MultiPolygon","coordinates":[[[[-79.860217950927591,-6.782959708132722,0.0],[-79.860187084938389,-6.785024331401414,0.0],[-79.860838096309365,-6.785025306498391,0.0],[-79.860842316935361,-6.78500046475391,0.0],[-79.860842797336431,-6.784946201010543,0.0],[-79.860843277734261,-6.784891938171465,0.0],[-79.860843757228295,-6.784837674425699,0.0],[-79.860844237626011,-6.784783410681921,0.0],[-79.860844717115683,-6.784729147840306,0.0],[-79.860844521854162,-6.784672701532029,0.0],[-79.860850573524147,-6.784538614295683,0.0],[-79.86085319005285,-6.784484392079936,0.0],[-79.860853851642403,-6.784430147670436,0.0],[-79.860854513230791,-6.784375903260861,0.0],[-79.860855174818013,-6.784321658851071,0.0],[-79.860855836404085,-6.784267414441053,0.0],[-79.860856497988976,-6.784213170030942,0.0],[-79.860858723049546,-6.784161453675638,0.0],[-79.860861600511683,-6.784032476801229,0.0],[-79.860855697878321,-6.783833282051091,0.0],[-79.860858158749608,-6.783307014803943,0.0],[-79.860217950927591,-6.782959708132722,0.0]]]]}},
{"type":"Feature","properties":{"Layer":"TG_HAB_URB","Color":2,"ESTADO":"INFORMAL O SIN DOCUMENTACION","COD_HAB_UR":"0331","ID_COD_URB":"1401010331","TIPO_HAB_U":"H.U.","NOMB_HAB_U":"H.U. VILLA DEL NORTE V"},"geometry":{"type":"MultiPolygon","coordinates":[[[[-79.853511651143393,-6.785074360270236,0.0],[-79.85310171263005,-6.786238693373859,0.0],[-79.853066826121022,-6.786336441954018,0.0],[-79.852822094650236,-6.787005213140622,0.0],[-79.85290179759491,-6.787609899012171,0.0],[-79.853169655458601,-6.78696947210828,0.0],[-79.854560456755166,-6.787481029210217,0.0],[-79.854755343036416,-6.78692346939916,0.0],[-79.854911805669403,-6.786975156790986,0.0],[-79.854917464849549,-6.786925917140608,0.0],[-79.854917465091603,-6.786925917172767,0.0],[-79.854979470040433,-6.786463247723006,0.0],[-79.855570429021768,-6.784677018669965,0.0],[-79.855557897259004,-6.784671779754428,0.0],[-79.855509627182627,-6.784655134923051,0.0],[-79.85552085932791,-6.784623330299758,0.0],[-79.855524598800542,-6.784583071332618,0.0],[-79.855522739144618,-6.784542681961786,0.0],[-79.855531935629941,-6.784317666659999,0.0],[-79.855518857901913,-6.784274457735,0.0],[-79.85547394057366,-6.784126050770091,0.0],[-79.855442908150295,-6.784032176574835,0.0],[-79.854041719717586,-6.783541151262026,0.0],[-79.853849130579064,-6.784081945633351,0.0],[-79.853822758632958,-6.784162437575587,0.0],[-79.853693543865589,-6.784531806936895,0.0],[-79.853657373067676,-6.784624055617473,0.0],[-79.853540087704857,-6.784958542082368,0.0],[-79.853511651143393,-6.785074360270236,0.0]]]]}},
{"type":"Feature","properties":{"Layer":"TG_HAB_URB","Color":2,"ESTADO":"INFORMAL O SIN DOCUMENTACION","COD_HAB_UR":"0109","ID_COD_URB":"1401010109","TIPO_HAB_U":"URB.","NOMB_HAB_U":"URB. LOS CEDROS"},"geometry":{"type":"MultiPolygon","coordinates":[[[[-79.850467608089957,-6.785594422351142,0.0],[-79.850555087591303,-6.786235113344516,0.0],[-79.851838285981501,-6.786242447541555,0.0],[-79.851842488131666,-6.786292052414761,0.0],[-79.85193230954367,-6.786292703480671,0.0],[-79.852023395900034,-6.786293363698515,0.0],[-79.852057047494142,-6.786289316041986,0.0],[-79.851968039050249,-6.785564679950544,0.0],[-79.851725648343404,-6.785568003610348,0.0],[-79.851700132400367,-6.785568386272508,0.0],[-79.851499475950078,-6.785571395467259,0.0],[-79.851372802136368,-6.785367341230963,0.0],[-79.85133131424567,-6.785374660473525,0.0],[-79.851275028371859,-6.785385271200872,0.0],[-79.851198799179329,-6.785399641529946,0.0],[-79.851178088715983,-6.78540323365658,0.0],[-79.851121527877893,-6.785413043847054,0.0],[-79.851064668426091,-6.785422589205024,0.0],[-79.851006962806537,-6.785432276607144,0.0],[-79.850981577157171,-6.785436538252023,0.0],[-79.85095001029147,-6.785441520871648,0.0],[-79.850892158192536,-6.7854506524346,0.0],[-79.850883950921684,-6.785451947896252,0.0],[-79.850815572676169,-6.785462291385977,0.0],[-79.85073962284919,-6.785473780206983,0.0],[-79.850689098759133,-6.785481422906302,0.0],[-79.850663960383073,-6.785485225546656,0.0],[-79.85047353523349,-6.785514030797037,0.0],[-79.850467608089957,-6.785594422351142,0.0]]]]}},
{"type":"Feature","properties":{"Layer":"TG_HAB_URB","Color":2,"ESTADO":"INFORMAL O SIN DOCUMENTACION","COD_HAB_UR":"0122","ID_COD_URB":"1401010122","TIPO_HAB_U":"FDO.","NOMB_HAB_U":"FDO. LAS DELICIAS"},"geometry":{"type":"MultiPolygon","coordinates":[[[[-79.849478020544439,-6.784472457085458,0.0],[-79.849485136311742,-6.784534000592009,0.0],[-79.849492252041486,-6.784595543769426,0.0],[-79.84952588793351,-6.784842433578469,0.0],[-79.849586910235232,-6.785308604759694,0.0],[-79.849682564435284,-6.785306665812129,0.0],[-79.849687870488623,-6.785334749130397,0.0],[-79.849759715193485,-6.785329710555404,0.0],[-79.849887254265198,-6.785369153775271,0.0],[-79.849900275707199,-6.785421135951871,0.0],[-79.850000784860654,-6.785396146427649,0.0],[-79.84998220713419,-6.785102013311229,0.0],[-79.849978045348692,-6.785036121575398,0.0],[-79.849974001245727,-6.784970525776622,0.0],[-79.849969868888792,-6.784904179096581,0.0],[-79.849965736371004,-6.784837832426601,0.0],[-79.849952617368245,-6.784652889910272,0.0],[-79.849949090516944,-6.784589406737615,0.0],[-79.849943781988046,-6.784471589322808,0.0],[-79.849941158900322,-6.78441222656387,0.0],[-79.8499380145076,-6.784339940969373,0.0],[-79.849932233594515,-6.784214268413941,0.0],[-79.849929763192961,-6.784166850425514,0.0],[-79.849927159670784,-6.78411065550029,0.0],[-79.849916489922037,-6.783869319480964,0.0],[-79.849852953773009,-6.783872310601967,0.0],[-79.849789943783975,-6.783874911779707,0.0],[-79.849728563968824,-6.783877516019276,0.0],[-79.849666233154011,-6.783881038483152,0.0],[-79.849603063708258,-6.783885614881664,0.0],[-79.849539903661466,-6.783890319106886,0.0],[-79.849410354635694,-6.783898958641879,0.0],[-79.849423303421943,-6.784006714868566,0.0],[-79.849436036330957,-6.784112675166155,0.0],[-79.849449994477695,-6.784230785606054,0.0],[-79.849456773476277,-6.78428918129152,0.0],[-79.849463642778971,-6.784347566431723,0.0],[-79.849470867102013,-6.784410462878047,0.0],[-79.849478020544439,-6.784472457085458,0.0]]]]}},
{"type":"Feature","properties":{"Layer":"TG_HAB_URB","Color":2,"ESTADO":"INFORMAL O SIN DOCUMENTACION","COD_HAB_UR":"0144","ID_COD_URB":"1401010144","TIPO_HAB_U":"URB.","NOMB_HAB_U":"URB. MONTERRICO I"},"geometry":{"type":"MultiPolygon","coordinates":[[[[-79.851317151564871,-6.781042733294276,0.0],[-79.851323598689731,-6.781096615622232,0.0],[-79.851330045815047,-6.78115049795023,0.0],[-79.851342940066985,-6.781258262606355,0.0],[-79.851349387193622,-6.781312144934467,0.0],[-79.851357929470069,-6.78138353762354,0.0],[-79.851370288440421,-6.781499373419945,0.0],[-79.851378538164951,-6.781571255886042,0.0],[-79.851384725458772,-6.781625167735656,0.0],[-79.851390912752976,-6.781679079585307,0.0],[-79.851397100047578,-6.781732991434993,0.0],[-79.851403287342535,-6.781786903284698,0.0],[-79.85140947463789,-6.781840815134473,0.0],[-79.851415661933615,-6.781894726984301,0.0],[-79.851421849229723,-6.781948638834097,0.0],[-79.851428036526201,-6.78200255068396,0.0],[-79.851434223823063,-6.78205646253386,0.0],[-79.851440411120308,-6.782110374383815,0.0],[-79.851446598417922,-6.782164286233805,0.0],[-79.851452561629799,-6.782218223309728,0.0],[-79.851458489556904,-6.782272164271983,0.0],[-79.851464512302044,-6.782326968024688,0.0],[-79.851470345412068,-6.782380046196639,0.0],[-79.851476273340126,-6.782433987158988,0.0],[-79.851482201268524,-6.782487928121406,0.0],[-79.851488129197222,-6.782541869083805,0.0],[-79.851491092948464,-6.782568839561866,0.0],[-79.851509840407743,-6.782740759518275,0.0],[-79.851633402843845,-6.782732576692874,0.0],[-79.852302596757042,-6.782821505979524,0.0],[-79.853235442471345,-6.782885413266769,0.0],[-79.853251115456118,-6.782817853883813,0.0],[-79.853258213035289,-6.782745848578536,0.0],[-79.85326353617549,-6.78269184459609,0.0],[-79.853268859313516,-6.782637840613269,0.0],[-79.85327418244934,-6.782583836630072,0.0],[-79.853279505582975,-6.782529832646534,0.0],[-79.853284828714436,-6.782475828662569,0.0],[-79.853290151843709,-6.782421824678247,0.0],[-79.853295474970778,-6.782367820693548,0.0],[-79.85330079809566,-6.782313816708526,0.0],[-79.853306121218353,-6.782259812723045,0.0],[-79.853311444338871,-6.782205808737205,0.0],[-79.853316767402845,-6.782151804745687,0.0],[-79.853322090573329,-6.782097800764415,0.0],[-79.853327413687268,-6.782043796777482,0.0],[-79.853332736743525,-6.781989792784702,0.0],[-79.853338059855389,-6.781935788797279,0.0],[-79.853343383015996,-6.781881784814416,0.0],[-79.853348706120045,-6.781827780825846,0.0],[-79.853354029170944,-6.78177377683191,0.0],[-79.853359352325015,-6.781719772847975,0.0],[-79.853364817318422,-6.781664328748002,0.0],[-79.853372420733507,-6.781555185210917,0.0],[-79.853374064675563,-6.781537419654474,0.0],[-79.853395015804963,-6.781351015462508,0.0],[-79.853427104891168,-6.781064154217219,0.0],[-79.851227992900832,-6.780215246408458,0.0],[-79.851261155007919,-6.780525910088562,0.0],[-79.851282836862538,-6.780729026349767,0.0],[-79.851294570323404,-6.780854008852588,0.0],[-79.851317151564871,-6.781042733294276,0.0]]]]}},
{"type":"Feature","properties":{"Layer":"TG_HAB_URB","Color":2,"ESTADO":"INFORMAL O SIN DOCUMENTACION","COD_HAB_UR":"0112","ID_COD_URB":"1401010112","TIPO_HAB_U":"URB.","NOMB_HAB_U":"URB. LOS ROSALES"},"geometry":{"type":"MultiPolygon","coordinates":[[[[-79.848372941657956,-6.786428156392187,0.0],[-79.848581137143654,-6.786656565914733,0.0],[-79.848773677291234,-6.786627953013158,0.0],[-79.848840299116048,-6.786618981172082,0.0],[-79.848911895623317,-6.78660933938864,0.0],[-79.848983761471231,-6.786599661322291,0.0],[-79.849055492647182,-6.786590001380737,0.0],[-79.849127190154306,-6.786580345962111,0.0],[-79.8491989547624,-6.786570681499279,0.0],[-79.849172304841403,-6.786410080987602,0.0],[-79.849160587493728,-6.786339468392166,0.0],[-79.849133568267632,-6.786176638716578,0.0],[-79.849061976228427,-6.786187344645889,0.0],[-79.848990390352029,-6.786198049642289,0.0],[-79.848917915336756,-6.786208887589543,0.0],[-79.848887392056213,-6.786213452051533,0.0],[-79.848849114913548,-6.786224731422169,0.0],[-79.848783454214583,-6.786244080053357,0.0],[-79.848740983049211,-6.786256595310714,0.0],[-79.848584922637713,-6.786302582549887,0.0],[-79.848334692679131,-6.786376319154351,0.0],[-79.848372941657956,-6.786428156392187,0.0]]]]}},
{"type":"Feature","properties":{"Layer":"TG_HAB_URB","Color":2,"ESTADO":"INFORMAL O SIN DOCUMENTACION","COD_HAB_UR":"0107","ID_COD_URB":"1401010107","TIPO_HAB_U":"CONJ","NOMB_HAB_U":"CONJ.RES. LA MARINA"},"geometry":{"type":"MultiPolygon","coordinates":[[[[-79.846817442831679,-6.784142888390961,0.0],[-79.845957141738126,-6.784385848988315,0.0],[-79.84604769851353,-6.784740011831817,0.0],[-79.846205705072563,-6.784698167942441,0.0],[-79.846288793667071,-6.784676164527891,0.0],[-79.846371881585981,-6.784654161275326,0.0],[-79.846444037840229,-6.784635052920597,0.0],[-79.846516193235118,-6.784615944780675,0.0],[-79.846588349481507,-6.784596836402488,0.0],[-79.846660504868453,-6.784577728239127,0.0],[-79.846721727923665,-6.784561515161864,0.0],[-79.846782950975808,-6.78454530207622,0.0],[-79.846844173841475,-6.784529089030763,0.0],[-79.846996741770582,-6.784488685936406,0.0],[-79.847032220105888,-6.784472999138648,0.0],[-79.846817442831679,-6.784142888390961,0.0]]]]}},
{"type":"Feature","properties":{"Layer":"TG_HAB_URB","Color":2,"ESTADO":"INFORMAL O SIN DOCUMENTACION","COD_HAB_UR":"0163","ID_COD_URB":"1401010163","TIPO_HAB_U":"URB.","NOMB_HAB_U":"URB. LAS DELICIAS (EX - FDO. SAN JOSÉ)"},"geometry":{"type":"MultiPolygon","coordinates":[[[[-79.847452758059475,-6.784021442005042,0.0],[-79.847518851753634,-6.784349526878208,0.0],[-79.847032220105888,-6.784472999138648,0.0],[-79.847330901786577,-6.78493008593825,0.0],[-79.847520255822275,-6.78485455681153,0.0],[-79.847572540327377,-6.784833701663392,0.0],[-79.847654721015189,-6.784807426331104,0.0],[-79.847725982891035,-6.784784642016541,0.0],[-79.847792064379419,-6.784775567972179,0.0],[-79.848025273096141,-6.78474539119043,0.0],[-79.848088738186888,-6.784737289815063,0.0],[-79.8481519047277,-6.784728413833163,0.0],[-79.848345003048067,-6.784701235497661,0.0],[-79.848360103309886,-6.784148432920639,0.0],[-79.848331269055606,-6.783812846703237,0.0],[-79.847872088234908,-6.783905489469847,0.0],[-79.847452758059475,-6.784021442005042,0.0]]]]}},
{"type":"Feature","properties":{"Layer":"TG_HAB_URB","Color":2,"ESTADO":"INFORMAL O SIN DOCUMENTACION","COD_HAB_UR":"0119","ID_COD_URB":"1401010119","TIPO_HAB_U":"H.U.","NOMB_HAB_U":"H.U. SIN DENOMINACION 022"},"geometry":{"type":"MultiPolygon","coordinates":[[[[-79.84604769851353,-6.784740011831817,0.0],[-79.846344054365204,-6.785899041672704,0.0],[-79.84659032926119,-6.785839648857769,0.0],[-79.846902571284915,-6.785764348678089,0.0],[-79.846977301424161,-6.785746184375948,0.0],[-79.847044619240279,-6.785730091958129,0.0],[-79.847111904929818,-6.785713864967558,0.0],[-79.847179190976092,-6.78569763861089,0.0],[-79.847313763423656,-6.785665184446593,0.0],[-79.847381049280031,-6.785648957285255,0.0],[-79.847448335316074,-6.785632731792563,0.0],[-79.847515620985547,-6.785616503836595,0.0],[-79.847754209267123,-6.785558966350878,0.0],[-79.847330901786592,-6.7849300859383,0.0],[-79.847032220105888,-6.784472999138648,0.0],[-79.846996741770582,-6.784488685936406,0.0],[-79.846844173841475,-6.784529089030763,0.0],[-79.846782950975808,-6.78454530207622,0.0],[-79.846721727923665,-6.784561515161864,0.0],[-79.846660504868453,-6.784577728239127,0.0],[-79.846588349481507,-6.784596836402488,0.0],[-79.846516193235118,-6.784615944780675,0.0],[-79.846444037840229,-6.784635052920597,0.0],[-79.846371881585981,-6.784654161275326,0.0],[-79.846288793667071,-6.784676164527891,0.0],[-79.846205705072563,-6.784698167942441,0.0],[-79.84604769851353,-6.784740011831817,0.0]]]]}},
{"type":"Feature","properties":{"Layer":"TG_HAB_URB","Color":2,"ESTADO":"INFORMAL O SIN DOCUMENTACION","COD_HAB_UR":"0118","ID_COD_URB":"1401010118","TIPO_HAB_U":"FDO.","NOMB_HAB_U":"FDO. SAN JOSÉ"},"geometry":{"type":"MultiPolygon","coordinates":[[[[-79.848360103309886,-6.784148432920639,0.0],[-79.848345003048067,-6.784701235497661,0.0],[-79.84841832248955,-6.784981119442725,0.0],[-79.848556579667459,-6.784972482968017,0.0],[-79.84863385697804,-6.78496765568914,0.0],[-79.848688052509885,-6.78496427025137,0.0],[-79.84873916545726,-6.784961080795887,0.0],[-79.848744100841813,-6.784960769068064,0.0],[-79.848729827368985,-6.784780447982235,0.0],[-79.848726022892279,-6.784677548398671,0.0],[-79.84870872578017,-6.784497717177228,0.0],[-79.848693117707811,-6.784335446218014,0.0],[-79.848682503345444,-6.784224577894592,0.0],[-79.848668929934263,-6.784053489117542,0.0],[-79.848650899099283,-6.783826222704901,0.0],[-79.848331269055606,-6.783812846703237,0.0],[-79.848360103309886,-6.784148432920639,0.0]]]]}},
{"type":"Feature","properties":{"Layer":"TG_HAB_URB","Color":2,"ESTADO":"INFORMAL O SIN DOCUMENTACION","COD_HAB_UR":"0104","ID_COD_URB":"1401010104","TIPO_HAB_U":"URB.","NOMB_HAB_U":"URB. LOS JARDINES DE SANTA ROSA"},"geometry":{"type":"MultiPolygon","coordinates":[[[[-79.848303678530797,-6.782848604522409,0.0],[-79.848331269055606,-6.783812846703237,0.0],[-79.848650899099283,-6.783826222704901,0.0],[-79.848668929934263,-6.784053489117542,0.0],[-79.848682503345444,-6.784224577894592,0.0],[-79.848693117707811,-6.784335446218014,0.0],[-79.84870872578017,-6.784497717177228,0.0],[-79.848726022892279,-6.784677548398671,0.0],[-79.848729827368985,-6.784780447982235,0.0],[-79.848744100841813,-6.784960769068064,0.0],[-79.848820768419969,-6.784954706553412,0.0],[-79.848897435998239,-6.784948644026299,0.0],[-79.848954197786469,-6.784944155551479,0.0],[-79.848974103576623,-6.784942581486724,0.0],[-79.849050771155134,-6.784936518934721,0.0],[-79.84912743873376,-6.78493045637027,0.0],[-79.849204106312484,-6.784924393793375,0.0],[-79.849280773891323,-6.784918331204037,0.0],[-79.849280366742377,-6.784913187641469,0.0],[-79.849343913124386,-6.784913338377042,0.0],[-79.849357441470289,-6.784912268602251,0.0],[-79.849456657980312,-6.784904415015367,0.0],[-79.849475278169422,-6.785047920148273,0.0],[-79.849485572716347,-6.785068278566499,0.0],[-79.849512494300825,-6.785226349462208,0.0],[-79.849489759874885,-6.785232181470171,0.0],[-79.849586910235232,-6.785308604759694,0.0],[-79.84952588793351,-6.784842433578469,0.0],[-79.849492252041486,-6.784595543769426,0.0],[-79.849485136311742,-6.784534000592009,0.0],[-79.849478020544439,-6.784472457085458,0.0],[-79.849470867102013,-6.784410462878047,0.0],[-79.849463642778971,-6.784347566431723,0.0],[-79.849456773476277,-6.78428918129152,0.0],[-79.849449994477695,-6.784230785606054,0.0],[-79.849436036330957,-6.784112675166155,0.0],[-79.849423303421943,-6.784006714868566,0.0],[-79.849410354635694,-6.783898958641879,0.0],[-79.849539903661466,-6.783890319106886,0.0],[-79.849603063708258,-6.783885614881664,0.0],[-79.849666233154011,-6.783881038483152,0.0],[-79.849728563968824,-6.783877516019276,0.0],[-79.849789943783975,-6.783874911779707,0.0],[-79.849852953773009,-6.783872310601967,0.0],[-79.849916489922037,-6.783869319480964,0.0],[-79.849927159670784,-6.78411065550029,0.0],[-79.849929763192961,-6.784166850425514,0.0],[-79.849932233594515,-6.784214268413941,0.0],[-79.8499380145076,-6.784339940969373,0.0],[-79.849941158900322,-6.78441222656387,0.0],[-79.849943781988046,-6.784471589322808,0.0],[-79.849949090516944,-6.784589406737615,0.0],[-79.849952617368245,-6.784652889910272,0.0],[-79.849965736371004,-6.784837832426601,0.0],[-79.849969868888792,-6.784904179096581,0.0],[-79.849974001245727,-6.784970525776622,0.0],[-79.849978045348692,-6.785036121575398,0.0],[-79.84998220713419,-6.785102013311229,0.0],[-79.850000784860654,-6.785396146427649,0.0],[-79.850070135503728,-6.785432465706181,0.0],[-79.850175712268893,-6.785416345765786,0.0],[-79.850229934469866,-6.785450076377938,0.0],[-79.850370064391825,-6.785413746253788,0.0],[-79.850390036281027,-6.785547932884309,0.0],[-79.850467608089957,-6.785594422351142,0.0],[-79.85047353523349,-6.785514030797037,0.0],[-79.850454033977826,-6.785380497261271,0.0],[-79.850481420104671,-6.785280453945705,0.0],[-79.850459812918146,-6.785070832955572,0.0],[-79.850511266902046,-6.785063146270886,0.0],[-79.85056943227454,-6.78505445696819,0.0],[-79.850627597645968,-6.785045767658194,0.0],[-79.850685763016457,-6.785037078340854,0.0],[-79.850743928386024,-6.785028389016163,0.0],[-79.850802093754638,-6.785019699684176,0.0],[-79.850860259122314,-6.78501101034486,0.0],[-79.850918424489066,-6.785002320998212,0.0],[-79.850976589854866,-6.784993631644201,0.0],[-79.850989565205595,-6.784991693248847,0.0],[-79.851060705920688,-6.78498106548855,0.0],[-79.851148401391484,-6.784967964586529,0.0],[-79.851204329624323,-6.784959609410746,0.0],[-79.851240571118694,-6.784954195253215,0.0],[-79.851301331549223,-6.784945118177779,0.0],[-79.851263796542412,-6.784768167389017,0.0],[-79.851244164979207,-6.784599817486095,0.0],[-79.851160412076737,-6.784245916083147,0.0],[-79.851125924164975,-6.78411839922124,0.0],[-79.851057114374257,-6.783761388153083,0.0],[-79.851020214432879,-6.783645388861697,0.0],[-79.850934187694946,-6.783292126046526,0.0],[-79.85094174686148,-6.783197993675564,0.0],[-79.850875920379607,-6.782782739870042,0.0],[-79.849237413430259,-6.782903734589235,0.0],[-79.848303678530797,-6.782848604522409,0.0]]]]}},
{"type":"Feature","properties":{"Layer":"TG_HAB_URB","Color":2,"ESTADO":"INFORMAL O SIN DOCUMENTACION","COD_HAB_UR":"0108","ID_COD_URB":"1401010108","TIPO_HAB_U":"LOTIZ","NOMB_HAB_U":"LOTIZ. SAN JOSÉ DE AFUERA"},"geometry":{"type":"MultiPolygon","coordinates":[[[[-79.850481420104671,-6.785280453945705,0.0],[-79.850454033977826,-6.785380497261271,0.0],[-79.85047353523349,-6.785514030797037,0.0],[-79.850663960383073,-6.785485225546656,0.0],[-79.850689098759133,-6.785481422906302,0.0],[-79.85073962284919,-6.785473780206983,0.0],[-79.850815572676169,-6.785462291385977,0.0],[-79.850883950921684,-6.785451947896252,0.0],[-79.850892158192536,-6.7854506524346,0.0],[-79.85095001029147,-6.785441520871648,0.0],[-79.850981577157171,-6.785436538252023,0.0],[-79.851006962806537,-6.785432276607144,0.0],[-79.851064668426091,-6.785422589205024,0.0],[-79.851121527877893,-6.785413043847054,0.0],[-79.851178088715983,-6.78540323365658,0.0],[-79.851198799179329,-6.785399641529946,0.0],[-79.851275028371859,-6.785385271200872,0.0],[-79.85133131424567,-6.785374660473525,0.0],[-79.851372802136368,-6.785367341230963,0.0],[-79.85134725448512,-6.78518388242922,0.0],[-79.851327227749167,-6.785082893250999,0.0],[-79.851301331549223,-6.784945118177779,0.0],[-79.851240571118694,-6.784954195253215,0.0],[-79.851204329624323,-6.784959609410746,0.0],[-79.851148401391484,-6.784967964586529,0.0],[-79.851060705920688,-6.78498106548855,0.0],[-79.850989565205595,-6.784991693248847,0.0],[-79.850976589854866,-6.784993631644201,0.0],[-79.850918424489066,-6.785002320998212,0.0],[-79.850860259122314,-6.78501101034486,0.0],[-79.850802093754638,-6.785019699684176,0.0],[-79.850743928386024,-6.785028389016163,0.0],[-79.850685763016457,-6.785037078340854,0.0],[-79.850627597645968,-6.785045767658194,0.0],[-79.85056943227454,-6.78505445696819,0.0],[-79.850511266902046,-6.785063146270886,0.0],[-79.850459812918146,-6.785070832955572,0.0],[-79.850481420104671,-6.785280453945705,0.0]]]]}},
{"type":"Feature","properties":{"Layer":"TG_HAB_URB","Color":2,"ESTADO":"INFORMAL O SIN DOCUMENTACION","COD_HAB_UR":"0106","ID_COD_URB":"1401010106","TIPO_HAB_U":"URB.","NOMB_HAB_U":"URB. SAN BORJA"},"geometry":{"type":"MultiPolygon","coordinates":[[[[-79.847369875117536,-6.783629867503326,0.0],[-79.847452758059475,-6.784021442005042,0.0],[-79.847872088234908,-6.783905489469847,0.0],[-79.848331269055606,-6.783812846703237,0.0],[-79.848323647858734,-6.783546498015953,0.0],[-79.848270580186593,-6.783557375928791,0.0],[-79.848184604372577,-6.783574999401608,0.0],[-79.848096369965859,-6.783578836665685,0.0],[-79.847971913761285,-6.78360240804566,0.0],[-79.847957138558144,-6.783536203719335,0.0],[-79.847941441850253,-6.783465571639621,0.0],[-79.847788699656874,-6.783482083919942,0.0],[-79.847692538857245,-6.783492479411305,0.0],[-79.84760759421539,-6.783500488441194,0.0],[-79.847547511974668,-6.783506153250273,0.0],[-79.847503651841649,-6.783510709625038,0.0],[-79.847523685148687,-6.783601107408243,0.0],[-79.847440681172927,-6.783614847267399,0.0],[-79.847369875117536,-6.783629867503326,0.0]]]]}},
{"type":"Feature","properties":{"Layer":"TG_HAB_URB","Color":2,"ESTADO":"INFORMAL O SIN DOCUMENTACION","COD_HAB_UR":"0102","ID_COD_URB":"1401010102","TIPO_HAB_U":"H.U.","NOMB_HAB_U":"H.U. SUB - DIVISIÓN ALVARADO"},"geometry":{"type":"MultiPolygon","coordinates":[[[[-79.85163676260018,-6.782787505198122,0.0],[-79.851689927191472,-6.783142363500376,0.0],[-79.851688400020464,-6.783237529678408,0.0],[-79.851689295249273,-6.783244339127916,0.0],[-79.851700837755104,-6.783330212310755,0.0],[-79.851710271305592,-6.78340039541636,0.0],[-79.851711223354158,-6.783407478403975,0.0],[-79.851641741729111,-6.783412721430577,0.0],[-79.85157316260441,-6.783417896345258,0.0],[-79.851520854146159,-6.783421843484437,0.0],[-79.851505485972027,-6.783423003148979,0.0],[-79.851457698663367,-6.78342660912055,0.0],[-79.851437899707022,-6.783428103124039,0.0],[-79.851394543281643,-6.783431374740601,0.0],[-79.851370223336417,-6.783433209888677,0.0],[-79.851331387914897,-6.783436140351125,0.0],[-79.851302908032977,-6.7834382893981,0.0],[-79.851268234125129,-6.783440918143803,0.0],[-79.851235100200498,-6.78344239016528,0.0],[-79.850973609063828,-6.783454007198642,0.0],[-79.851020214432879,-6.783645388861697,0.0],[-79.851057114374257,-6.783761388153083,0.0],[-79.851125924164975,-6.78411839922124,0.0],[-79.851248017321808,-6.784103254309072,0.0],[-79.851270302390077,-6.784099379380806,0.0],[-79.851806574474978,-6.784006132039811,0.0],[-79.851838036727003,-6.784000661342737,0.0],[-79.851904891916575,-6.783989036468533,0.0],[-79.85197175085645,-6.783977410932165,0.0],[-79.852038610256812,-6.783965785305662,0.0],[-79.852105469584174,-6.783954159681811,0.0],[-79.852172328837668,-6.783942534060748,0.0],[-79.852306045288245,-6.783919283146006,0.0],[-79.852486974990853,-6.783887822621629,0.0],[-79.852302596757042,-6.782821505979524,0.0],[-79.851633402843845,-6.782732576692874,0.0],[-79.85163676260018,-6.782787505198122,0.0]]]]}},
{"type":"Feature","properties":{"Layer":"TG_HAB_URB","Color":2,"ESTADO":"INFORMAL O SIN DOCUMENTACION","COD_HAB_UR":"0140","ID_COD_URB":"1401010140","TIPO_HAB_U":"URB.","NOMB_HAB_U":"URB. CORAZON DE JESÚS"},"geometry":{"type":"MultiPolygon","coordinates":[[[[-79.849132240434628,-6.782182468077049,0.0],[-79.849237413430259,-6.782903734589235,0.0],[-79.850593194457872,-6.782803618027508,0.0],[-79.850525197353477,-6.782096791538938,0.0],[-79.85047631071798,-6.78210022764171,0.0],[-79.850472896204224,-6.782100467638005,0.0],[-79.850405930094738,-6.782105174487015,0.0],[-79.850402491373288,-6.782105416184275,0.0],[-79.850353749868333,-6.782108842073651,0.0],[-79.8503508734224,-6.782109044249965,0.0],[-79.850305008409435,-6.78211226795479,0.0],[-79.850301231106556,-6.782112533449111,0.0],[-79.850256266049229,-6.782115693894275,0.0],[-79.850207523702949,-6.782119119827787,0.0],[-79.850172161371731,-6.782121601914225,0.0],[-79.850158779626867,-6.782122510987394,0.0],[-79.85011003175741,-6.782125822613627,0.0],[-79.850044128803162,-6.782130299641383,0.0],[-79.850016618902629,-6.782132168486424,0.0],[-79.849962356057233,-6.782136076365168,0.0],[-79.849863116691708,-6.782141890117481,0.0],[-79.849814341322741,-6.782144737399248,0.0],[-79.849765565856018,-6.782147584681747,0.0],[-79.84971678857444,-6.7821504320652,0.0],[-79.849668013123036,-6.782153279336823,0.0],[-79.849651743343074,-6.782154229085668,0.0],[-79.849619236756581,-6.782156126656901,0.0],[-79.849601376800663,-6.782157169230462,0.0],[-79.849570450960428,-6.782158836964602,0.0],[-79.849521659649398,-6.782161468123819,0.0],[-79.849472867425064,-6.782164099327307,0.0],[-79.849424076601736,-6.782166730450279,0.0],[-79.849132240434628,-6.782182468077049,0.0]]]]}},
{"type":"Feature","properties":{"Layer":"TG_HAB_URB","Color":2,"ESTADO":"INFORMAL O SIN DOCUMENTACION","COD_HAB_UR":"0146","ID_COD_URB":"1401010146","TIPO_HAB_U":"H.U.","NOMB_HAB_U":"H.U. PARAJE LURIN"},"geometry":{"type":"MultiPolygon","coordinates":[[[[-79.850337237592029,-6.779871390893693,0.0],[-79.850468603301223,-6.781463473733128,0.0],[-79.850386199947522,-6.781468828875045,0.0],[-79.850320527426788,-6.781473096721101,0.0],[-79.850250435592898,-6.781477651754136,0.0],[-79.850236108364854,-6.781478582831321,0.0],[-79.850125054412572,-6.781485799830453,0.0],[-79.850115333831383,-6.781486431535016,0.0],[-79.850057048476231,-6.781490219280212,0.0],[-79.850014000461243,-6.781493016803608,0.0],[-79.849984818912716,-6.781494913196953,0.0],[-79.849912589349586,-6.781499607102703,0.0],[-79.84990294651088,-6.781500233750769,0.0],[-79.849840359786867,-6.781504300997484,0.0],[-79.849791892561484,-6.781507450671968,0.0],[-79.849768130224561,-6.781508994881257,0.0],[-79.849695900662667,-6.781513688754042,0.0],[-79.849680838613068,-6.781514667567192,0.0],[-79.849623671101185,-6.781518382615838,0.0],[-79.84956978466559,-6.781521884436438,0.0],[-79.8495514415401,-6.781523076466662,0.0],[-79.849479211979428,-6.781527770306479,0.0],[-79.849458730719107,-6.781529101279688,0.0],[-79.849406982419154,-6.781532464135307,0.0],[-79.849347676773576,-6.781536318096977,0.0],[-79.849236622829011,-6.78154353488829,0.0],[-79.849040927526957,-6.781556251997592,0.0],[-79.849086879768763,-6.781871388612578,0.0],[-79.84928144602452,-6.781858744882832,0.0],[-79.849402849662326,-6.781850855528957,0.0],[-79.849451605621724,-6.781847687138283,0.0],[-79.849500359256396,-6.781844518893676,0.0],[-79.849549114261649,-6.78184135055501,0.0],[-79.849597869319965,-6.781838182207892,0.0],[-79.849646623810273,-6.781835013892692,0.0],[-79.849695378517723,-6.781831845558396,0.0],[-79.849744133745702,-6.781828677185285,0.0],[-79.84979288790737,-6.781825508876455,0.0],[-79.849841642835045,-6.781822340512866,0.0],[-79.849886685848148,-6.781819413365453,0.0],[-79.849967485648449,-6.781814162530961,0.0],[-79.850040799656554,-6.781809398154342,0.0],[-79.850089555059171,-6.781806229734493,0.0],[-79.850138309630225,-6.781803061363664,0.0],[-79.850187066837648,-6.781799892816512,0.0],[-79.850235820542068,-6.781796724492003,0.0],[-79.850284575945423,-6.781793556052126,0.0],[-79.850333332286425,-6.781790387546303,0.0],[-79.850382087760636,-6.781787219091829,0.0],[-79.850494712216971,-6.781779899987657,0.0],[-79.850593194457872,-6.782803618027508,0.0],[-79.850875920379607,-6.782782739870042,0.0],[-79.851509840407743,-6.782740759518275,0.0],[-79.851491092948464,-6.782568839561866,0.0],[-79.851488129197222,-6.782541869083805,0.0],[-79.851482201268524,-6.782487928121406,0.0],[-79.851476273340126,-6.782433987158988,0.0],[-79.851470345412068,-6.782380046196639,0.0],[-79.851464512302044,-6.782326968024688,0.0],[-79.851458489556904,-6.782272164271983,0.0],[-79.851452561629799,-6.782218223309728,0.0],[-79.851446598417922,-6.782164286233805,0.0],[-79.851440411120308,-6.782110374383815,0.0],[-79.851434223823063,-6.78205646253386,0.0],[-79.851428036526201,-6.78200255068396,0.0],[-79.851421849229723,-6.781948638834097,0.0],[-79.851415661933615,-6.781894726984301,0.0],[-79.85140947463789,-6.781840815134473,0.0],[-79.851403287342535,-6.781786903284698,0.0],[-79.851397100047578,-6.781732991434993,0.0],[-79.851390912752976,-6.781679079585307,0.0],[-79.851384725458772,-6.781625167735656,0.0],[-79.851378538164951,-6.781571255886042,0.0],[-79.851370288440421,-6.781499373419945,0.0],[-79.851357929470069,-6.78138353762354,0.0],[-79.851349387193622,-6.781312144934467,0.0],[-79.851342940066985,-6.781258262606355,0.0],[-79.851330045815047,-6.78115049795023,0.0],[-79.851323598689731,-6.781096615622232,0.0],[-79.851317151564871,-6.781042733294276,0.0],[-79.851294570323404,-6.780854008852588,0.0],[-79.851282836862538,-6.780729026349767,0.0],[-79.851261155007919,-6.780525910088562,0.0],[-79.851227992900832,-6.780215246408458,0.0],[-79.850337237592029,-6.779871390893693,0.0]]]]}},
{"type":"Feature","properties":{"Layer":"TG_HAB_URB","Color":2,"ESTADO":"INFORMAL O SIN DOCUMENTACION","COD_HAB_UR":"0235","ID_COD_URB":"1401010235","TIPO_HAB_U":"H.U.","NOMB_HAB_U":"H.U. MONTERRICO IV ETAPA"},"geometry":{"type":"MultiPolygon","coordinates":[[[[-79.855418869501278,-6.783646141807736,0.0],[-79.855423719944852,-6.783711079689246,0.0],[-79.855428570388256,-6.78377601757072,0.0],[-79.855398716361037,-6.784016690303156,0.0],[-79.855442908150295,-6.784032176574835,0.0],[-79.85547394057366,-6.784126050770091,0.0],[-79.855518857901913,-6.784274457735,0.0],[-79.855531935629941,-6.784317666659999,0.0],[-79.855522739144618,-6.784542681961786,0.0],[-79.855524598800542,-6.784583071332618,0.0],[-79.85552085932791,-6.784623330299758,0.0],[-79.855509627182627,-6.784655134923051,0.0],[-79.855557897259004,-6.784671779754428,0.0],[-79.855570429021768,-6.784677018669965,0.0],[-79.855698547650704,-6.784730578763056,0.0],[-79.855830896235446,-6.784768432166323,0.0],[-79.856012402650762,-6.784804354454526,0.0],[-79.856042957604728,-6.784855800515902,0.0],[-79.856089854612733,-6.784881288496609,0.0],[-79.856158275079935,-6.784858485767528,0.0],[-79.856222135696569,-6.784837202704637,0.0],[-79.856233475201577,-6.784833423544915,0.0],[-79.856344665897296,-6.784806659853511,0.0],[-79.856433169358112,-6.784785367837096,0.0],[-79.856543291050542,-6.784758657174518,0.0],[-79.856559674347224,-6.784754683307304,0.0],[-79.856575817541739,-6.784752090507986,0.0],[-79.856703689917566,-6.784731552581555,0.0],[-79.856789213701035,-6.784676915302194,0.0],[-79.856924084942193,-6.784639605495524,0.0],[-79.857059917500536,-6.784602029711334,0.0],[-79.857137593348895,-6.784579498051221,0.0],[-79.857271839446,-6.784543671924832,0.0],[-79.857330907724275,-6.784527908416358,0.0],[-79.857393555895229,-6.784511189535242,0.0],[-79.857456204063098,-6.784494470645216,0.0],[-79.857515443478903,-6.784473028886439,0.0],[-79.857649750834796,-6.784434749611238,0.0],[-79.857784058175184,-6.784396470295218,0.0],[-79.857865252691212,-6.784371332695812,0.0],[-79.857999552725801,-6.784336434706446,0.0],[-79.858069281856871,-6.784314611290729,0.0],[-79.858144340565389,-6.784293267742981,0.0],[-79.858137610634941,-6.784217063500254,0.0],[-79.857847786762576,-6.783803656993019,0.0],[-79.857553109128176,-6.783541923399614,0.0],[-79.857480516491322,-6.783487520214718,0.0],[-79.857201001032806,-6.782991165470484,0.0],[-79.857135397309492,-6.782958177491552,0.0],[-79.857098632237481,-6.782956175319311,0.0],[-79.857032916559305,-6.78292769744964,0.0],[-79.856913322207376,-6.782884342329704,0.0],[-79.856798588448285,-6.782809889914559,0.0],[-79.856731739792338,-6.782733157180684,0.0],[-79.856624131856179,-6.782682650888796,0.0],[-79.856366709198099,-6.782607052699217,0.0],[-79.856339798128715,-6.782713768114625,0.0],[-79.856045813360296,-6.782665883678308,0.0],[-79.856037912156879,-6.782688032959059,0.0],[-79.855900151234309,-6.78266435275766,0.0],[-79.855839652104521,-6.782653768491921,0.0],[-79.855718740374542,-6.782632872012395,0.0],[-79.855707520441229,-6.782631040886204,0.0],[-79.855658245023776,-6.78262299899412,0.0],[-79.855607580922495,-6.782614730450436,0.0],[-79.85555158360927,-6.78260559150801,0.0],[-79.855519107081847,-6.782600291230768,0.0],[-79.855495729249128,-6.782596475889391,0.0],[-79.85543920321183,-6.782587250644095,0.0],[-79.855428175517147,-6.782585450885297,0.0],[-79.855382804324051,-6.782578046143258,0.0],[-79.85533743313303,-6.782570641397256,0.0],[-79.855325876988147,-6.782568755390979,0.0],[-79.855279818748954,-6.78256123851062,0.0],[-79.855268766272417,-6.782559434703596,0.0],[-79.855225373325652,-6.782552352804113,0.0],[-79.855207604197901,-6.782549452811407,0.0],[-79.855170853836526,-6.782543674841309,0.0],[-79.855111397050734,-6.782534506798872,0.0],[-79.855061631534525,-6.782526833112885,0.0],[-79.855007020387887,-6.782518412239848,0.0],[-79.854968159024452,-6.782517629478657,0.0],[-79.854879100867635,-6.782579866425195,0.0],[-79.85495976454375,-6.782741458055916,0.0],[-79.854973170919465,-6.782766562418685,0.0],[-79.854993499224122,-6.782824064333741,0.0],[-79.855007335915445,-6.782863203658715,0.0],[-79.85502904148909,-6.782924601382964,0.0],[-79.855050747067082,-6.782985999106963,0.0],[-79.855072452649424,-6.78304739683083,0.0],[-79.85508796676757,-6.783085550291147,0.0],[-79.855129961438834,-6.783135370333474,0.0],[-79.855171956118483,-6.783185190373443,0.0],[-79.85521395080653,-6.783235010411178,0.0],[-79.855255945502947,-6.78328483044659,0.0],[-79.855297940207748,-6.783334650479749,0.0],[-79.855339934920934,-6.783384470510622,0.0],[-79.855396676107233,-6.783451784860939,0.0],[-79.85540916861369,-6.783516266044701,0.0],[-79.855414019057562,-6.783581203926211,0.0],[-79.855418869501278,-6.783646141807736,0.0]]]]}},
{"type":"Feature","properties":{"Layer":"TG_HAB_URB","Color":2,"ESTADO":"INFORMAL O SIN DOCUMENTACION","COD_HAB_UR":"0335","ID_COD_URB":"1401010335","TIPO_HAB_U":"LOTIZ","NOMB_HAB_U":"LOTIZ. LOS MANGOS"},"geometry":{"type":"MultiPolygon","coordinates":[[[[-79.857201001032806,-6.782991165470484,0.0],[-79.857480516491322,-6.783487520214718,0.0],[-79.857553109128176,-6.783541923399614,0.0],[-79.857847786762576,-6.783803656993019,0.0],[-79.858137610634941,-6.784217063500254,0.0],[-79.858144340565389,-6.784293267742981,0.0],[-79.858298278260435,-6.78448566384245,0.0],[-79.858449584105486,-6.784449223834966,0.0],[-79.858488413881034,-6.784440540432948,0.0],[-79.858543566591976,-6.78442820626787,0.0],[-79.858524757416291,-6.784368400967803,0.0],[-79.85853409978904,-6.784365551387359,0.0],[-79.858529586058694,-6.784304719731833,0.0],[-79.858525523048328,-6.784249979561066,0.0],[-79.858524014657206,-6.784229657112136,0.0],[-79.858521652110582,-6.784197820177896,0.0],[-79.858517682083544,-6.784144322006792,0.0],[-79.85851679809376,-6.784132413120296,0.0],[-79.858513934353354,-6.784082874428565,0.0],[-79.858511360506824,-6.784049321295521,0.0],[-79.858493021455686,-6.783810230349929,0.0],[-79.858476542684585,-6.783768637592783,0.0],[-79.858385740642731,-6.783733188302999,0.0],[-79.858248037487428,-6.783679427906038,0.0],[-79.858237001745337,-6.783633321286861,0.0],[-79.858227710145073,-6.783609624187805,0.0],[-79.858213193090123,-6.783572599790536,0.0],[-79.85819112081623,-6.783576000957828,0.0],[-79.858170863161249,-6.78354499468645,0.0],[-79.858152576996375,-6.78354743340554,0.0],[-79.858099412461698,-6.783487444144474,0.0],[-79.858070381065019,-6.783406492751988,0.0],[-79.858060850362961,-6.783405564988318,0.0],[-79.858045948427829,-6.783366388951367,0.0],[-79.858040926266114,-6.783353185133186,0.0],[-79.858031868435916,-6.783325126522675,0.0],[-79.858024138203191,-6.783301179856725,0.0],[-79.858020327881746,-6.783289375328658,0.0],[-79.858007737291899,-6.783250370241778,0.0],[-79.857995587732717,-6.783212733689169,0.0],[-79.857989100662593,-6.783192638293467,0.0],[-79.857959091131249,-6.783046806303176,0.0],[-79.857845572329865,-6.783021491863402,0.0],[-79.857802360493167,-6.783011855661061,0.0],[-79.857782997279585,-6.783007537560256,0.0],[-79.857727011078666,-6.782995053081512,0.0],[-79.857724380424159,-6.782994466245586,0.0],[-79.85767212362552,-6.782982813570303,0.0],[-79.857652680836537,-6.782978477188763,0.0],[-79.857614497005216,-6.782969962541803,0.0],[-79.857580219246614,-6.782962562300126,0.0],[-79.857517608330326,-6.782951934369338,0.0],[-79.857510643321575,-6.782950752161848,0.0],[-79.857470856582168,-6.782943998270604,0.0],[-79.857448617576054,-6.782940223278731,0.0],[-79.857415668323569,-6.78293462958495,0.0],[-79.857403618615507,-6.78293258433588,0.0],[-79.857359579255331,-6.782925108637007,0.0],[-79.857251047789916,-6.782906683991111,0.0],[-79.857148081058412,-6.782865501631142,0.0],[-79.857135539214809,-6.782897975025516,0.0],[-79.857135397309492,-6.782958177491552,0.0],[-79.857201001032806,-6.782991165470484,0.0]]]]}},
{"type":"Feature","properties":{"Layer":"TG_HAB_URB","Color":2,"ESTADO":"INFORMAL O SIN DOCUMENTACION","COD_HAB_UR":"0298","ID_COD_URB":"1401010298","TIPO_HAB_U":"H.U.","NOMB_HAB_U":"H.U. SIN DENOMINACION 052"},"geometry":{"type":"MultiPolygon","coordinates":[[[[-79.850317145321696,-6.760431588967152,0.0],[-79.848702553202088,-6.761127955847599,0.0],[-79.848731240211137,-6.761210979913707,0.0],[-79.849978295276202,-6.760962959677078,0.0],[-79.850378210100857,-6.76095012978953,0.0],[-79.850317145321696,-6.760431588967152,0.0]]]]}},
{"type":"Feature","properties":{"Layer":"TG_HAB_URB","Color":2,"ESTADO":"INFORMAL O SIN DOCUMENTACION","COD_HAB_UR":"0319","ID_COD_URB":"1401010319","TIPO_HAB_U":"H.U.","NOMB_HAB_U":"H.U. SIN DENOMINACION 050"},"geometry":{"type":"MultiPolygon","coordinates":[[[[-79.810013592589186,-6.752548141427605,0.0],[-79.815125381296511,-6.75751162256657,0.0],[-79.815664379059584,-6.756582184156463,0.0],[-79.816007870436167,-6.756763227571036,0.0],[-79.816292825413782,-6.756232076129766,0.0],[-79.816836096116148,-6.755361958690743,0.0],[-79.810661900924117,-6.75192192176259,0.0],[-79.810013592589186,-6.752548141427605,0.0]]]]}},
{"type":"Feature","properties":{"Layer":"TG_HAB_URB","Color":2,"ESTADO":"INFORMAL O SIN DOCUMENTACION","COD_HAB_UR":"0355","ID_COD_URB":"1401010355","TIPO_HAB_U":"H.U.","NOMB_HAB_U":"H.U. SIN DENOMINACION 055"},"geometry":{"type":"MultiPolygon","coordinates":[[[[-79.819349842985332,-6.757220307580488,0.0],[-79.819332672479405,-6.757259283176957,0.0],[-79.81932705672574,-6.757269034423218,0.0],[-79.819343531192402,-6.757295199140618,0.0],[-79.819382897356036,-6.757356022324483,0.0],[-79.819422339326437,-6.757417011918019,0.0],[-79.819459814294262,-6.757475072559572,0.0],[-79.81949172158393,-6.757524346427,0.0],[-79.819526585508456,-6.757578278970249,0.0],[-79.819561318619776,-6.757631972971008,0.0],[-79.819674895998403,-6.757807571520098,0.0],[-79.81974874934042,-6.757921753868052,0.0],[-79.820064617972164,-6.757718380866997,0.0],[-79.82056644247578,-6.757470830927261,0.0],[-79.8195407210372,-6.756875307849608,0.0],[-79.819349842985332,-6.757220307580488,0.0]]]]}},
{"type":"Feature","properties":{"Layer":"TG_HAB_URB","Color":2,"ESTADO":"INFORMAL O SIN DOCUMENTACION","COD_HAB_UR":"0279","ID_COD_URB":"1401010279","TIPO_HAB_U":"H.U.","NOMB_HAB_U":"H.U. EL MOLINITO (AMPLIACIÓN INFORMAL)"},"geometry":{"type":"MultiPolygon","coordinates":[[[[-79.818268861073946,-6.759860491583544,0.0],[-79.821224854903889,-6.761077912363074,0.0],[-79.821580429461306,-6.760240944269854,0.0],[-79.82139124797979,-6.760168478075356,0.0],[-79.821178553240998,-6.7600881432444,0.0],[-79.82080981516971,-6.760040365143058,0.0],[-79.820758249947403,-6.760022011273199,0.0],[-79.820707165610401,-6.760002360044502,0.0],[-79.820656080632006,-6.759982709947331,0.0],[-79.820604982180967,-6.759963095444701,0.0],[-79.820573028795224,-6.760040852092848,0.0],[-79.820500613049745,-6.76000678239492,0.0],[-79.820357736773204,-6.759996911982179,0.0],[-79.820315498977067,-6.759989097602434,0.0],[-79.820219218552694,-6.759971284826542,0.0],[-79.820139551634483,-6.759959767782672,0.0],[-79.820119410189236,-6.760001266446992,0.0],[-79.819998230856257,-6.759951030434367,0.0],[-79.819826279029797,-6.759924688502045,0.0],[-79.819798880466976,-6.759921582218752,0.0],[-79.819719321595073,-6.759912562306451,0.0],[-79.819669117574222,-6.759906870466008,0.0],[-79.819597680555617,-6.759898771342616,0.0],[-79.8195357684762,-6.759891752094194,0.0],[-79.819469093932653,-6.759884192895098,0.0],[-79.819408327881632,-6.759873759002751,0.0],[-79.81934145890996,-6.75983579200672,0.0],[-79.819293470596193,-6.759808545099131,0.0],[-79.819243515554589,-6.759780181510928,0.0],[-79.819195920599654,-6.759753157930948,0.0],[-79.819148718997226,-6.759726357682551,0.0],[-79.819068529458235,-6.759722111402526,0.0],[-79.818951116456063,-6.759654081168745,0.0],[-79.818821145012635,-6.759616281115746,0.0],[-79.818756906383143,-6.759615632097405,0.0],[-79.818638866664614,-6.759548694482999,0.0],[-79.818608483779215,-6.759604078662801,0.0],[-79.818461119172866,-6.759518086013058,0.0],[-79.818268861073946,-6.759860491583544,0.0]]]]}},
{"type":"Feature","properties":{"Layer":"TG_HAB_URB","Color":2,"ESTADO":"INFORMAL O SIN DOCUMENTACION","COD_HAB_UR":"0282","ID_COD_URB":"1401010282","TIPO_HAB_U":"P.J.","NOMB_HAB_U":"P.J. ENRIQUE LÓPEZ ALBUJAR (AMPLIACIÓN INFORMAL)"},"geometry":{"type":"MultiPolygon","coordinates":[[[[-79.825573656542133,-6.762584810528156,0.0],[-79.825572552685941,-6.762818853656887,0.0],[-79.825875455917114,-6.762827915887929,0.0],[-79.826050247172546,-6.762800800509781,0.0],[-79.826054796598925,-6.762608286646727,0.0],[-79.82598542275538,-6.76261521532873,0.0],[-79.825815108842448,-6.762630467140547,0.0],[-79.825814890892033,-6.762567158336978,0.0],[-79.825573656542133,-6.762584810528156,0.0]]]]}},
{"type":"Feature","properties":{"Layer":"TG_HAB_URB","Color":2,"ESTADO":"INFORMAL O SIN DOCUMENTACION","COD_HAB_UR":"0284","ID_COD_URB":"1401010284","TIPO_HAB_U":"P.J.","NOMB_HAB_U":"P.J. LAS MERCEDES"},"geometry":{"type":"MultiPolygon","coordinates":[[[[-79.829501648469986,-6.762180785551752,0.0],[-79.829658533345011,-6.763070016119967,0.0],[-79.82978669296925,-6.763160922821029,0.0],[-79.830888119849334,-6.763543389061991,0.0],[-79.831151818657261,-6.763536936857232,0.0],[-79.830537541215335,-6.762751051320813,0.0],[-79.830289209878728,-6.762618634079905,0.0],[-79.82990181825167,-6.762401082037625,0.0],[-79.829501648469986,-6.762180785551752,0.0]]]]}},
{"type":"Feature","properties":{"Layer":"TG_HAB_URB","Color":2,"ESTADO":"INFORMAL O SIN DOCUMENTACION","COD_HAB_UR":"0288","ID_COD_URB":"1401010288","TIPO_HAB_U":"LOTIZ","NOMB_HAB_U":"LOTIZ. GAYOSO RUBIO"},"geometry":{"type":"MultiPolygon","coordinates":[[[[-79.826387617837213,-6.765284375742769,0.0],[-79.82638601342228,-6.765432691446076,0.0],[-79.826385080302956,-6.765472474856625,0.0],[-79.826385046103269,-6.76551407802059,0.0],[-79.826384551403322,-6.765555859155423,0.0],[-79.8263840602242,-6.76559610271279,0.0],[-79.826384011789784,-6.765636530119591,0.0],[-79.826383076781013,-6.765677851402661,0.0],[-79.826382403593726,-6.76572098684018,0.0],[-79.826380442199891,-6.765811859589419,0.0],[-79.826186856341664,-6.76580845862744,0.0],[-79.82618601594335,-6.765862264871394,0.0],[-79.82618514023288,-6.765918331881631,0.0],[-79.826170665426204,-6.7659181519566,0.0],[-79.826170769916871,-6.765953424058256,0.0],[-79.826170896376809,-6.765996112345276,0.0],[-79.826171027658717,-6.766040428575407,0.0],[-79.826171153581541,-6.766082935979767,0.0],[-79.82617141053224,-6.766169674293112,0.0],[-79.826507189230568,-6.766176694693938,0.0],[-79.826508103565274,-6.766041035233402,0.0],[-79.82690335185292,-6.766043923256079,0.0],[-79.826898014492556,-6.76598813914478,0.0],[-79.826893522955515,-6.765924989363532,0.0],[-79.826890635538305,-6.765884393075573,0.0],[-79.826887555626513,-6.765841090368427,0.0],[-79.82688441154977,-6.765796885521572,0.0],[-79.826881203308076,-6.765751778534919,0.0],[-79.826877995066255,-6.765706671548334,0.0],[-79.826875171829826,-6.765666977631795,0.0],[-79.826872220230669,-6.76562547897245,0.0],[-79.826868883658818,-6.765578567706357,0.0],[-79.82686573958074,-6.765534362859381,0.0],[-79.826862563421386,-6.765489706942737,0.0],[-79.82685967600311,-6.765449110654793,0.0],[-79.826855569452505,-6.765391373711911,0.0],[-79.826852617869136,-6.765349875284205,0.0],[-79.826847869668711,-6.76528311694075,0.0],[-79.826840712712254,-6.76517756427126,0.0],[-79.826837671950457,-6.765130089142858,0.0],[-79.826834665873946,-6.765083155555829,0.0],[-79.82683180432015,-6.765038478391267,0.0],[-79.826828682624921,-6.764989739666299,0.0],[-79.826825792166161,-6.764944611217211,0.0],[-79.826823190753132,-6.764903995613027,0.0],[-79.826820242484857,-6.764857964594955,0.0],[-79.826817352025586,-6.764812836145815,0.0],[-79.826814548279899,-6.764769061550187,0.0],[-79.826811669382096,-6.764724113614879,0.0],[-79.82680877892227,-6.764678985165788,0.0],[-79.826805807529368,-6.76463259312011,0.0],[-79.826802784107997,-6.764585388762294,0.0],[-79.826799876304847,-6.764539989542498,0.0],[-79.826796985844268,-6.764494861093364,0.0],[-79.826794211001939,-6.764451537782119,0.0],[-79.826791089304123,-6.764402799057097,0.0],[-79.826785655237131,-6.764317957574039,0.0],[-79.826777853045115,-6.764255665793487,0.0],[-79.826387800135024,-6.764256897108355,0.0],[-79.82638710341449,-6.764310717647657,0.0],[-79.826386681388698,-6.764455423745323,0.0],[-79.826387833908456,-6.764496106197991,0.0],[-79.826389445535654,-6.76453677306195,0.0],[-79.82638832402921,-6.764577456380606,0.0],[-79.82638722729024,-6.764618140373909,0.0],[-79.826387404002745,-6.764659290965723,0.0],[-79.826386754356136,-6.764699984546701,0.0],[-79.826386958526342,-6.764741135011424,0.0],[-79.826388592039436,-6.764781801002406,0.0],[-79.826388373701761,-6.764822499179453,0.0],[-79.826388232713185,-6.764863649908806,0.0],[-79.826387097419328,-6.764903880458427,0.0],[-79.826387797688326,-6.764944573199948,0.0],[-79.826387579287669,-6.764985723591249,0.0],[-79.826387359754207,-6.765026873976445,0.0],[-79.826388214506807,-6.765175195891644,0.0],[-79.826387617837213,-6.765284375742769,0.0]]]]}},
{"type":"Feature","properties":{"Layer":"TG_HAB_URB","Color":2,"ESTADO":"INFORMAL O SIN DOCUMENTACION","COD_HAB_UR":"0454","ID_COD_URB":"1401010454","TIPO_HAB_U":"P.J.","NOMB_HAB_U":"P.J. JUAN PABLO PEREGRINO (AMPLIACIÓN INFORMAL)"},"geometry":{"type":"MultiPolygon","coordinates":[[[[-79.821029651259366,-6.762849270400711,0.0],[-79.820936109856774,-6.763435824052429,0.0],[-79.821187689912321,-6.763694659968075,0.0],[-79.821206608876693,-6.763335198238825,0.0],[-79.821468086707128,-6.763354656155479,0.0],[-79.821489041270127,-6.763141332562003,0.0],[-79.821410406807544,-6.763132188244525,0.0],[-79.821431600126857,-6.762900443069878,0.0],[-79.821262849715708,-6.762880680086625,0.0],[-79.821290595667008,-6.762643935258965,0.0],[-79.821344511261486,-6.762650249514948,0.0],[-79.821398426858394,-6.762656563765228,0.0],[-79.821452342457718,-6.762662878009794,0.0],[-79.821506258059472,-6.762669192248592,0.0],[-79.821532403993984,-6.762446098508697,0.0],[-79.821366441652614,-6.762424644607521,0.0],[-79.821406182127774,-6.762162603085441,0.0],[-79.821074731454061,-6.762128735755289,0.0],[-79.820983596802392,-6.7627986742173,0.0],[-79.821029651259366,-6.762849270400711,0.0]]]]}},
{"type":"Feature","properties":{"Layer":"TG_HAB_URB","Color":2,"ESTADO":"INFORMAL O SIN DOCUMENTACION","COD_HAB_UR":"0286","ID_COD_URB":"1401010286","TIPO_HAB_U":"LOTIZ","NOMB_HAB_U":"LOTIZ. CAMPODÓNICO NUEVO"},"geometry":{"type":"MultiPolygon","coordinates":[[[[-79.825854018764986,-6.76319826811511,0.0],[-79.826087756242913,-6.763306137500672,0.0],[-79.826086249989331,-6.763341377606847,0.0],[-79.826081738949,-6.763446917206262,0.0],[-79.826065695445621,-6.763822267395629,0.0],[-79.826058001044089,-6.764002082420917,0.0],[-79.826050053358898,-6.764188224437612,0.0],[-79.826114755558635,-6.764191389633968,0.0],[-79.826231418329712,-6.764197096691386,0.0],[-79.826388474806492,-6.764204779735365,0.0],[-79.826387800135024,-6.764256897108355,0.0],[-79.826777853045115,-6.764255665793487,0.0],[-79.826771807340506,-6.76420739759765,0.0],[-79.826768891410566,-6.764160820796592,0.0],[-79.826765896366041,-6.764112980283945,0.0],[-79.826763070852124,-6.764067847724836,0.0],[-79.826760273593152,-6.764023166491286,0.0],[-79.82675743114784,-6.763977763489274,0.0],[-79.826757855534439,-6.763936886038211,0.0],[-79.826758222647101,-6.763901525234257,0.0],[-79.826758692099915,-6.763856306814753,0.0],[-79.826839550416409,-6.7638666476872,0.0],[-79.826914934423371,-6.763876288444617,0.0],[-79.826979574141134,-6.763883053344644,0.0],[-79.827048934032518,-6.763878531558912,0.0],[-79.827117805667939,-6.763889012527388,0.0],[-79.827180040698039,-6.763894057435968,0.0],[-79.827300235813738,-6.763904104856319,0.0],[-79.827357745425303,-6.763912870299562,0.0],[-79.82735842777403,-6.763965973295105,0.0],[-79.827358748531026,-6.764005585474256,0.0],[-79.82735912201457,-6.76405170924445,0.0],[-79.827359483780342,-6.764096385994397,0.0],[-79.827359845545445,-6.764141062744192,0.0],[-79.827360177284973,-6.764182031504622,0.0],[-79.827360555960681,-6.764228796815592,0.0],[-79.827429939809619,-6.764229974999748,0.0],[-79.827668550661599,-6.764234942152846,0.0],[-79.827673360787344,-6.763859396747071,0.0],[-79.827942053087696,-6.763863491833268,0.0],[-79.827940882036486,-6.763886617875554,0.0],[-79.827938434992461,-6.76393494233794,0.0],[-79.827936093147258,-6.763981189299916,0.0],[-79.828098428291042,-6.763985966787112,0.0],[-79.8281546098181,-6.764129270748192,0.0],[-79.828213067643091,-6.764130600791301,0.0],[-79.828271532731435,-6.764131930992684,0.0],[-79.828309518427105,-6.764132790149658,0.0],[-79.828315048251554,-6.764147142283622,0.0],[-79.828402078831274,-6.764148696689973,0.0],[-79.828460515973845,-6.764149740395586,0.0],[-79.828521638211171,-6.764150832050349,0.0],[-79.828583779224957,-6.764151941892794,0.0],[-79.82858802039604,-6.764263647490231,0.0],[-79.828590085668495,-6.764318043454717,0.0],[-79.829710743205666,-6.764350673634638,0.0],[-79.829770959631873,-6.764352426883169,0.0],[-79.82978669296925,-6.763160922821029,0.0],[-79.829658533345011,-6.763070016119967,0.0],[-79.82839133968821,-6.762651802240127,0.0],[-79.826050247172546,-6.762800800509781,0.0],[-79.825875455917114,-6.762827915887929,0.0],[-79.82586531769357,-6.76293365526644,0.0],[-79.825855576211268,-6.763060805686738,0.0],[-79.825854018764986,-6.76319826811511,0.0]]]]}},
{"type":"Feature","properties":{"Layer":"TG_HAB_URB","Color":2,"ESTADO":"INFORMAL O SIN DOCUMENTACION","COD_HAB_UR":"0178","ID_COD_URB":"1401010178","TIPO_HAB_U":"LOTIZ","NOMB_HAB_U":"LOTIZ. CAMPODÓNICO"},"geometry":{"type":"MultiPolygon","coordinates":[[[[-79.829770959631873,-6.764352426883169,0.0],[-79.829786043909621,-6.766826174839998,0.0],[-79.830012937539252,-6.766834092085865,0.0],[-79.830012430190507,-6.766896517234111,0.0],[-79.830011937546104,-6.766957132957585,0.0],[-79.830011194828103,-6.767048517786636,0.0],[-79.830058017012504,-6.767723094896072,0.0],[-79.830064364909774,-6.767799683649007,0.0],[-79.830071086442842,-6.767880780399348,0.0],[-79.830072814202808,-6.767901414336741,0.0],[-79.8300968120585,-6.768188011010445,0.0],[-79.830102002488147,-6.76839034682817,0.0],[-79.830406846713799,-6.76840450186731,0.0],[-79.830436068099758,-6.768551818156458,0.0],[-79.830466931175039,-6.768707411151055,0.0],[-79.830480090403157,-6.768773751312237,0.0],[-79.830490716299479,-6.768827318577205,0.0],[-79.830499907168075,-6.768878290320801,0.0],[-79.830509383744001,-6.768930847296784,0.0],[-79.830517888036979,-6.768978005255729,0.0],[-79.830526530705995,-6.769025936827268,0.0],[-79.830534943026123,-6.769072589898328,0.0],[-79.830543354451081,-6.769119239349585,0.0],[-79.830551476605891,-6.769164280949476,0.0],[-79.830443608018626,-6.76915821420123,0.0],[-79.830457003175269,-6.769216373541235,0.0],[-79.830463671213252,-6.769245321999206,0.0],[-79.830470161954963,-6.769273503986359,0.0],[-79.830482060006986,-6.769325164175746,0.0],[-79.830493505889692,-6.769374858875708,0.0],[-79.830504088610695,-6.769420805388854,0.0],[-79.83051290202026,-6.769459071827479,0.0],[-79.830522807817971,-6.76950208096275,0.0],[-79.830587528554986,-6.76979440064336,0.0],[-79.830843407660552,-6.769782297011369,0.0],[-79.830820478071061,-6.770186897922605,0.0],[-79.831047322376335,-6.770176266217936,0.0],[-79.83104897347522,-6.770247696053195,0.0],[-79.831085144435377,-6.770246514975764,0.0],[-79.831084713173027,-6.770295333230055,0.0],[-79.831081488988829,-6.770295355319253,0.0],[-79.831082461006275,-6.770338287805435,0.0],[-79.831083215964895,-6.77037158858795,0.0],[-79.831087410008053,-6.770415753403567,0.0],[-79.831237891864433,-6.770497334999614,0.0],[-79.83129686406015,-6.770488406565807,0.0],[-79.831308985597758,-6.770526992563162,0.0],[-79.831340154042593,-6.770626209783786,0.0],[-79.831356009571891,-6.770676682022257,0.0],[-79.83136446064178,-6.770703583953735,0.0],[-79.831377207189718,-6.770701560106599,0.0],[-79.831383364690808,-6.770713847056308,0.0],[-79.831399487861916,-6.770711553329393,0.0],[-79.831412657889402,-6.770719385982361,0.0],[-79.831413315278624,-6.770719776953561,0.0],[-79.831436908607742,-6.770722931291828,0.0],[-79.831477117911447,-6.770979706600224,0.0],[-79.833056009667303,-6.770781150002225,0.0],[-79.832945636560652,-6.769599752291835,0.0],[-79.832768476781666,-6.768152621874881,0.0],[-79.832465660330428,-6.768167926893197,0.0],[-79.83240429907589,-6.768004416724369,0.0],[-79.832401437458358,-6.767998118478399,0.0],[-79.832340880835616,-6.767864837004764,0.0],[-79.832322023799577,-6.767823333792736,0.0],[-79.832295408884747,-6.767764755941422,0.0],[-79.832267903853904,-6.767704218984296,0.0],[-79.832179904570452,-6.767510537641202,0.0],[-79.832151223480665,-6.767447412188644,0.0],[-79.832128274889243,-6.767396903629585,0.0],[-79.832099937019009,-6.767321122492857,0.0],[-79.832044993146781,-6.767211337918847,0.0],[-79.832012817866655,-6.767135180329137,0.0],[-79.83199605524112,-6.767095503862765,0.0],[-79.83197445431567,-6.767044375325187,0.0],[-79.83194803686338,-6.766981846246209,0.0],[-79.831925309367108,-6.766928051138065,0.0],[-79.831870640396971,-6.766798651749918,0.0],[-79.831835808394629,-6.766798898930974,0.0],[-79.83180933717756,-6.766799086779065,0.0],[-79.831770442486516,-6.766220711018939,0.0],[-79.831681114076986,-6.766145303615207,0.0],[-79.831626584535684,-6.765998203152772,0.0],[-79.831599686298205,-6.765925496866004,0.0],[-79.831582742066018,-6.765876825166761,0.0],[-79.831563737884437,-6.765821701341372,0.0],[-79.831546847140672,-6.765772707778277,0.0],[-79.831528511796819,-6.765719523976175,0.0],[-79.831511454373683,-6.765670046923805,0.0],[-79.831493119035855,-6.765616863121431,0.0],[-79.831432189250563,-6.76544012905172,0.0],[-79.831387602487723,-6.76531888658526,0.0],[-79.831352381922855,-6.765205590518604,0.0],[-79.831336884878212,-6.765155740249202,0.0],[-79.831304763738729,-6.765052414236107,0.0],[-79.831286167294238,-6.764992593912634,0.0],[-79.831273383207076,-6.76495147054897,0.0],[-79.831259739197478,-6.764907581013871,0.0],[-79.83124582115579,-6.764862809976535,0.0],[-79.831231904269856,-6.764818042650701,0.0],[-79.831217714505755,-6.764772397534082,0.0],[-79.831197249657166,-6.764706566942686,0.0],[-79.83118203704754,-6.764657631556557,0.0],[-79.831174949953208,-6.764634834039017,0.0],[-79.83115236686335,-6.764562189533175,0.0],[-79.83114009843591,-6.764522724871399,0.0],[-79.831134504768528,-6.764504731350061,0.0],[-79.831205687096357,-6.764501485232099,0.0],[-79.831207001698303,-6.764474679785624,0.0],[-79.831208272222852,-6.764448773093228,0.0],[-79.831211092638071,-6.764391263252548,0.0],[-79.831709668267948,-6.764405745349638,0.0],[-79.83159073351743,-6.764244395001835,0.0],[-79.831151818657261,-6.763536936857232,0.0],[-79.830888119849334,-6.763543389061991,0.0],[-79.82978669296925,-6.763160922821029,0.0],[-79.829770959631873,-6.764352426883169,0.0]]]]}},
{"type":"Feature","properties":{"Layer":"TG_HAB_URB","Color":2,"ESTADO":"INFORMAL O SIN DOCUMENTACION","COD_HAB_UR":"0015","ID_COD_URB":"1401010015","TIPO_HAB_U":"H.U.","NOMB_HAB_U":"H.U. SIN DENOMINACION 004"},"geometry":{"type":"MultiPolygon","coordinates":[[[[-79.838229737108861,-6.778452651402046,0.0],[-79.838328051961682,-6.778765427411158,0.0],[-79.838156749894736,-6.778808866990989,0.0],[-79.837917593040913,-6.778869513386351,0.0],[-79.837933042982954,-6.778902662972301,0.0],[-79.837985493720453,-6.779000861914507,0.0],[-79.838058162624137,-6.779094123134286,0.0],[-79.838078055712487,-6.779139140464106,0.0],[-79.838091585868696,-6.779169758707944,0.0],[-79.838423194801649,-6.779068916543434,0.0],[-79.838587615175683,-6.779556512966439,0.0],[-79.838990591930042,-6.779432552338728,0.0],[-79.839027369762107,-6.779550272004255,0.0],[-79.839203599899818,-6.779522722575161,0.0],[-79.839236860944979,-6.77933868933945,0.0],[-79.839240059878932,-6.779088136515103,0.0],[-79.839378130490999,-6.77883780953595,0.0],[-79.838702345724812,-6.778412776542453,0.0],[-79.837973693229273,-6.777961534649641,0.0],[-79.836854353981067,-6.777295026104075,0.0],[-79.835719599301697,-6.776658045997937,0.0],[-79.835493719162102,-6.77654544703878,0.0],[-79.835477953712925,-6.776644895517362,0.0],[-79.835534299074453,-6.77669967072482,0.0],[-79.835541842834303,-6.776770772765989,0.0],[-79.835531812084284,-6.776815827823111,0.0],[-79.836374381376018,-6.777305715277753,0.0],[-79.837671791585919,-6.778081802616922,0.0],[-79.838229737108861,-6.778452651402046,0.0]]]]}},
{"type":"Feature","properties":{"Layer":"TG_HAB_URB","Color":2,"ESTADO":"INFORMAL O SIN DOCUMENTACION","COD_HAB_UR":"0016","ID_COD_URB":"1401010016","TIPO_HAB_U":"H.U.","NOMB_HAB_U":"H.U. SIN DENOMINACION 005"},"geometry":{"type":"MultiPolygon","coordinates":[[[[-79.835403499039373,-6.776895759838373,0.0],[-79.834715883693676,-6.779100108145772,0.0],[-79.834559734017958,-6.779643668925619,0.0],[-79.836401688458892,-6.780031901359035,0.0],[-79.836381676751699,-6.777859445167196,0.0],[-79.836374381376018,-6.777305715277753,0.0],[-79.835531812084284,-6.776815827823111,0.0],[-79.835510216807677,-6.776852354362089,0.0],[-79.835482719095793,-6.776872704070773,0.0],[-79.835426825664584,-6.776890999837059,0.0],[-79.835403499039373,-6.776895759838373,0.0]]]]}},
{"type":"Feature","properties":{"Layer":"TG_HAB_URB","Color":2,"ESTADO":"INFORMAL O SIN DOCUMENTACION","COD_HAB_UR":"0295","ID_COD_URB":"1401010295","TIPO_HAB_U":"CONJ","NOMB_HAB_U":"CONJ.RES. LAS CASUARINAS II ETAPA"},"geometry":{"type":"MultiPolygon","coordinates":[[[[-79.838178503927082,-6.779369806729424,0.0],[-79.83820423546878,-6.779426954333639,0.0],[-79.838230935779521,-6.779486253480977,0.0],[-79.838255506486334,-6.779540822945211,0.0],[-79.838329707934079,-6.779705617902562,0.0],[-79.838587615175683,-6.779556512966439,0.0],[-79.838423194801649,-6.779068916543434,0.0],[-79.838091585868696,-6.779169758707944,0.0],[-79.83810511602637,-6.779200376951656,0.0],[-79.838128502630056,-6.77925618081375,0.0],[-79.838155134262607,-6.7793167001223,0.0],[-79.838178503927082,-6.779369806729424,0.0]]]]}},
{"type":"Feature","properties":{"Layer":"TG_HAB_URB","Color":2,"ESTADO":"INFORMAL O SIN DOCUMENTACION","COD_HAB_UR":"0069","ID_COD_URB":"1401010069","TIPO_HAB_U":"CONJ","NOMB_HAB_U":"CONJ.RES. LAS CASUARINAS I ETAPA"},"geometry":{"type":"MultiPolygon","coordinates":[[[[-79.837671791585919,-6.778081802616922,0.0],[-79.837823973992286,-6.778893253662277,0.0],[-79.837917593040913,-6.778869513386351,0.0],[-79.838156749894736,-6.778808866990989,0.0],[-79.838328051961682,-6.778765427411158,0.0],[-79.838229737108861,-6.778452651402046,0.0],[-79.837671791585919,-6.778081802616922,0.0]]]]}},
{"type":"Feature","properties":{"Layer":"TG_HAB_URB","Color":2,"ESTADO":"INFORMAL O SIN DOCUMENTACION","COD_HAB_UR":"0297","ID_COD_URB":"1401010297","TIPO_HAB_U":"H.U.","NOMB_HAB_U":"H.U. CONDOMINIO RESIDENCIAL BOLOGNESI"},"geometry":{"type":"MultiPolygon","coordinates":[[[[-79.841129857960993,-6.776232333152082,0.0],[-79.841135651965715,-6.776418623075769,0.0],[-79.841139600639579,-6.776445605426122,0.0],[-79.841176635029981,-6.776680051049978,0.0],[-79.841225829184438,-6.776991473703644,0.0],[-79.84121506413949,-6.777063046785287,0.0],[-79.841761101582421,-6.77714511027065,0.0],[-79.841766238897705,-6.777059461354475,0.0],[-79.84176958597395,-6.777003659122922,0.0],[-79.841772808040858,-6.776949941012268,0.0],[-79.841776057156196,-6.776895771921512,0.0],[-79.841777074827675,-6.77687880534674,0.0],[-79.841779386850334,-6.77684025939452,0.0],[-79.841782690065102,-6.776785188301479,0.0],[-79.841785830952858,-6.776732823496263,0.0],[-79.841789188095305,-6.776676853260602,0.0],[-79.841796767007281,-6.776620874101225,0.0],[-79.841807194848599,-6.776591674196387,0.0],[-79.841856075094256,-6.776454800308986,0.0],[-79.841748800641454,-6.776414868594703,0.0],[-79.841633911139482,-6.77637210223184,0.0],[-79.841653015476069,-6.776319861407119,0.0],[-79.841671032569494,-6.776270593635346,0.0],[-79.841690602855664,-6.776217078640873,0.0],[-79.841708573494202,-6.776164915416774,0.0],[-79.841726102227739,-6.776114034893485,0.0],[-79.841744367457551,-6.776061016531573,0.0],[-79.841756677191327,-6.776025285140017,0.0],[-79.841686085239274,-6.776001945807561,0.0],[-79.841676987444188,-6.775999738005376,0.0],[-79.841643882106354,-6.775991704185829,0.0],[-79.841646900215935,-6.775946311937951,0.0],[-79.841630381497737,-6.775946951697049,0.0],[-79.841559193015087,-6.775949713774682,0.0],[-79.841552799220452,-6.775974263201968,0.0],[-79.841412469852813,-6.775935141677104,0.0],[-79.841395660968828,-6.775930455633087,0.0],[-79.841402529969272,-6.775905371199453,0.0],[-79.841424619256728,-6.775914215785535,0.0],[-79.841441900730189,-6.775866316752073,0.0],[-79.841350459749208,-6.775834514404964,0.0],[-79.8413378117083,-6.77588070476052,0.0],[-79.841270253695583,-6.775856823523148,0.0],[-79.841265340542151,-6.77587067983796,0.0],[-79.841227216603002,-6.775890435530346,0.0],[-79.841229738053741,-6.77589533071186,0.0],[-79.841142251634963,-6.77593917681712,0.0],[-79.841141289873079,-6.775937262426289,0.0],[-79.84108950678214,-6.775947673571951,0.0],[-79.841108614555324,-6.776071384254171,0.0],[-79.841129857960993,-6.776232333152082,0.0]]]]}},
{"type":"Feature","properties":{"Layer":"TG_HAB_URB","Color":2,"ESTADO":"INFORMAL O SIN DOCUMENTACION","COD_HAB_UR":"0026","ID_COD_URB":"1401010026","TIPO_HAB_U":"CONJ","NOMB_HAB_U":"CONJ.HAB. MARISCAL NIETO"},"geometry":{"type":"MultiPolygon","coordinates":[[[[-79.832929784680246,-6.775162164958422,0.0],[-79.832972000299222,-6.775178417425643,0.0],[-79.833012116325506,-6.775193861572667,0.0],[-79.833055176263599,-6.775210439082815,0.0],[-79.833099080517783,-6.775227341638764,0.0],[-79.833245990933278,-6.775283900166284,0.0],[-79.833308451635148,-6.775310409752028,0.0],[-79.833405843825304,-6.775358365109946,0.0],[-79.833530430785402,-6.775419710977738,0.0],[-79.833717346787154,-6.775512580468715,0.0],[-79.833776315881792,-6.775540251680689,0.0],[-79.833785377995639,-6.77550616239973,0.0],[-79.834045249883573,-6.775576648726135,0.0],[-79.83413162651425,-6.775168091000815,0.0],[-79.832207331107767,-6.774690367001762,0.0],[-79.832198242834082,-6.774947502271027,0.0],[-79.832331265858286,-6.774982680607629,0.0],[-79.832384620995924,-6.774996790522167,0.0],[-79.832437976137641,-6.775010900431382,0.0],[-79.832514509680294,-6.775031141855941,0.0],[-79.832622102052767,-6.775059592970385,0.0],[-79.832674582537621,-6.775073471546278,0.0],[-79.832717004265717,-6.775084690057982,0.0],[-79.832753740609505,-6.775094405055073,0.0],[-79.832808623804212,-6.775115529395961,0.0],[-79.832885879697258,-6.775145264893729,0.0],[-79.832929784680246,-6.775162164958422,0.0]]]]}},
{"type":"Feature","properties":{"Layer":"TG_HAB_URB","Color":2,"ESTADO":"INFORMAL O SIN DOCUMENTACION","COD_HAB_UR":"0127","ID_COD_URB":"1401010127","TIPO_HAB_U":"URB.","NOMB_HAB_U":"URB. LOS ROSALES"},"geometry":{"type":"MultiPolygon","coordinates":[[[[-79.843248070345197,-6.763212754585649,0.0],[-79.843284413785526,-6.763333266366212,0.0],[-79.843478802222407,-6.76327783866731,0.0],[-79.843493511953099,-6.763327965808654,0.0],[-79.843504691459231,-6.763366062808566,0.0],[-79.843515108537204,-6.763401561637437,0.0],[-79.843528118812657,-6.763445897437382,0.0],[-79.843543310624909,-6.763497667367533,0.0],[-79.843552070086233,-6.763527517436563,0.0],[-79.843560829548352,-6.763557367505585,0.0],[-79.843570098988167,-6.763588955448842,0.0],[-79.843595797461631,-6.763676529432945,0.0],[-79.843618717734628,-6.763754635983581,0.0],[-79.843639507575972,-6.763833371592883,0.0],[-79.843660907241272,-6.763915341547112,0.0],[-79.843682896723593,-6.763999570735172,0.0],[-79.843714890674931,-6.764122121312217,0.0],[-79.843744459145128,-6.764111002688283,0.0],[-79.84379080813396,-6.764093574085536,0.0],[-79.843845851291178,-6.76407287620825,0.0],[-79.843900894444602,-6.764052178323921,0.0],[-79.843955937594259,-6.76403148043255,0.0],[-79.844010980740123,-6.764010782534189,0.0],[-79.844066023882235,-6.763990084628751,0.0],[-79.844121067020538,-6.763969386716235,0.0],[-79.84417611015509,-6.763948688796731,0.0],[-79.844209174049269,-6.763942549015959,0.0],[-79.84425970819251,-6.76393316510256,0.0],[-79.844252587091489,-6.763844580712258,0.0],[-79.844343506411377,-6.763810865446562,0.0],[-79.844443180129176,-6.76377390379441,0.0],[-79.844498430283494,-6.763753415563261,0.0],[-79.844547263415222,-6.763735306928237,0.0],[-79.844623608616899,-6.763706996066507,0.0],[-79.844670547715154,-6.763689589773717,0.0],[-79.844612858153695,-6.763518468054304,0.0],[-79.844557119633208,-6.76335313352221,0.0],[-79.844499756665911,-6.763182980378279,0.0],[-79.844480995544473,-6.763127330102278,0.0],[-79.844466993599141,-6.763085796751118,0.0],[-79.844448366047928,-6.763030542661166,0.0],[-79.844429154392358,-6.762973555957722,0.0],[-79.844409313959019,-6.762914704126916,0.0],[-79.844374269289148,-6.762810752590726,0.0],[-79.844172620070694,-6.762864519200104,0.0],[-79.843248070345197,-6.763212754585649,0.0]]]]}},
{"type":"Feature","properties":{"Layer":"TG_HAB_URB","Color":2,"ESTADO":"INFORMAL O SIN DOCUMENTACION","COD_HAB_UR":"0130","ID_COD_URB":"1401010130","TIPO_HAB_U":"H.U.","NOMB_HAB_U":"H.U. SIN DENOMINACION 026"},"geometry":{"type":"MultiPolygon","coordinates":[[[[-79.833833177914144,-6.765385512361847,0.0],[-79.833858714839451,-6.7655645858399,0.0],[-79.833864230141032,-6.765603260975833,0.0],[-79.833408124164208,-6.765693664359691,0.0],[-79.833334299934123,-6.765843991158416,0.0],[-79.835166637822965,-6.766898669355045,0.0],[-79.835436545119322,-6.767003563941809,0.0],[-79.835546460028425,-6.766950348619676,0.0],[-79.837492390074232,-6.766766592392891,0.0],[-79.837482135923594,-6.766654018106109,0.0],[-79.8374795926118,-6.766626096581843,0.0],[-79.83746900915331,-6.766509907013212,0.0],[-79.837463717424185,-6.766451812228874,0.0],[-79.837458384673994,-6.7663932670974,0.0],[-79.837452969881582,-6.766333821271672,0.0],[-79.837447596110422,-6.766274825793126,0.0],[-79.837423484226377,-6.766072972542911,0.0],[-79.837215052935207,-6.76609671323662,0.0],[-79.837200848345375,-6.765941018348546,0.0],[-79.836814438908505,-6.765978532767512,0.0],[-79.836735470317791,-6.76505389327988,0.0],[-79.837052125335475,-6.764986789915505,0.0],[-79.837033502967529,-6.764617050983468,0.0],[-79.837025177440978,-6.764451751438263,0.0],[-79.83702881615757,-6.764451468216631,0.0],[-79.837025277470431,-6.76441901083728,0.0],[-79.836916406264052,-6.764424741889663,0.0],[-79.836807869567551,-6.764422067000607,0.0],[-79.836699332876364,-6.76441939208757,0.0],[-79.83657426894608,-6.764398791761083,0.0],[-79.836432277228283,-6.764415310597411,0.0],[-79.836382538067554,-6.764413833883538,0.0],[-79.836288238812088,-6.764381424011557,0.0],[-79.836283685423439,-6.764333888055142,0.0],[-79.836307656867717,-6.764332174848935,0.0],[-79.836295570515389,-6.76423875479603,0.0],[-79.836284672554626,-6.764154520266711,0.0],[-79.836175021816771,-6.764040427760434,0.0],[-79.836139111857293,-6.76387331415229,0.0],[-79.83610926207308,-6.763817725426803,0.0],[-79.836083145110862,-6.76376909648374,0.0],[-79.836057058746391,-6.763736724194741,0.0],[-79.836025159442769,-6.763685994849631,0.0],[-79.835982035154586,-6.763643075079985,0.0],[-79.835945268600412,-6.76360308736313,0.0],[-79.835912841353846,-6.76357752628243,0.0],[-79.835899982317684,-6.763487236250238,0.0],[-79.83579287916649,-6.763493698638912,0.0],[-79.835776170494739,-6.763356918491723,0.0],[-79.835717670767934,-6.763366145416975,0.0],[-79.835702901153226,-6.763249310210158,0.0],[-79.835486584162553,-6.7632741576262,0.0],[-79.835500512441172,-6.763395327818999,0.0],[-79.835436750999776,-6.763407102592806,0.0],[-79.835422317795576,-6.763281539611983,0.0],[-79.835360298503886,-6.763288663478085,0.0],[-79.835375218977788,-6.763418465652817,0.0],[-79.835318591680789,-6.763428922954374,0.0],[-79.835303222778521,-6.76329521949248,0.0],[-79.835136544157919,-6.763314365024852,0.0],[-79.835154806106544,-6.763458827736013,0.0],[-79.835101337883344,-6.763468701628314,0.0],[-79.835047869658936,-6.763478575514432,0.0],[-79.835028677633147,-6.763326755076611,0.0],[-79.834826481678064,-6.763349980178858,0.0],[-79.83485183802803,-6.763466063090018,0.0],[-79.834989783915489,-6.763437580902806,0.0],[-79.835000764529724,-6.76349072432208,0.0],[-79.834782810090942,-6.763535726140513,0.0],[-79.834767246491253,-6.763343179651606,0.0],[-79.834150475752779,-6.76345296255956,0.0],[-79.831151818657261,-6.763536936857232,0.0],[-79.83159073351743,-6.764244395001835,0.0],[-79.831709668267948,-6.764405745349638,0.0],[-79.832061958374524,-6.764883671680174,0.0],[-79.832391361636056,-6.765256843416189,0.0],[-79.833040872894202,-6.765662333516298,0.0],[-79.833067988275289,-6.765619468952599,0.0],[-79.833059661855955,-6.765506723389331,0.0],[-79.833055098977908,-6.765444938820622,0.0],[-79.833050502793995,-6.765382703269682,0.0],[-79.83304577338717,-6.765318663789719,0.0],[-79.833041110591523,-6.765255526274315,0.0],[-79.833036421151135,-6.765192027973063,0.0],[-79.833032516900971,-6.765139161698182,0.0],[-79.833031758355119,-6.765128890457633,0.0],[-79.833027162170282,-6.765066654906724,0.0],[-79.833022499373882,-6.76500351739128,0.0],[-79.833020068895365,-6.764970686405356,0.0],[-79.833017765269361,-6.764939568948073,0.0],[-79.833013040419061,-6.764875436553694,0.0],[-79.833010935499317,-6.764846934475311,0.0],[-79.833008704017885,-6.764816718664358,0.0],[-79.833003941303645,-6.764752228202205,0.0],[-79.833001576599301,-6.764720208462262,0.0],[-79.832999378423395,-6.764690443633565,0.0],[-79.832994582403074,-6.76462550218915,0.0],[-79.832990452496531,-6.764569580389776,0.0],[-79.832979977189225,-6.764506226199615,0.0],[-79.832940628008913,-6.764506375496277,0.0],[-79.832761021466752,-6.764528370212114,0.0],[-79.832755289660753,-6.76445624392087,0.0],[-79.832750095211438,-6.764390879469419,0.0],[-79.832745079880979,-6.764327768964577,0.0],[-79.832740064550407,-6.764264658459766,0.0],[-79.832737592708881,-6.764233553996691,0.0],[-79.83273504921975,-6.764201547954931,0.0],[-79.832730105536584,-6.764139339028764,0.0],[-79.832724946910574,-6.764074425366695,0.0],[-79.832720253993756,-6.764015371965834,0.0],[-79.832715202838926,-6.763951810671695,0.0],[-79.832710223331588,-6.76388915095629,0.0],[-79.832705208000363,-6.763826040451575,0.0],[-79.832688746234922,-6.7636188935581,0.0],[-79.833504521234914,-6.763580791346216,0.0],[-79.833734860064467,-6.764696076294404,0.0],[-79.833749799906826,-6.764800837460132,0.0],[-79.833758737820972,-6.764863513176699,0.0],[-79.833767675736055,-6.764926188893353,0.0],[-79.83377737975924,-6.76499423681438,0.0],[-79.83378299787843,-6.765033632979187,0.0],[-79.833787594521681,-6.765065866204997,0.0],[-79.83379729854714,-6.765133914126201,0.0],[-79.83380202287573,-6.765167042719392,0.0],[-79.833806619520018,-6.765199275945299,0.0],[-79.833814280594382,-6.765252997988453,0.0],[-79.833818877239352,-6.765285231214395,0.0],[-79.83382347388455,-6.765317464440341,0.0],[-79.833833177914144,-6.765385512361847,0.0]]]]}},
{"type":"Feature","properties":{"Layer":"TG_HAB_URB","Color":2,"ESTADO":"INFORMAL O SIN DOCUMENTACION","COD_HAB_UR":"0049","ID_COD_URB":"1401010049","TIPO_HAB_U":"URB.","NOMB_HAB_U":"URB. EL PORVENIR"},"geometry":{"type":"MultiPolygon","coordinates":[[[[-79.845682822729131,-6.766797273134258,0.0],[-79.845599198680702,-6.769373581127554,0.0],[-79.845701104781085,-6.76944629017,0.0],[-79.847983627308253,-6.76713935765036,0.0],[-79.847617941895678,-6.766787608505707,0.0],[-79.847443555564993,-6.76655987070313,0.0],[-79.847383379771657,-6.766500562793642,0.0],[-79.847225714015721,-6.766523735555416,0.0],[-79.847196961327285,-6.766527961446231,0.0],[-79.847208324928602,-6.76648249427277,0.0],[-79.84722235936556,-6.766426340739221,0.0],[-79.84723506649074,-6.766375497930059,0.0],[-79.84724801770713,-6.766323678465868,0.0],[-79.847260693495826,-6.766272961007963,0.0],[-79.847273848211969,-6.766220327284064,0.0],[-79.847287016458679,-6.766167639406726,0.0],[-79.847301969432124,-6.766107810584776,0.0],[-79.847309295866935,-6.766078496543831,0.0],[-79.847308326001695,-6.766078602077354,0.0],[-79.847244917851086,-6.766085524139506,0.0],[-79.847183758216076,-6.766092200730339,0.0],[-79.847173591988792,-6.766094939624601,0.0],[-79.847126638960276,-6.766256955235395,0.0],[-79.847086347098099,-6.766395985779977,0.0],[-79.847043422738437,-6.766544099864214,0.0],[-79.846983312335993,-6.766521729463574,0.0],[-79.846967089349022,-6.766515691992605,0.0],[-79.846961629789746,-6.766523953816354,0.0],[-79.846909396797912,-6.766582820360704,0.0],[-79.846879493404501,-6.766583080496318,0.0],[-79.846814353547614,-6.766583647154573,0.0],[-79.846777638209403,-6.766583966541199,0.0],[-79.846745594811225,-6.766584245284347,0.0],[-79.846666431794191,-6.766584933908534,0.0],[-79.84659976349478,-6.766599809722388,0.0],[-79.846536538985873,-6.766613917107629,0.0],[-79.846478700920542,-6.766626822598909,0.0],[-79.846403109515194,-6.766565757563825,0.0],[-79.846420005631529,-6.766448886672408,0.0],[-79.846132912242908,-6.766473725485386,0.0],[-79.846131978524099,-6.766558946935798,0.0],[-79.846130566541532,-6.766687819506445,0.0],[-79.846073277333602,-6.766701098084991,0.0],[-79.846029352575485,-6.766711279026082,0.0],[-79.845842379408325,-6.766754615873768,0.0],[-79.845682822729131,-6.766797273134258,0.0]]]]}},
{"type":"Feature","properties":{"Layer":"TG_HAB_URB","Color":2,"ESTADO":"INFORMAL O SIN DOCUMENTACION","COD_HAB_UR":"0456","ID_COD_URB":"1401010456","TIPO_HAB_U":"H.U.","NOMB_HAB_U":"H.U. SIN DENOMINACION 024"},"geometry":{"type":"MultiPolygon","coordinates":[[[[-79.844612005512744,-6.779836532726684,0.0],[-79.844911616672803,-6.781022568003727,0.0],[-79.845322039290224,-6.780911459349973,0.0],[-79.84539248733067,-6.780894843848524,0.0],[-79.845468481379697,-6.780876920281647,0.0],[-79.845606933439186,-6.780844265653251,0.0],[-79.845575072647634,-6.780645641814668,0.0],[-79.847222922556284,-6.780559387479181,0.0],[-79.847635010295278,-6.780567028411904,0.0],[-79.84762767527819,-6.780515180226177,0.0],[-79.847567984850741,-6.780517532244703,0.0],[-79.847533545251622,-6.780256727422715,0.0],[-79.847488502409803,-6.780258956517749,0.0],[-79.847521818144955,-6.780519351374629,0.0],[-79.847361517623767,-6.780525667742255,0.0],[-79.847332407703504,-6.780275893890814,0.0],[-79.847324782993169,-6.780213318055587,0.0],[-79.847317509646345,-6.780158172083681,0.0],[-79.847261620451889,-6.780164240081387,0.0],[-79.847307441301908,-6.780531083059384,0.0],[-79.845420913835653,-6.780605414212243,0.0],[-79.845023492917448,-6.780692766764976,0.0],[-79.844975046555732,-6.780498454785302,0.0],[-79.845276608608117,-6.78043473659125,0.0],[-79.84529077212602,-6.780431743922434,0.0],[-79.845282211899729,-6.780387547369453,0.0],[-79.845274125228912,-6.780345795784968,0.0],[-79.84495275798875,-6.780409058241398,0.0],[-79.844854844864997,-6.780016341169079,0.0],[-79.844976979736231,-6.780016379887313,0.0],[-79.845092038908476,-6.780056762719567,0.0],[-79.845093387900747,-6.780094778907568,0.0],[-79.845102918074801,-6.780152960794747,0.0],[-79.844923376007699,-6.78015978959224,0.0],[-79.844940759336254,-6.780226306293481,0.0],[-79.845087278199955,-6.780201196305445,0.0],[-79.845096514117358,-6.78026225016445,0.0],[-79.845281635561008,-6.780214274256322,0.0],[-79.845272639921532,-6.780168770353773,0.0],[-79.845380697766871,-6.780151827138141,0.0],[-79.845478710045398,-6.780183376235898,0.0],[-79.845551641960782,-6.780179809101324,0.0],[-79.845627129766697,-6.780175305051595,0.0],[-79.845652196062844,-6.780300052031339,0.0],[-79.84572535630474,-6.780286111070137,0.0],[-79.845727646571632,-6.780296159975198,0.0],[-79.845799086479389,-6.780283543866379,0.0],[-79.845773786504353,-6.780156840405067,0.0],[-79.845789478973302,-6.780152695917797,0.0],[-79.845866115347945,-6.78012375306951,0.0],[-79.845962558159457,-6.780094750581302,0.0],[-79.84603953300406,-6.78007775334421,0.0],[-79.846090088747587,-6.780068471421959,0.0],[-79.846135169085457,-6.780063087040205,0.0],[-79.846163830251925,-6.780385570628876,0.0],[-79.846177169998413,-6.780535723261584,0.0],[-79.846178157486335,-6.780546512065492,0.0],[-79.846472023307669,-6.780531619131806,0.0],[-79.846435070351035,-6.780152494347384,0.0],[-79.846431738033857,-6.780118305900846,0.0],[-79.846424567478465,-6.780044738427038,0.0],[-79.846479992512911,-6.78004180737362,0.0],[-79.846621828259913,-6.7800269874947,0.0],[-79.846686657566678,-6.780017149137436,0.0],[-79.846720441275821,-6.78001119747906,0.0],[-79.846843308964338,-6.77998217409486,0.0],[-79.846951750869707,-6.779973662485112,0.0],[-79.84698536882982,-6.780222483784237,0.0],[-79.847048812216798,-6.780217546716741,0.0],[-79.84704694582986,-6.780201614159705,0.0],[-79.84701468867766,-6.779968722482502,0.0],[-79.847145206480121,-6.77995847808435,0.0],[-79.847147986725659,-6.779978700608052,0.0],[-79.847176086381808,-6.780184715535916,0.0],[-79.847212485299309,-6.780508020089256,0.0],[-79.847257491881464,-6.780506638097414,0.0],[-79.847209822142077,-6.780109130628524,0.0],[-79.847190504497874,-6.77994804498756,0.0],[-79.847274762915163,-6.779973305482707,0.0],[-79.847291701724856,-6.779972513154783,0.0],[-79.847304474644744,-6.78007517052317,0.0],[-79.847387969072514,-6.780061531224753,0.0],[-79.847378693390468,-6.779987547365575,0.0],[-79.847433390431476,-6.779990678559731,0.0],[-79.847497955353916,-6.779986163455666,0.0],[-79.847562795480329,-6.779974506108047,0.0],[-79.84755924614538,-6.779813467350438,0.0],[-79.847228355802741,-6.779832509350051,0.0],[-79.846814490088235,-6.779828629708106,0.0],[-79.845866694122535,-6.779954075474268,0.0],[-79.845483804086427,-6.780061618414448,0.0],[-79.845304835197751,-6.780023359005836,0.0],[-79.844825201912883,-6.779850826236708,0.0],[-79.844612005512744,-6.779836532726684,0.0]]]]}},
{"type":"Feature","properties":{"Layer":"TG_HAB_URB","Color":2,"ESTADO":"INFORMAL O SIN DOCUMENTACION","COD_HAB_UR":"0003","ID_COD_URB":"1401010003","TIPO_HAB_U":"H.U.","NOMB_HAB_U":"H.U. SUB - DIVISIÓN SCANDER"},"geometry":{"type":"MultiPolygon","coordinates":[[[[-79.844234247129208,-6.782672267157666,0.0],[-79.844251020981716,-6.782737290270425,0.0],[-79.844273652324219,-6.782825019671635,0.0],[-79.844318915026705,-6.783000478474105,0.0],[-79.844341546386673,-6.783088207875415,0.0],[-79.844362007261708,-6.783176635251305,0.0],[-79.844382468142058,-6.783265062627738,0.0],[-79.844402929400971,-6.783353490006492,0.0],[-79.844423390734619,-6.783441917108282,0.0],[-79.844426137784609,-6.783453789239899,0.0],[-79.844505999595924,-6.783434056360605,0.0],[-79.844574420904735,-6.783417150442327,0.0],[-79.844591559693157,-6.783411585548175,0.0],[-79.844679552973659,-6.783383015149951,0.0],[-79.84476950158826,-6.783353809855839,0.0],[-79.844860215494123,-6.783324356058787,0.0],[-79.844951472299059,-6.78329472596684,0.0],[-79.845037575201459,-6.783266769271155,0.0],[-79.845160146049423,-6.783226971706644,0.0],[-79.845235949249883,-6.783202359174119,0.0],[-79.845307781821958,-6.783179035849924,0.0],[-79.84539058068664,-6.783149960220032,0.0],[-79.845534068919235,-6.78344794657205,0.0],[-79.845715766327061,-6.783409894311461,0.0],[-79.845442224526607,-6.782332463651268,0.0],[-79.845428290775729,-6.782277742296511,0.0],[-79.845180341922386,-6.782340827308889,0.0],[-79.845205834366723,-6.782439905432865,0.0],[-79.844986767897566,-6.782496225296755,0.0],[-79.844802752036287,-6.782543533899003,0.0],[-79.844696363383221,-6.782565772132378,0.0],[-79.844579713308391,-6.782592654315399,0.0],[-79.844487219775488,-6.782613969406058,0.0],[-79.844429690680599,-6.782627227003056,0.0],[-79.844385860457479,-6.782637327686077,0.0],[-79.844234247129208,-6.782672267157666,0.0]]]]}},
{"type":"Feature","properties":{"Layer":"TG_HAB_URB","Color":2,"ESTADO":"INFORMAL O SIN DOCUMENTACION","COD_HAB_UR":"0013","ID_COD_URB":"1401010013","TIPO_HAB_U":"H.U.","NOMB_HAB_U":"H.U. SIN DENOMINACION 002"},"geometry":{"type":"MultiPolygon","coordinates":[[[[-79.842054340303051,-6.77876163937182,0.0],[-79.842151524304185,-6.77954131744788,0.0],[-79.842758739913222,-6.779302060203573,0.0],[-79.843098856082818,-6.779096342657725,0.0],[-79.843195971635367,-6.779013542112425,0.0],[-79.842526102486289,-6.778904852275067,0.0],[-79.842054340303051,-6.77876163937182,0.0]]]]}},
{"type":"Feature","properties":{"Layer":"TG_HAB_URB","Color":2,"ESTADO":"INFORMAL O SIN DOCUMENTACION","COD_HAB_UR":"0002","ID_COD_URB":"1401010002","TIPO_HAB_U":"URB.","NOMB_HAB_U":"URB. ARTURO CABREJOS FALLA"},"geometry":{"type":"MultiPolygon","coordinates":[[[[-79.839318813889378,-6.783775655389316,0.0],[-79.839793118758763,-6.785195411313301,0.0],[-79.839809658990276,-6.785227338495345,0.0],[-79.839821933695234,-6.78526113429835,0.0],[-79.839829737091321,-6.785296232146934,0.0],[-79.839832938356182,-6.785332043637197,0.0],[-79.839831483820589,-6.785367968401139,0.0],[-79.839899563500467,-6.785391705298061,0.0],[-79.839935686907467,-6.785288183873857,0.0],[-79.840809103773978,-6.785589919321168,0.0],[-79.84084567908836,-6.785599860295004,0.0],[-79.840883267147746,-6.785604736298946,0.0],[-79.840921169374013,-6.78560445671172,0.0],[-79.840958681350088,-6.785599026729277,0.0],[-79.84099510591173,-6.785588547268233,0.0],[-79.842188897412854,-6.785154705817119,0.0],[-79.842136754153756,-6.785010773546729,0.0],[-79.842123809811284,-6.784924993098789,0.0],[-79.842072952304946,-6.78494309637336,0.0],[-79.842054740629266,-6.784891975703328,0.0],[-79.842039834651473,-6.784850134213191,0.0],[-79.8420664246744,-6.784841820252677,0.0],[-79.842019780390459,-6.784763627179772,0.0],[-79.842018819941245,-6.784761624702885,0.0],[-79.84201511282572,-6.784753881821612,0.0],[-79.841998207508922,-6.784678379838195,0.0],[-79.841995709314787,-6.784667227091404,0.0],[-79.841981223831823,-6.784595271647933,0.0],[-79.841980331775432,-6.784586873479122,0.0],[-79.841968701240958,-6.784522560875657,0.0],[-79.841964811443148,-6.784499997441592,0.0],[-79.841952007584709,-6.784468807709693,0.0],[-79.841947112086558,-6.784453338806345,0.0],[-79.841936980310876,-6.784421324178082,0.0],[-79.841915208408864,-6.78438808718175,0.0],[-79.841894339498495,-6.784355944294116,0.0],[-79.841869527416691,-6.784345203849656,0.0],[-79.841862775536214,-6.784332467392814,0.0],[-79.841854108056239,-6.784316054495515,0.0],[-79.841805001923575,-6.784271842435929,0.0],[-79.841794537440336,-6.784259342400693,0.0],[-79.841702868162628,-6.784105784504092,0.0],[-79.841609992527026,-6.784026210568781,0.0],[-79.841603343303376,-6.783956306319807,0.0],[-79.841595607858181,-6.783874985282268,0.0],[-79.841638473753846,-6.78385797094399,0.0],[-79.841609836887201,-6.783763439033349,0.0],[-79.84158839458334,-6.783677436397675,0.0],[-79.841578038109233,-6.783598979593666,0.0],[-79.841571231305963,-6.783535876791583,0.0],[-79.841566605536926,-6.783525702843615,0.0],[-79.841534005471019,-6.783460596870883,0.0],[-79.841501202189065,-6.783395086882187,0.0],[-79.841433009421166,-6.783326140425478,0.0],[-79.841413306016278,-6.783303905628781,0.0],[-79.841351465973318,-6.783222724696087,0.0],[-79.841340716979502,-6.783208614852631,0.0],[-79.841294868044855,-6.78321184633217,0.0],[-79.841250804175303,-6.783163063122743,0.0],[-79.841222591833315,-6.78313183010133,0.0],[-79.841209029218106,-6.783093375016898,0.0],[-79.841166793119271,-6.782973762466503,0.0],[-79.841124633010821,-6.78289595161124,0.0],[-79.841110215281205,-6.782852135468016,0.0],[-79.841014170409863,-6.78290760255482,0.0],[-79.840918125518257,-6.782963069618802,0.0],[-79.840838088094031,-6.783009292154401,0.0],[-79.840758050655595,-6.783055514674113,0.0],[-79.840672102207265,-6.783083773337811,0.0],[-79.840586153751659,-6.783112031984527,0.0],[-79.840397067121302,-6.78317420094689,0.0],[-79.840299018645695,-6.783199076274819,0.0],[-79.840293053869146,-6.783181998507478,0.0],[-79.840240357217795,-6.78318731618288,0.0],[-79.840206225483442,-6.78318570245755,0.0],[-79.840178624057174,-6.783179676141351,0.0],[-79.840112881857166,-6.783156038899577,0.0],[-79.840070636340471,-6.783147631763971,0.0],[-79.840024007270003,-6.783143912383332,0.0],[-79.839975470143472,-6.783150526886446,0.0],[-79.839929875873096,-6.783156740598612,0.0],[-79.839886021497136,-6.783168809154619,0.0],[-79.839856164031659,-6.783177025541533,0.0],[-79.839794946760151,-6.783182435738822,0.0],[-79.839780457641496,-6.783183716496417,0.0],[-79.839705425202027,-6.783180604366388,0.0],[-79.839630565627928,-6.783186568882472,0.0],[-79.839593430583989,-6.783181008965908,0.0],[-79.839556297096451,-6.783175449279559,0.0],[-79.839479029476834,-6.783171692743215,0.0],[-79.839402656416894,-6.783186578424442,0.0],[-79.83933475938997,-6.783181878225595,0.0],[-79.839308505999824,-6.783175100939232,0.0],[-79.839268704839498,-6.78316482630665,0.0],[-79.839203210630131,-6.783108902459867,0.0],[-79.839153537295985,-6.78313107584159,0.0],[-79.839100959767165,-6.783123541664639,0.0],[-79.839318813889378,-6.783775655389316,0.0]]]]}},
{"type":"Feature","properties":{"Layer":"TG_HAB_URB","Color":2,"ESTADO":"INFORMAL O SIN DOCUMENTACION","COD_HAB_UR":"0139","ID_COD_URB":"1401010139","TIPO_HAB_U":"URB.","NOMB_HAB_U":"URB. SANTA ANGELA"},"geometry":{"type":"MultiPolygon","coordinates":[[[[-79.847562795480329,-6.779974506108047,0.0],[-79.84762767527819,-6.780515180226177,0.0],[-79.847635010295278,-6.780567028411904,0.0],[-79.847675249766112,-6.780567774513653,0.0],[-79.847929138292685,-6.782813134007694,0.0],[-79.848303678530797,-6.782848604522409,0.0],[-79.849237413430259,-6.782903734589235,0.0],[-79.849132569036925,-6.782184721602198,0.0],[-79.849086879768763,-6.781871388612578,0.0],[-79.849040927526957,-6.781556251997592,0.0],[-79.848951344060154,-6.780944392132468,0.0],[-79.848877640066007,-6.780443216913843,0.0],[-79.849125026920305,-6.780432049502339,0.0],[-79.849155102736859,-6.780228701216015,0.0],[-79.849275865146538,-6.780142104576707,0.0],[-79.849289063160967,-6.78010169576125,0.0],[-79.849286947268865,-6.780051623231817,0.0],[-79.849276201410547,-6.780053174679811,0.0],[-79.849269690859529,-6.780007053759251,0.0],[-79.849261977725106,-6.779966624477785,0.0],[-79.849246045911329,-6.779883120332917,0.0],[-79.849237199935644,-6.779836925091257,0.0],[-79.849216447136456,-6.779728555269807,0.0],[-79.849192632496568,-6.779604196043505,0.0],[-79.849023936171903,-6.779493303565841,0.0],[-79.847933993637966,-6.779791901192971,0.0],[-79.84755924614538,-6.779813467350438,0.0],[-79.847562795480329,-6.779974506108047,0.0]]]]}},
{"type":"Feature","properties":{"Layer":"TG_HAB_URB","Color":2,"ESTADO":"INFORMAL O SIN DOCUMENTACION","COD_HAB_UR":"0012","ID_COD_URB":"1401010012","TIPO_HAB_U":"H.U.","NOMB_HAB_U":"H.U. SIN DENOMINACION 001"},"geometry":{"type":"MultiPolygon","coordinates":[[[[-79.842667254486884,-6.775932403007657,0.0],[-79.842707902109453,-6.777287402602197,0.0],[-79.842823969739413,-6.777304845992421,0.0],[-79.842816442076469,-6.777345281340527,0.0],[-79.842992881612986,-6.777378917350903,0.0],[-79.843056937013984,-6.77739112870207,0.0],[-79.843138757696053,-6.777406726767175,0.0],[-79.843179530267946,-6.777414499530188,0.0],[-79.84321869246169,-6.777421965292213,0.0],[-79.843262191567504,-6.77742910734429,0.0],[-79.843349215997293,-6.776293809676194,0.0],[-79.842667254486884,-6.775932403007657,0.0]]]]}},
{"type":"Feature","properties":{"Layer":"TG_HAB_URB","Color":2,"ESTADO":"INFORMAL O SIN DOCUMENTACION","COD_HAB_UR":"0135","ID_COD_URB":"1401010135","TIPO_HAB_U":"UPIS","NOMB_HAB_U":"UPIS LAS AMÉRICAS"},"geometry":{"type":"MultiPolygon","coordinates":[[[[-79.846057066550429,-6.778292766909984,0.0],[-79.849043244057526,-6.779420772113119,0.0],[-79.849023936171903,-6.779493303565841,0.0],[-79.849830113207432,-6.77931816916398,0.0],[-79.846754833499546,-6.778233113336714,0.0],[-79.846178752111243,-6.77793575556636,0.0],[-79.846057066550429,-6.778292766909984,0.0]]]]}},
{"type":"Feature","properties":{"Layer":"TG_HAB_URB","Color":2,"ESTADO":"INFORMAL O SIN DOCUMENTACION","COD_HAB_UR":"0149","ID_COD_URB":"1401010149","TIPO_HAB_U":"H.U.","NOMB_HAB_U":"H.U. SIN DENOMINACION 029"},"geometry":{"type":"MultiPolygon","coordinates":[[[[-79.842445115324267,-6.773101079139439,0.0],[-79.842528115391218,-6.774906311708797,0.0],[-79.842714081627236,-6.775808094866859,0.0],[-79.842604532576047,-6.775899163353908,0.0],[-79.842667254486884,-6.775932403007657,0.0],[-79.843349215997293,-6.776293809676194,0.0],[-79.843499112360576,-6.77637324732375,0.0],[-79.844156880136524,-6.776503350964642,0.0],[-79.845782791639891,-6.776840927680367,0.0],[-79.845860994999143,-6.776340632815617,0.0],[-79.845619271581242,-6.774628575362841,0.0],[-79.845364153317433,-6.77283261967413,0.0],[-79.845086861033906,-6.771046506169838,0.0],[-79.845099080140486,-6.77081824615521,0.0],[-79.845147797545195,-6.770595692764259,0.0],[-79.84215145992593,-6.770825596169272,0.0],[-79.842445115324267,-6.773101079139439,0.0]]]]}},
{"type":"Feature","properties":{"Layer":"TG_HAB_URB","Color":2,"ESTADO":"INFORMAL O SIN DOCUMENTACION","COD_HAB_UR":"0359","ID_COD_URB":"1401010359","TIPO_HAB_U":"LOTIZ","NOMB_HAB_U":"LOTIZ. CASTAÑEDA"},"geometry":{"type":"MultiPolygon","coordinates":[[[[-79.849023936171903,-6.779493303565841,0.0],[-79.849192632496568,-6.779604196043505,0.0],[-79.84945544784631,-6.779530994352769,0.0],[-79.850133632733389,-6.7797927936588,0.0],[-79.850141974404238,-6.780216980384217,0.0],[-79.850174229687326,-6.780221431528436,0.0],[-79.850207167273581,-6.780226149828843,0.0],[-79.850243310516859,-6.780234239255553,0.0],[-79.85031528794741,-6.78023965648476,0.0],[-79.850368606798654,-6.780251569053199,0.0],[-79.850337237592029,-6.779871390893693,0.0],[-79.851227992900832,-6.780215246408458,0.0],[-79.851565972411507,-6.780345715068114,0.0],[-79.851553354455334,-6.779154725928483,0.0],[-79.851295604730922,-6.778897568143414,0.0],[-79.849830113207432,-6.77931816916398,0.0],[-79.849023936171903,-6.779493303565841,0.0]]]]}},
{"type":"Feature","properties":{"Layer":"TG_HAB_URB","Color":2,"ESTADO":"INFORMAL O SIN DOCUMENTACION","COD_HAB_UR":"0131","ID_COD_URB":"1401010131","TIPO_HAB_U":"P.J.","NOMB_HAB_U":"P.J. ARTURO PASTOR BOGGIANO"},"geometry":{"type":"MultiPolygon","coordinates":[[[[-79.851553354455334,-6.779154725928483,0.0],[-79.851565972411507,-6.780345715068114,0.0],[-79.853427104891168,-6.781064154217219,0.0],[-79.855939864617326,-6.782054782217521,0.0],[-79.856012430687798,-6.781916997972711,0.0],[-79.855976324378659,-6.781902393389905,0.0],[-79.855995416328568,-6.781855941745615,0.0],[-79.855916482697623,-6.781807956044213,0.0],[-79.855919149735527,-6.781802892026167,0.0],[-79.855932375302004,-6.781777780079692,0.0],[-79.855302521262075,-6.781331979821622,0.0],[-79.855060390350758,-6.781226352255266,0.0],[-79.855102183236596,-6.781108624056881,0.0],[-79.854777039318037,-6.780983782923702,0.0],[-79.854787924663214,-6.780939890416856,0.0],[-79.85480389084934,-6.780875510634555,0.0],[-79.85481314236992,-6.780838206105394,0.0],[-79.854606804368203,-6.780739967804224,0.0],[-79.854149831428316,-6.7805594019712,0.0],[-79.854023066869374,-6.78051094470842,0.0],[-79.853896837569636,-6.780461110862835,0.0],[-79.853876953823971,-6.780453260989775,0.0],[-79.853882827199214,-6.78042909095463,0.0],[-79.853331830205448,-6.780221521082577,0.0],[-79.85347811344937,-6.77965711558155,0.0],[-79.852746150500536,-6.779307192711591,0.0],[-79.85180279028495,-6.778743679217899,0.0],[-79.851295604730922,-6.778897568143414,0.0],[-79.851553354455334,-6.779154725928483,0.0]]]]}},
{"type":"Feature","properties":{"Layer":"TG_HAB_URB","Color":2,"ESTADO":"INFORMAL O SIN DOCUMENTACION","COD_HAB_UR":"0421","ID_COD_URB":"1401010421","TIPO_HAB_U":"A.H.","NOMB_HAB_U":"A.H. LOS OLIVOS DE CHICLAYO"},"geometry":{"type":"MultiPolygon","coordinates":[[[[-79.808821105130335,-6.769111913717186,0.0],[-79.808782312744839,-6.770342160115171,0.0],[-79.80877569027048,-6.770821286029514,0.0],[-79.808738957508908,-6.770885793268811,0.0],[-79.808733098352405,-6.770918377240132,0.0],[-79.809367463594668,-6.770976771708343,0.0],[-79.809365153127899,-6.770907252613331,0.0],[-79.809353057034613,-6.770543296615899,0.0],[-79.809354386952108,-6.770449526819897,0.0],[-79.809333251411957,-6.770085983424829,0.0],[-79.809328979431911,-6.769967717095092,0.0],[-79.809322110148656,-6.769823205168167,0.0],[-79.809328945127504,-6.769605131745463,0.0],[-79.809331782230458,-6.769514612336512,0.0],[-79.809343120509695,-6.769152856703959,0.0],[-79.809342955070562,-6.769087872055676,0.0],[-79.809045311924564,-6.769062328273607,0.0],[-79.808822335781102,-6.769050867398855,0.0],[-79.808821105130335,-6.769111913717186,0.0]]]]}},
{"type":"Feature","properties":{"Layer":"TG_HAB_URB","Color":2,"ESTADO":"INFORMAL O SIN DOCUMENTACION","COD_HAB_UR":"0434","ID_COD_URB":"1401010434","TIPO_HAB_U":"LOTIZ","NOMB_HAB_U":"LOTIZ. AMPLIACIÓN MIRAFLORES II ETAPA"},"geometry":{"type":"MultiPolygon","coordinates":[[[[-79.809328945127504,-6.769605131745463,0.0],[-79.809322110148656,-6.769823205168167,0.0],[-79.809328979431911,-6.769967717095092,0.0],[-79.809333251411957,-6.770085983424829,0.0],[-79.809354386952108,-6.770449526819897,0.0],[-79.809353057034613,-6.770543296615899,0.0],[-79.809365153127899,-6.770907252613331,0.0],[-79.809367463594668,-6.770976771708343,0.0],[-79.80986249698978,-6.771016693145376,0.0],[-79.809861603631006,-6.770584807841399,0.0],[-79.809862561343365,-6.770478392410244,0.0],[-79.809859596139788,-6.770296987432371,0.0],[-79.809856631976132,-6.770115646663158,0.0],[-79.809855098726473,-6.770002879560718,0.0],[-79.809849169308507,-6.769640133808608,0.0],[-79.809847682114977,-6.769549151700822,0.0],[-79.809841752648822,-6.769186405943948,0.0],[-79.809847576397871,-6.769107069484198,0.0],[-79.809527716446681,-6.769095751581048,0.0],[-79.809342955070562,-6.769087872055676,0.0],[-79.809343120509695,-6.769152856703959,0.0],[-79.809331782230458,-6.769514612336512,0.0],[-79.809328945127504,-6.769605131745463,0.0]]]]}},
{"type":"Feature","properties":{"Layer":"TG_HAB_URB","Color":2,"ESTADO":"INFORMAL O SIN DOCUMENTACION","COD_HAB_UR":"0435","ID_COD_URB":"1401010435","TIPO_HAB_U":"H.U.","NOMB_HAB_U":"H.U. SIN DENOMINACION 013"},"geometry":{"type":"MultiPolygon","coordinates":[[[[-79.809849169308507,-6.769640133808608,0.0],[-79.809855098726473,-6.770002879560718,0.0],[-79.809856631976132,-6.770115646663158,0.0],[-79.809859596139788,-6.770296987432371,0.0],[-79.809862561343365,-6.770478392410244,0.0],[-79.809861603631006,-6.770584807841399,0.0],[-79.80986249698978,-6.771016693145376,0.0],[-79.810393296899193,-6.771059498374907,0.0],[-79.810404453967749,-6.770630014528074,0.0],[-79.810403165201919,-6.770509944420821,0.0],[-79.810406718875711,-6.770147330796453,0.0],[-79.810400487361264,-6.770043592788912,0.0],[-79.810407707713551,-6.769681177108528,0.0],[-79.810404004228644,-6.769589973231175,0.0],[-79.810406202903607,-6.769227707513535,0.0],[-79.810410465699007,-6.769144255515598,0.0],[-79.810130434884726,-6.769135006186382,0.0],[-79.809847576397871,-6.769107069484198,0.0],[-79.809841752648822,-6.769186405943948,0.0],[-79.809847682114977,-6.769549151700822,0.0],[-79.809849169308507,-6.769640133808608,0.0]]]]}},
{"type":"Feature","properties":{"Layer":"TG_HAB_URB","Color":2,"ESTADO":"INFORMAL O SIN DOCUMENTACION","COD_HAB_UR":"0417","ID_COD_URB":"1401010417","TIPO_HAB_U":"LOTIZ","NOMB_HAB_U":"LOTIZ. MIRAFLORES II ETAPA"},"geometry":{"type":"MultiPolygon","coordinates":[[[[-79.811588426230415,-6.7692308295788,0.0],[-79.811491055835575,-6.771148022971472,0.0],[-79.811993697163444,-6.771188555743819,0.0],[-79.812100225344494,-6.769271420126517,0.0],[-79.811588426230415,-6.7692308295788,0.0]]]]}},
{"type":"Feature","properties":{"Layer":"TG_HAB_URB","Color":2,"ESTADO":"INFORMAL O SIN DOCUMENTACION","COD_HAB_UR":"0448","ID_COD_URB":"1401010448","TIPO_HAB_U":"UPIS","NOMB_HAB_U":"UPIS SAN JUAN"},"geometry":{"type":"MultiPolygon","coordinates":[[[[-79.804811453154713,-6.768825241751286,0.0],[-79.80640005043503,-6.77152283837333,0.0],[-79.806505542963293,-6.771479112176937,0.0],[-79.806263721019263,-6.769861529425645,0.0],[-79.80683702300756,-6.769792959657564,0.0],[-79.806834831419039,-6.76977035126114,0.0],[-79.806756068158037,-6.768957830419897,0.0],[-79.804811453154713,-6.768825241751286,0.0]]]]}},
{"type":"Feature","properties":{"Layer":"TG_HAB_URB","Color":2,"ESTADO":"INFORMAL O SIN DOCUMENTACION","COD_HAB_UR":"0244","ID_COD_URB":"1401010244","TIPO_HAB_U":"UPIS","NOMB_HAB_U":"UPIS MIRAFLORES"},"geometry":{"type":"MultiPolygon","coordinates":[[[[-79.807543365289618,-6.772547858242333,0.0],[-79.807528029837755,-6.772924648038019,0.0],[-79.807524196123111,-6.773018841553657,0.0],[-79.811005848953442,-6.773280308507064,0.0],[-79.811180837984097,-6.771123006883176,0.0],[-79.810393296899193,-6.771059498374907,0.0],[-79.80986249698978,-6.771016693145376,0.0],[-79.809367463594668,-6.770976771708343,0.0],[-79.808733098352405,-6.770918377240132,0.0],[-79.808729028344786,-6.770941011383594,0.0],[-79.80871959003322,-6.770993499749072,0.0],[-79.808707999743703,-6.771057955676809,0.0],[-79.808696409341124,-6.771122412207211,0.0],[-79.808676707152287,-6.771231979931747,0.0],[-79.808694431429004,-6.771234802322867,0.0],[-79.808688860678444,-6.771277718583846,0.0],[-79.80868081923073,-6.771338234783331,0.0],[-79.808656933133221,-6.771517990305492,0.0],[-79.808622172391168,-6.771518431129148,0.0],[-79.808446789642758,-6.772035974072779,0.0],[-79.80833575188899,-6.772255549074053,0.0],[-79.808324365509918,-6.772381482927631,0.0],[-79.808262565184862,-6.772376352210382,0.0],[-79.808174087820873,-6.772370577104449,0.0],[-79.808081999141137,-6.77236456626312,0.0],[-79.807965082638759,-6.772356934827362,0.0],[-79.807928066605029,-6.772354518691364,0.0],[-79.807845909069854,-6.772349156038266,0.0],[-79.8077741340838,-6.772344471071898,0.0],[-79.807622459650659,-6.772334570796838,0.0],[-79.807553843580777,-6.772330091991089,0.0],[-79.807543365289618,-6.772547858242333,0.0]]]]}},
{"type":"Feature","properties":{"Layer":"TG_HAB_URB","Color":2,"ESTADO":"INFORMAL O SIN DOCUMENTACION","COD_HAB_UR":"0428","ID_COD_URB":"1401010428","TIPO_HAB_U":"ASOC","NOMB_HAB_U":"ASOC.PVIV. 2 DE JUNIO"},"geometry":{"type":"MultiPolygon","coordinates":[[[[-79.800863466053414,-6.767356842776393,0.0],[-79.800857154860637,-6.767338820703227,0.0],[-79.800828696503999,-6.767349612615028,0.0],[-79.800232592944411,-6.767552462273746,0.0],[-79.799864779537018,-6.767644092329102,0.0],[-79.799984767099332,-6.768022585030354,0.0],[-79.800137759081764,-6.768469210859527,0.0],[-79.801147316026984,-6.768150925021475,0.0],[-79.801117415098517,-6.768081450181129,0.0],[-79.801114442424463,-6.768073253407267,0.0],[-79.801096139081253,-6.768022789156624,0.0],[-79.801081403312878,-6.76798216013101,0.0],[-79.801065992677138,-6.767939669067268,0.0],[-79.80105071683731,-6.767897550048885,0.0],[-79.801036323033898,-6.767854001521878,0.0],[-79.801022225593954,-6.767811346379529,0.0],[-79.801008026670132,-6.76776838710468,0.0],[-79.800994063938447,-6.767726140183838,0.0],[-79.800969363890445,-6.767659248712747,0.0],[-79.800958358319178,-6.767627819511604,0.0],[-79.800940298396014,-6.767576247956224,0.0],[-79.800915700722911,-6.76750600498864,0.0],[-79.800894562834628,-6.767445641897201,0.0],[-79.800880663487106,-6.767405951302432,0.0],[-79.800863466053414,-6.767356842776393,0.0]]]]}},
{"type":"Feature","properties":{"Layer":"TG_HAB_URB","Color":2,"ESTADO":"INFORMAL O SIN DOCUMENTACION","COD_HAB_UR":"0459","ID_COD_URB":"1401010459","TIPO_HAB_U":"H.U.","NOMB_HAB_U":"H.U. SIN DENOMINACION 031"},"geometry":{"type":"MultiPolygon","coordinates":[[[[-79.802283882264561,-6.766848368837086,0.0],[-79.802423361534537,-6.767216684845775,0.0],[-79.802737312565071,-6.767085713641824,0.0],[-79.802810884675893,-6.767245129725397,0.0],[-79.802848297929515,-6.767328760545652,0.0],[-79.80292606344274,-6.767501384441059,0.0],[-79.802959764476341,-6.767484777375894,0.0],[-79.803006198052572,-6.767461896990883,0.0],[-79.803045915697325,-6.767442325594264,0.0],[-79.803091662556142,-6.767421652988064,0.0],[-79.803136583362885,-6.767401354579348,0.0],[-79.803178679126574,-6.767382331669888,0.0],[-79.803218230626484,-6.767364459238223,0.0],[-79.803260279808782,-6.76734561256629,0.0],[-79.803303526380788,-6.767326229806893,0.0],[-79.803382592413755,-6.767290793229829,0.0],[-79.803306135139053,-6.767126933642929,0.0],[-79.803274615418488,-6.76704252508301,0.0],[-79.803205559221496,-6.766877290498434,0.0],[-79.803543008385944,-6.766707220194744,0.0],[-79.803361076072292,-6.766403432065949,0.0],[-79.802443567906764,-6.766795062214709,0.0],[-79.802283882264561,-6.766848368837086,0.0]]]]}},
{"type":"Feature","properties":{"Layer":"TG_HAB_URB","Color":2,"ESTADO":"INFORMAL O SIN DOCUMENTACION","COD_HAB_UR":"0419","ID_COD_URB":"1401010419","TIPO_HAB_U":"A.H","NOMB_HAB_U":"A.H 19 DE JUNIO"},"geometry":{"type":"MultiPolygon","coordinates":[[[[-79.802283882264561,-6.766848368837086,0.0],[-79.801524358015627,-6.7670858048224,0.0],[-79.800857154860637,-6.767338820703227,0.0],[-79.800863466053414,-6.767356842776393,0.0],[-79.800880663487106,-6.767405951302432,0.0],[-79.800894561940936,-6.767445642198848,0.0],[-79.800915700722911,-6.76750600498864,0.0],[-79.800940298396014,-6.767576247956224,0.0],[-79.800958358319178,-6.767627819511604,0.0],[-79.800969363890445,-6.767659248712747,0.0],[-79.800994063938447,-6.767726140183838,0.0],[-79.801008026670132,-6.76776838710468,0.0],[-79.801022225593954,-6.767811346379529,0.0],[-79.801036323033898,-6.767854001521878,0.0],[-79.80105071683731,-6.767897550048885,0.0],[-79.801065992677138,-6.767939669067268,0.0],[-79.801081403312878,-6.76798216013101,0.0],[-79.801096139081253,-6.768022789156624,0.0],[-79.801114442424463,-6.768073253407267,0.0],[-79.801117415098517,-6.768081450181129,0.0],[-79.801147316026984,-6.768150925021475,0.0],[-79.802603316729204,-6.767691882953654,0.0],[-79.802283882264561,-6.766848368837086,0.0]]]]}},
{"type":"Feature","properties":{"Layer":"TG_HAB_URB","Color":2,"ESTADO":"INFORMAL O SIN DOCUMENTACION","COD_HAB_UR":"0427","ID_COD_URB":"1401010427","TIPO_HAB_U":"ASOC","NOMB_HAB_U":"ASOC.PVIV. VIRGEN DE GUADALUPE AMPLIACION SAMAN"},"geometry":{"type":"MultiPolygon","coordinates":[[[[-79.800728189017889,-6.766892645209738,0.0],[-79.800737906041022,-6.766936824656844,0.0],[-79.800747623065249,-6.766981004103973,0.0],[-79.80075734009057,-6.767025183551122,0.0],[-79.800767057116985,-6.767069362998344,0.0],[-79.800776774144509,-6.767113542445607,0.0],[-79.800786491173099,-6.767157721892856,0.0],[-79.800796208202783,-6.767201901340145,0.0],[-79.800798151608873,-6.767210737229674,0.0],[-79.800805925233561,-6.767246080787457,0.0],[-79.800809812046211,-6.767263752566516,0.0],[-79.80081564226542,-6.767290260234804,0.0],[-79.8008242904491,-6.767329580053884,0.0],[-79.800828696504013,-6.767349612615028,0.0],[-79.801524358015627,-6.7670858048224,0.0],[-79.802283882264561,-6.766848368837086,0.0],[-79.802443567906764,-6.766795062214709,0.0],[-79.803194676353598,-6.766474458483851,0.0],[-79.800552785215046,-6.766095152896141,0.0],[-79.80057271679631,-6.766185774061608,0.0],[-79.800582433801949,-6.766229953508058,0.0],[-79.800592150808711,-6.766274132954562,0.0],[-79.800601867816553,-6.766318312401123,0.0],[-79.800611584825475,-6.766362491847705,0.0],[-79.800621301835506,-6.76640667129431,0.0],[-79.800631018846616,-6.766450850740987,0.0],[-79.800640735858821,-6.766495030187689,0.0],[-79.800650452872134,-6.766539209634444,0.0],[-79.800660169886513,-6.766583389081188,0.0],[-79.800669886902014,-6.766627568528036,0.0],[-79.800679603918582,-6.766671747974859,0.0],[-79.800689320936257,-6.766715927421771,0.0],[-79.800699037955027,-6.766760106868704,0.0],[-79.800708754974877,-6.766804286315659,0.0],[-79.800718471995836,-6.766848465762705,0.0],[-79.800728189017889,-6.766892645209738,0.0]]]]}},
{"type":"Feature","properties":{"Layer":"TG_HAB_URB","Color":2,"ESTADO":"INFORMAL O SIN DOCUMENTACION","COD_HAB_UR":"0420","ID_COD_URB":"1401010420","TIPO_HAB_U":"A.H.","NOMB_HAB_U":"A.H. LAS PALMAS"},"geometry":{"type":"MultiPolygon","coordinates":[[[[-79.797211050721771,-6.766280831608571,0.0],[-79.797239854316103,-6.766324843481342,0.0],[-79.797268250105006,-6.766363298239171,0.0],[-79.797285366636828,-6.766405204254283,0.0],[-79.797316773976618,-6.766442737530804,0.0],[-79.79733520455855,-6.76648424147062,0.0],[-79.797349309555216,-6.766527068965079,0.0],[-79.797372065730357,-6.766567249349617,0.0],[-79.797403473086106,-6.766604782623312,0.0],[-79.797421903679734,-6.766646286561966,0.0],[-79.797404601323734,-6.766651580782939,0.0],[-79.797477339769571,-6.7666896497705,0.0],[-79.797651874319271,-6.766641920209661,0.0],[-79.797754884985807,-6.76673956867535,0.0],[-79.797931553881114,-6.766700465173809,0.0],[-79.797941333347026,-6.766744616221063,0.0],[-79.797951112814062,-6.766788767268356,0.0],[-79.797965782016647,-6.766854993839361,0.0],[-79.798142450952156,-6.766815890265803,0.0],[-79.79826251348689,-6.766958459689985,0.0],[-79.798439182261461,-6.766919355130077,0.0],[-79.798440160234932,-6.76692377022978,0.0],[-79.79861780696865,-6.766889080700075,0.0],[-79.798706164497219,-6.766897484173664,0.0],[-79.798882833241535,-6.766858379442223,0.0],[-79.798886001889088,-6.766872684364594,0.0],[-79.799062670621126,-6.766833579563642,0.0],[-79.799152648650093,-6.766820906355024,0.0],[-79.799329317553372,-6.766781802331119,0.0],[-79.79933714123186,-6.766817123164474,0.0],[-79.799521057476383,-6.766785952471121,0.0],[-79.799649363688772,-6.767357725096024,0.0],[-79.799741209649383,-6.767412689617537,0.0],[-79.799864779537018,-6.767644092329102,0.0],[-79.800232592944411,-6.767552462273746,0.0],[-79.800828696504013,-6.767349612615028,0.0],[-79.8008242904491,-6.767329580053884,0.0],[-79.80081564226542,-6.767290260234804,0.0],[-79.800809812046211,-6.767263752566516,0.0],[-79.800805925233561,-6.767246080787457,0.0],[-79.800798151608873,-6.767210737229674,0.0],[-79.800796208202783,-6.767201901340145,0.0],[-79.800786491173099,-6.767157721892856,0.0],[-79.800776774144509,-6.767113542445607,0.0],[-79.800767057116985,-6.767069362998344,0.0],[-79.80075734009057,-6.767025183551122,0.0],[-79.800747623065249,-6.766981004103973,0.0],[-79.800737906041022,-6.766936824656844,0.0],[-79.800728189017889,-6.766892645209738,0.0],[-79.800718471995836,-6.766848465762705,0.0],[-79.800708754974877,-6.766804286315659,0.0],[-79.800699037955027,-6.766760106868704,0.0],[-79.800689320936257,-6.766715927421771,0.0],[-79.800679603918582,-6.766671747974859,0.0],[-79.800669886902014,-6.766627568528036,0.0],[-79.800660169886513,-6.766583389081188,0.0],[-79.800650452872134,-6.766539209634444,0.0],[-79.800640735858821,-6.766495030187689,0.0],[-79.800631018846616,-6.766450850740987,0.0],[-79.800621301835506,-6.76640667129431,0.0],[-79.800611584825475,-6.766362491847705,0.0],[-79.800601867816553,-6.766318312401123,0.0],[-79.800592150808711,-6.766274132954562,0.0],[-79.800582433801949,-6.766229953508058,0.0],[-79.80057271679631,-6.766185774061608,0.0],[-79.800552785215046,-6.766095152896141,0.0],[-79.799354473355919,-6.765923102248143,0.0],[-79.796768696010616,-6.765516870284589,0.0],[-79.796751648834316,-6.765625299381235,0.0],[-79.796815372916328,-6.7656880930518,0.0],[-79.797330736682625,-6.766195931381247,0.0],[-79.797182382450174,-6.766236501434427,0.0],[-79.797211050721771,-6.766280831608571,0.0]]]]}},
{"type":"Feature","properties":{"Layer":"TG_HAB_URB","Color":2,"ESTADO":"INFORMAL O SIN DOCUMENTACION","COD_HAB_UR":"0424","ID_COD_URB":"1401010424","TIPO_HAB_U":"A.H.","NOMB_HAB_U":"A.H. NUEVO HORIZONTE"},"geometry":{"type":"MultiPolygon","coordinates":[[[[-79.798939973754088,-6.764605542692954,0.0],[-79.799354473355919,-6.765923102248143,0.0],[-79.800552785215046,-6.766095152896141,0.0],[-79.803194676353613,-6.766474458483851,0.0],[-79.80326948715296,-6.766442526089784,0.0],[-79.802808022415121,-6.765664316243773,0.0],[-79.802505073066357,-6.765159543419286,0.0],[-79.802080727398845,-6.764467227711549,0.0],[-79.801715318736058,-6.76384265813989,0.0],[-79.80159278593031,-6.763893555960792,0.0],[-79.801103227539585,-6.764068242726978,0.0],[-79.80069762847944,-6.764176625918088,0.0],[-79.799824985279642,-6.764152467332387,0.0],[-79.798782152730297,-6.764103879527839,0.0],[-79.798939973754088,-6.764605542692954,0.0]]]]}},
{"type":"Feature","properties":{"Layer":"TG_HAB_URB","Color":2,"ESTADO":"INFORMAL O SIN DOCUMENTACION","COD_HAB_UR":"0433","ID_COD_URB":"1401010433","TIPO_HAB_U":"LOTIZ","NOMB_HAB_U":"LOTIZ. EL MIRADOR DE POMALCA"},"geometry":{"type":"MultiPolygon","coordinates":[[[[-79.792297656472883,-6.765507799045539,0.0],[-79.792388529002125,-6.76632792143068,0.0],[-79.793635182771638,-6.766558494018012,0.0],[-79.793870539254499,-6.766595484495623,0.0],[-79.793759435335105,-6.766246362717093,0.0],[-79.793781105806488,-6.766150450328884,0.0],[-79.793829737652885,-6.765691700903519,0.0],[-79.793793164598938,-6.765383361244156,0.0],[-79.793707443105887,-6.765125926339672,0.0],[-79.793698775129073,-6.765100027818724,0.0],[-79.793517127800826,-6.7651528933952,0.0],[-79.792297656472883,-6.765507799045539,0.0]]]]}},
{"type":"Feature","properties":{"Layer":"TG_HAB_URB","Color":2,"ESTADO":"INFORMAL O SIN DOCUMENTACION","COD_HAB_UR":"0406","ID_COD_URB":"1401010406","TIPO_HAB_U":"H.U.","NOMB_HAB_U":"H.U. LAS COLONIAS"},"geometry":{"type":"MultiPolygon","coordinates":[[[[-79.794216344686618,-6.76426881409478,0.0],[-79.79432455561394,-6.764609361260166,0.0],[-79.793612827675346,-6.764851265248478,0.0],[-79.793614522100285,-6.764855287727639,0.0],[-79.793680083012688,-6.765044178773249,0.0],[-79.793698775129073,-6.765100027818724,0.0],[-79.793707443105887,-6.765125926339672,0.0],[-79.793793164598938,-6.765383361244156,0.0],[-79.793829737652885,-6.765691700903519,0.0],[-79.793781105806488,-6.766150450328884,0.0],[-79.793759435335105,-6.766246362717093,0.0],[-79.793870539254499,-6.766595484495623,0.0],[-79.796248771148086,-6.766969259613611,0.0],[-79.795899887410698,-6.765921525594267,0.0],[-79.795897150093978,-6.765626945859662,0.0],[-79.795191368649171,-6.763507399814999,0.0],[-79.79446811712991,-6.763759349717982,0.0],[-79.794386516002177,-6.763806234705107,0.0],[-79.794310727839203,-6.763931794002627,0.0],[-79.794216344686618,-6.76426881409478,0.0]]]]}},
{"type":"Feature","properties":{"Layer":"TG_HAB_URB","Color":2,"ESTADO":"INFORMAL O SIN DOCUMENTACION","COD_HAB_UR":"0450","ID_COD_URB":"1401010450","TIPO_HAB_U":"ASOC","NOMB_HAB_U":"ASOC. POBLADORES LAS LAGUNAS"},"geometry":{"type":"MultiPolygon","coordinates":[[[[-79.795289540817862,-6.763802223424431,0.0],[-79.795868354576882,-6.765540469758215,0.0],[-79.796532998217657,-6.7654798408848,0.0],[-79.796768696010616,-6.765516870284589,0.0],[-79.799354473355919,-6.765923102248143,0.0],[-79.798939973754088,-6.764605542692954,0.0],[-79.798775620095157,-6.764350630171204,0.0],[-79.798604067895553,-6.764226945216739,0.0],[-79.798146835107801,-6.763770571902437,0.0],[-79.797926459096743,-6.763622870073442,0.0],[-79.797745493067481,-6.763590338844572,0.0],[-79.79715554792341,-6.763606214470077,0.0],[-79.796604465970063,-6.763593888644242,0.0],[-79.795965967879027,-6.763606346505807,0.0],[-79.795289540817862,-6.763802223424431,0.0]]]]}},
{"type":"Feature","properties":{"Layer":"TG_HAB_URB","Color":2,"ESTADO":"INFORMAL O SIN DOCUMENTACION","COD_HAB_UR":"0437","ID_COD_URB":"1401010437","TIPO_HAB_U":"H.U.","NOMB_HAB_U":"H.U. NUEVA POMALCA"},"geometry":{"type":"MultiPolygon","coordinates":[[[[-79.791535910818808,-6.763595876528706,0.0],[-79.792076615741095,-6.764997556722858,0.0],[-79.793552612270105,-6.764574520625415,0.0],[-79.79350115383987,-6.763760034194311,0.0],[-79.793278892501547,-6.763313496313753,0.0],[-79.791535910818808,-6.763595876528706,0.0]]]]}},
{"type":"Feature","properties":{"Layer":"TG_HAB_URB","Color":2,"ESTADO":"INFORMAL O SIN DOCUMENTACION","COD_HAB_UR":"0285","ID_COD_URB":"1401010285","TIPO_HAB_U":"LOTIZ","NOMB_HAB_U":"LOTIZ. CASSINELLI"},"geometry":{"type":"MultiPolygon","coordinates":[[[[-79.832127232533054,-6.773815244275084,0.0],[-79.832207331107767,-6.774690367001762,0.0],[-79.83413162651425,-6.775168091000815,0.0],[-79.834486760232622,-6.773488313362697,0.0],[-79.832065165462225,-6.773137125888772,0.0],[-79.832127232533054,-6.773815244275084,0.0]]]]}},
{"type":"Feature","properties":{"Layer":"TG_HAB_URB","Color":2,"ESTADO":"INFORMAL O SIN DOCUMENTACION","COD_HAB_UR":"0147","ID_COD_URB":"1401010147","TIPO_HAB_U":"P.J.","NOMB_HAB_U":"P.J. AMPLIACIÓN SAN NICOLAS - 28"},"geometry":{"type":"MultiPolygon","coordinates":[[[[-79.844156880136524,-6.776503350964642,0.0],[-79.844181457488403,-6.777468322324254,0.0],[-79.84441932508318,-6.779116291862907,0.0],[-79.844612005512744,-6.779836532726684,0.0],[-79.844825201912883,-6.779850826236708,0.0],[-79.845304835197751,-6.780023359005836,0.0],[-79.845304361630525,-6.779891732565337,0.0],[-79.845304198719361,-6.779846511303303,0.0],[-79.845304042529222,-6.779803099308068,0.0],[-79.845303717131074,-6.77971265765112,0.0],[-79.845303455183583,-6.779639852117034,0.0],[-79.845303274373009,-6.779610258352445,0.0],[-79.84530319486133,-6.779567498791049,0.0],[-79.845303028856165,-6.779521359977432,0.0],[-79.845302862947918,-6.779475248300126,0.0],[-79.845302707102732,-6.779431933676431,0.0],[-79.845302540793938,-6.779385711058647,0.0],[-79.845302369953629,-6.779338229188039,0.0],[-79.845302156875348,-6.779299668083598,0.0],[-79.845302205620797,-6.779292556150514,0.0],[-79.845302049422614,-6.779249144154354,0.0],[-79.845301873698901,-6.77920030565865,0.0],[-79.845301548282521,-6.779109863999626,0.0],[-79.845301294455822,-6.779039319505379,0.0],[-79.845301148231599,-6.779019339686847,0.0],[-79.84530110571184,-6.778986863342841,0.0],[-79.845300952763424,-6.778944355762802,0.0],[-79.84530078028898,-6.778896421683107,0.0],[-79.845300458117663,-6.778806884439656,0.0],[-79.845300282803166,-6.778758408916372,0.0],[-79.84530017095959,-6.77874773727853,0.0],[-79.845300113163574,-6.778711016279683,0.0],[-79.845299960211264,-6.778668508699182,0.0],[-79.84529966628196,-6.778607480494413,0.0],[-79.845299472061512,-6.778532846207825,0.0],[-79.845299192186204,-6.778455066379174,0.0],[-79.845298835830405,-6.778356032759732,0.0],[-79.845298433909221,-6.778244337307227,0.0],[-79.845297950621926,-6.778110031438656,0.0],[-79.845297575808402,-6.778005871659765,0.0],[-79.845348994714314,-6.77787616236426,0.0],[-79.845369633419637,-6.777722593405914,0.0],[-79.845402582807424,-6.77772739281874,0.0],[-79.845455180304114,-6.777735054173411,0.0],[-79.845449089550357,-6.777822670739636,0.0],[-79.845471746936681,-6.777825653705258,0.0],[-79.845535369830344,-6.777834029992432,0.0],[-79.845570658905729,-6.777838675980341,0.0],[-79.845605512314577,-6.777843264608063,0.0],[-79.845674122775179,-6.77785229751502,0.0],[-79.845717278778451,-6.777857979211558,0.0],[-79.8457669125373,-6.777859740422793,0.0],[-79.845813803956247,-6.777861314627096,0.0],[-79.845858248902303,-6.777862806696035,0.0],[-79.845903601441577,-6.777864329229751,0.0],[-79.845951079951774,-6.777865923130097,0.0],[-79.845993708328237,-6.777867354202722,0.0],[-79.84616068011951,-6.777872853619304,0.0],[-79.846340210639482,-6.777882521478933,0.0],[-79.846412383109836,-6.777888023253935,0.0],[-79.84646786569877,-6.777892252736379,0.0],[-79.84652064182184,-6.777896275896835,0.0],[-79.84657567333673,-6.77790047098131,0.0],[-79.846628900541589,-6.777904528516233,0.0],[-79.846684834216489,-6.777908792360369,0.0],[-79.846738332072007,-6.777912870515091,0.0],[-79.846792281007467,-6.777916983049789,0.0],[-79.846846861454168,-6.77792114371859,0.0],[-79.84690099082475,-6.777925269995789,0.0],[-79.846954488687899,-6.777929348127286,0.0],[-79.847009520218592,-6.777933543163842,0.0],[-79.84706395055305,-6.777928667358874,0.0],[-79.847116218092694,-6.777923985288594,0.0],[-79.847171639707938,-6.777919020673264,0.0],[-79.847225693520045,-6.777910390616737,0.0],[-79.847279300605521,-6.777901831876749,0.0],[-79.847336034769953,-6.777892773870109,0.0],[-79.847389641853539,-6.777884215117258,0.0],[-79.847443248936216,-6.777875656358162,0.0],[-79.847497034708226,-6.777867069063609,0.0],[-79.847550637214127,-6.77785851102242,0.0],[-79.847607818099334,-6.777849381659166,0.0],[-79.847658101857533,-6.777841353468698,0.0],[-79.847762312991165,-6.777811240811666,0.0],[-79.847945284524684,-6.77775836962853,0.0],[-79.847969204427386,-6.777760016243672,0.0],[-79.848105034538676,-6.777769303549596,0.0],[-79.848291698703662,-6.777782155927162,0.0],[-79.84847719048895,-6.77779492767384,0.0],[-79.848499815412907,-6.777796318717676,0.0],[-79.848696424593342,-6.777401393087553,0.0],[-79.845782791639891,-6.776840927680367,0.0],[-79.844156880136524,-6.776503350964642,0.0]]]]}},
{"type":"Feature","properties":{"Layer":"TG_HAB_URB","Color":2,"ESTADO":"INFORMAL O SIN DOCUMENTACION","COD_HAB_UR":"0137","ID_COD_URB":"1401010137","TIPO_HAB_U":"URB.","NOMB_HAB_U":"URB. ANA DE LOS ANGELES"},"geometry":{"type":"MultiPolygon","coordinates":[[[[-79.845095976692477,-6.780972658540604,0.0],[-79.845428290775729,-6.782277742296511,0.0],[-79.846131582189017,-6.782160928193209,0.0],[-79.8460841356912,-6.781698011763742,0.0],[-79.847341387633676,-6.781452193041464,0.0],[-79.847493227523955,-6.782852378629196,0.0],[-79.847929138292685,-6.782813134007694,0.0],[-79.847675249766112,-6.780567774513653,0.0],[-79.847635010295278,-6.780567028411904,0.0],[-79.847222922556284,-6.780559387479181,0.0],[-79.845575072647634,-6.780645641814668,0.0],[-79.845606933439186,-6.780844265653251,0.0],[-79.845468481379697,-6.780876920281647,0.0],[-79.84539248733067,-6.780894843848524,0.0],[-79.845322039290224,-6.780911459349973,0.0],[-79.845095976692477,-6.780972658540604,0.0]]]]}},
{"type":"Feature","properties":{"Layer":"TG_HAB_URB","Color":2,"ESTADO":"INFORMAL O SIN DOCUMENTACION","COD_HAB_UR":"0118","ID_COD_URB":"1401010118","TIPO_HAB_U":"FDO.","NOMB_HAB_U":"FDO. SAN JOSÉ"},"geometry":{"type":"MultiPolygon","coordinates":[[[[-79.848581137143654,-6.786656565914733,0.0],[-79.848915290288559,-6.787023161964315,0.0],[-79.849128747718069,-6.787215622124797,0.0],[-79.849266358478687,-6.787262968962002,0.0],[-79.849265724101414,-6.787062181938474,0.0],[-79.849259607348685,-6.786906864005657,0.0],[-79.849198954996368,-6.786570681467777,0.0],[-79.849127190154306,-6.786580345962111,0.0],[-79.849055492647182,-6.786590001380737,0.0],[-79.848983761471231,-6.786599661322291,0.0],[-79.848911895623317,-6.78660933938864,0.0],[-79.848840299116048,-6.786618981172082,0.0],[-79.848773677291234,-6.786627953013158,0.0],[-79.848581137143654,-6.786656565914733,0.0]]]]}},
{"type":"Feature","properties":{"Layer":"TG_HAB_URB","Color":2,"ESTADO":"INFORMAL O SIN DOCUMENTACION","COD_HAB_UR":"0118","ID_COD_URB":"1401010118","TIPO_HAB_U":"FDO.","NOMB_HAB_U":"FDO. SAN JOSÉ"},"geometry":{"type":"MultiPolygon","coordinates":[[[[-79.847989282716753,-6.785908198954407,0.0],[-79.848334692679131,-6.786376319154351,0.0],[-79.848584922637713,-6.786302582549887,0.0],[-79.848740983049211,-6.786256595310714,0.0],[-79.848783454214583,-6.786244080053357,0.0],[-79.848849114913548,-6.786224731422169,0.0],[-79.848887392056213,-6.786213452051533,0.0],[-79.848917915336756,-6.786208887589543,0.0],[-79.848990390352029,-6.786198049642289,0.0],[-79.849061976228427,-6.786187344645889,0.0],[-79.849133568035171,-6.786176638751336,0.0],[-79.849387585845705,-6.786153290727138,0.0],[-79.849538562837523,-6.786126252597367,0.0],[-79.849505945432057,-6.785902387922005,0.0],[-79.849465726243324,-6.7856278328871,0.0],[-79.849439095148867,-6.785566584514365,0.0],[-79.848276727291704,-6.785875114080953,0.0],[-79.848264799129197,-6.785823747067353,0.0],[-79.848192232721132,-6.785692360904274,0.0],[-79.848188442254042,-6.785686196910394,0.0],[-79.848151786086575,-6.785633463056712,0.0],[-79.848102222829766,-6.785562160942186,0.0],[-79.848058338707546,-6.785499028859328,0.0],[-79.848002580073612,-6.785418813974408,0.0],[-79.847987960986927,-6.785423598203311,0.0],[-79.847961296401138,-6.785312801796984,0.0],[-79.847942250273434,-6.785233661506849,0.0],[-79.847935254127862,-6.785204591184377,0.0],[-79.847926378503544,-6.785167711265109,0.0],[-79.847910506736525,-6.78510176102337,0.0],[-79.847894634972405,-6.785035810781682,0.0],[-79.847827779409556,-6.785044714156959,0.0],[-79.847764998916517,-6.785053074369654,0.0],[-79.847761175632556,-6.785024387434481,0.0],[-79.847677756618836,-6.784859478445517,0.0],[-79.847611183279469,-6.784821346495129,0.0],[-79.847572540327377,-6.784833701663392,0.0],[-79.847520255822275,-6.78485455681153,0.0],[-79.847330901786577,-6.78493008593825,0.0],[-79.847989282716753,-6.785908198954407,0.0]]]]}},
{"type":"Feature","properties":{"Layer":"TG_HAB_URB","Color":2,"ESTADO":"INFORMAL O SIN DOCUMENTACION","COD_HAB_UR":"0333","ID_COD_URB":"1401010333","TIPO_HAB_U":"URB.","NOMB_HAB_U":"URB. EL MOLINO"},"geometry":{"type":"MultiPolygon","coordinates":[[[[-79.856624131856179,-6.782682650888796,0.0],[-79.856731739792338,-6.782733157180684,0.0],[-79.856798588448285,-6.782809889914559,0.0],[-79.856913322207376,-6.782884342329704,0.0],[-79.857032916559305,-6.78292769744964,0.0],[-79.857098632237481,-6.782956175319311,0.0],[-79.857135397309492,-6.782958177491552,0.0],[-79.857135539214809,-6.782897975025516,0.0],[-79.857148081058412,-6.782865501631142,0.0],[-79.857251047789916,-6.782906683991111,0.0],[-79.857359579255331,-6.782925108637007,0.0],[-79.857403618615507,-6.78293258433588,0.0],[-79.857415668323569,-6.78293462958495,0.0],[-79.857448617576054,-6.782940223278731,0.0],[-79.857470856582168,-6.782943998270604,0.0],[-79.857510643321575,-6.782950752161848,0.0],[-79.857517608330326,-6.782951934369338,0.0],[-79.857580219246614,-6.782962562300126,0.0],[-79.857614497005216,-6.782969962541803,0.0],[-79.857652680836537,-6.782978477188763,0.0],[-79.85767212362552,-6.782982813570303,0.0],[-79.857727011078666,-6.782995053081512,0.0],[-79.857782997279585,-6.783007537560256,0.0],[-79.857802360493167,-6.783011855661061,0.0],[-79.857845572329865,-6.783021491863402,0.0],[-79.857959091131249,-6.783046806303176,0.0],[-79.858153914783571,-6.783084291211457,0.0],[-79.858189610930239,-6.783089918454823,0.0],[-79.85823144200117,-6.783096512495052,0.0],[-79.858276324707035,-6.783103587632998,0.0],[-79.858357154101711,-6.783116329478575,0.0],[-79.858504478189261,-6.783139553609591,0.0],[-79.858534415064014,-6.783144272845184,0.0],[-79.858550337131618,-6.783083611072287,0.0],[-79.856523289124837,-6.782284645189974,0.0],[-79.856442216896454,-6.782252827169632,0.0],[-79.856366709198099,-6.782607052699217,0.0],[-79.856624131856179,-6.782682650888796,0.0]]]]}},
{"type":"Feature","properties":{"Layer":"TG_HAB_URB","Color":2,"ESTADO":"INFORMAL O SIN DOCUMENTACION","COD_HAB_UR":"0089","ID_COD_URB":"1401010089","TIPO_HAB_U":"FDO.","NOMB_HAB_U":"FDO. LURIN"},"geometry":{"type":"MultiPolygon","coordinates":[[[[-79.856523289124596,-6.782284645189872,0.0],[-79.858550337131618,-6.783083611072287,0.0],[-79.859627974371392,-6.783522907275587,0.0],[-79.859711665490821,-6.783305681871939,0.0],[-79.859783892657546,-6.783307884065779,0.0],[-79.859834407750185,-6.783309424255878,0.0],[-79.85987752303906,-6.783310738824015,0.0],[-79.859905398383177,-6.783311588730205,0.0],[-79.859915969183717,-6.783311911028551,0.0],[-79.859969952563205,-6.783317347989128,0.0],[-79.859900408066522,-6.783633963733405,0.0],[-79.860206008642379,-6.783758540302827,0.0],[-79.860217950927591,-6.782959708132722,0.0],[-79.859911730642736,-6.782811234239186,0.0],[-79.85815836451988,-6.781961092446046,0.0],[-79.857627793266502,-6.781703836530512,0.0],[-79.856868564751466,-6.781308930422234,0.0],[-79.856830706553211,-6.781551178566589,0.0],[-79.856810834652705,-6.78167833531147,0.0],[-79.856802590822582,-6.781731086078397,0.0],[-79.856795431825034,-6.781776895184652,0.0],[-79.856782500471823,-6.781859640496864,0.0],[-79.856776442511006,-6.781898404240634,0.0],[-79.856768724704807,-6.781947789006322,0.0],[-79.85676178256368,-6.781992210426131,0.0],[-79.856753706098999,-6.78204389014715,0.0],[-79.85670305501084,-6.782029069336325,0.0],[-79.856654495574404,-6.782014774483807,0.0],[-79.856608457409592,-6.782001303431599,0.0],[-79.856572943166299,-6.781990911740665,0.0],[-79.856523289124596,-6.782284645189872,0.0]]]]}},
{"type":"Feature","properties":{"Layer":"TG_HAB_URB","Color":2,"ESTADO":"INFORMAL O SIN DOCUMENTACION","COD_HAB_UR":"0334","ID_COD_URB":"1401010334","TIPO_HAB_U":"H.U.","NOMB_HAB_U":"H.U. SIN DENOMINACION 034"},"geometry":{"type":"MultiPolygon","coordinates":[[[[-79.854777039318037,-6.780983782923702,0.0],[-79.855102183236596,-6.781108624056881,0.0],[-79.855060390350758,-6.781226352255266,0.0],[-79.855302521262075,-6.781331979821622,0.0],[-79.855932375302004,-6.781777780079692,0.0],[-79.855919149735527,-6.781802892026167,0.0],[-79.855916482697623,-6.781807956044213,0.0],[-79.855995416328568,-6.781855941745615,0.0],[-79.855976324378659,-6.781902393389905,0.0],[-79.856012430687798,-6.781916997972711,0.0],[-79.855939864617326,-6.782054782217521,0.0],[-79.856442216896454,-6.782252827169632,0.0],[-79.856523289124596,-6.782284645189872,0.0],[-79.856572943166299,-6.781990911740665,0.0],[-79.856608457409592,-6.782001303431599,0.0],[-79.856654495574404,-6.782014774483807,0.0],[-79.85670305501084,-6.782029069336325,0.0],[-79.856753706098999,-6.78204389014715,0.0],[-79.85676178256368,-6.781992210426131,0.0],[-79.856768724704807,-6.781947789006322,0.0],[-79.856776442511006,-6.781898404240634,0.0],[-79.856782500471823,-6.781859640496864,0.0],[-79.856795431825034,-6.781776895184652,0.0],[-79.856802590822582,-6.781731086078397,0.0],[-79.856810834652705,-6.78167833531147,0.0],[-79.856830706553211,-6.781551178566589,0.0],[-79.856868564751466,-6.781308930422234,0.0],[-79.856132269081726,-6.780925951004645,0.0],[-79.855307072088934,-6.780531462627053,0.0],[-79.854200980963228,-6.780002688802879,0.0],[-79.854150820219346,-6.780131936937333,0.0],[-79.854320129225258,-6.780425089279426,0.0],[-79.85435800174352,-6.780495377456424,0.0],[-79.85443706081297,-6.780555058782765,0.0],[-79.854506800370828,-6.780607704831978,0.0],[-79.854623782654869,-6.780696014138887,0.0],[-79.854606804368203,-6.780739967804224,0.0],[-79.85481314236992,-6.780838206105394,0.0],[-79.85480389084934,-6.780875510634555,0.0],[-79.854787924663214,-6.780939890416856,0.0],[-79.854777039318037,-6.780983782923702,0.0]]]]}},
{"type":"Feature","properties":{"Layer":"TG_HAB_URB","Color":2,"ESTADO":"INFORMAL O SIN DOCUMENTACION","COD_HAB_UR":"0457","ID_COD_URB":"1401010457","TIPO_HAB_U":"H.U.","NOMB_HAB_U":"H.U. SIN DENOMINACION 025"},"geometry":{"type":"MultiPolygon","coordinates":[[[[-79.860501180344727,-6.793598593200092,0.0],[-79.860540285625646,-6.793626174392575,0.0],[-79.86056939300903,-6.793653641626612,0.0],[-79.860608706037326,-6.793687914270789,0.0],[-79.860660845136522,-6.793725111248753,0.0],[-79.860699274390058,-6.793754679681541,0.0],[-79.860740369535336,-6.793792574225585,0.0],[-79.860782754935315,-6.793821247527013,0.0],[-79.860825002536671,-6.793845038392282,0.0],[-79.86086769179866,-6.793871090461783,0.0],[-79.86081699337096,-6.794016283871534,0.0],[-79.860601295498157,-6.793964230401794,0.0],[-79.860548202342216,-6.793952558684233,0.0],[-79.860411643776942,-6.793936700296779,0.0],[-79.860332677720251,-6.793929557674917,0.0],[-79.860055179039264,-6.793896137345076,0.0],[-79.859972742066034,-6.793885570471144,0.0],[-79.859695757820958,-6.793849667592153,0.0],[-79.859608424641408,-6.793837305600841,0.0],[-79.859332672605277,-6.793802653535255,0.0],[-79.859244808069647,-6.793791553717255,0.0],[-79.858965524922311,-6.793765994402862,0.0],[-79.858877568013838,-6.793759930162008,0.0],[-79.858596241515869,-6.79373068570804,0.0],[-79.858510564055635,-6.7937195456928,0.0],[-79.85801931443936,-6.79366745361876,0.0],[-79.858018846788497,-6.793793334058918,0.0],[-79.85801985899387,-6.793842532954683,0.0],[-79.858038773491103,-6.793911817864841,0.0],[-79.858054121906562,-6.793965472177206,0.0],[-79.858065055937928,-6.79401597771778,0.0],[-79.8580755932757,-6.794079687882703,0.0],[-79.858088001564184,-6.794145017766905,0.0],[-79.858104695080343,-6.794199209767069,0.0],[-79.858117896986428,-6.794257212938413,0.0],[-79.858129954349494,-6.794325170264622,0.0],[-79.858142563111159,-6.794387602832878,0.0],[-79.858152641517933,-6.794448330015928,0.0],[-79.858160767523842,-6.794545416046646,0.0],[-79.858155197018178,-6.794591643628748,0.0],[-79.858152343222571,-6.794645728957344,0.0],[-79.858376554682977,-6.794739002056954,0.0],[-79.859038795511296,-6.795044472910104,0.0],[-79.860150191201967,-6.795536447989967,0.0],[-79.861489080068623,-6.796136782664115,0.0],[-79.861491913644102,-6.796126915669394,0.0],[-79.861508111779131,-6.796133793041995,0.0],[-79.861529130788711,-6.796129512947655,0.0],[-79.861570363743411,-6.796148933910056,0.0],[-79.861570384340709,-6.796162870311434,0.0],[-79.861750838036897,-6.796243374446368,0.0],[-79.862057701634285,-6.796380212205499,0.0],[-79.86220718303521,-6.796445569291618,0.0],[-79.862311553288833,-6.796246413073241,0.0],[-79.862314570040056,-6.796221359318735,0.0],[-79.862346320725976,-6.796171049935146,0.0],[-79.862360421069184,-6.796164260943645,0.0],[-79.862485907353076,-6.795994162942591,0.0],[-79.862807844671238,-6.795537803697527,0.0],[-79.863360639630969,-6.794674982187571,0.0],[-79.863508655454964,-6.794438535360128,0.0],[-79.86381693993107,-6.793935596212572,0.0],[-79.86435069940714,-6.793066948595635,0.0],[-79.864916954906988,-6.792121107336605,0.0],[-79.864851118494997,-6.791781478170304,0.0],[-79.864269028943795,-6.791795084502002,0.0],[-79.864145397893168,-6.791788971470562,0.0],[-79.864104222543304,-6.79178693551705,0.0],[-79.864115885559016,-6.791918695806042,0.0],[-79.864105881686712,-6.791956596068024,0.0],[-79.864088117823329,-6.79198279579013,0.0],[-79.86405335218339,-6.792013639521481,0.0],[-79.864018097372153,-6.792030375861186,0.0],[-79.863980625722164,-6.792037974114013,0.0],[-79.863927636289759,-6.7920451742866,0.0],[-79.863873600848351,-6.79205300497324,0.0],[-79.863818444576708,-6.792061556422571,0.0],[-79.863769109912425,-6.792069217268988,0.0],[-79.86370970475717,-6.79207613109995,0.0],[-79.863685305558093,-6.792076978134396,0.0],[-79.863651372405315,-6.792078164767521,0.0],[-79.863599163893653,-6.792078584998265,0.0],[-79.863544960566699,-6.792080809405632,0.0],[-79.863489843094783,-6.792087011155621,0.0],[-79.863440966864829,-6.792094041524197,0.0],[-79.863386956922383,-6.792106817681885,0.0],[-79.863331963400555,-6.792121461421384,0.0],[-79.863278105008106,-6.792130922047677,0.0],[-79.863229137019587,-6.792138494836442,0.0],[-79.863166780892158,-6.792144770010366,0.0],[-79.863141086984243,-6.792143624417313,0.0],[-79.863131996644057,-6.792084543809359,0.0],[-79.863124864809336,-6.792039124689825,0.0],[-79.863117378273557,-6.791990629676011,0.0],[-79.86310882126277,-6.791935620254582,0.0],[-79.863101870603373,-6.79189011111717,0.0],[-79.863095097295414,-6.791846139926946,0.0],[-79.863087638580865,-6.791785796944969,0.0],[-79.863087387720114,-6.79173849466512,0.0],[-79.863090018216056,-6.791697168382999,0.0],[-79.863101902130282,-6.791645462862833,0.0],[-79.863104892845897,-6.791604860969288,0.0],[-79.863098657747955,-6.791562880787912,0.0],[-79.863096058427786,-6.791513854581195,0.0],[-79.86309690585432,-6.791461218739792,0.0],[-79.863095008504729,-6.79142150980929,0.0],[-79.863094753390726,-6.791376016378813,0.0],[-79.86309502756832,-6.791336312542271,0.0],[-79.863091864554903,-6.791296148427682,0.0],[-79.863087992562583,-6.791249651639505,0.0],[-79.863299527680738,-6.791253494203382,0.0],[-79.863364301422692,-6.791256115122689,0.0],[-79.863428006531748,-6.79125869279383,0.0],[-79.863491711642865,-6.791261270456692,0.0],[-79.863555416756057,-6.791263848111306,0.0],[-79.863624594404229,-6.791266647189247,0.0],[-79.863617738177837,-6.791215840970922,0.0],[-79.863613139647953,-6.791181764801989,0.0],[-79.863611870976328,-6.791170976136459,0.0],[-79.863610723691394,-6.79112398601838,0.0],[-79.863609470306898,-6.791111239879315,0.0],[-79.863599382976119,-6.791008658009472,0.0],[-79.86359729116171,-6.790987385559073,0.0],[-79.863595816290228,-6.790946460596429,0.0],[-79.863582796600284,-6.790846645687578,0.0],[-79.863572561672768,-6.790771226076425,0.0],[-79.863568639280047,-6.790743031775746,0.0],[-79.863564221808772,-6.7906976190209,0.0],[-79.863558172510309,-6.79065355908541,0.0],[-79.863553755114893,-6.790622565293017,0.0],[-79.863552649710286,-6.790614862739713,0.0],[-79.863552560873785,-6.790609468526621,0.0],[-79.863551990196797,-6.790577967949545,0.0],[-79.863545301074382,-6.790446760291421,0.0],[-79.863543519848491,-6.790411764219174,0.0],[-79.863317979389606,-6.790430625534417,0.0],[-79.863191682375174,-6.790450725196852,0.0],[-79.863030406644626,-6.790417292042346,0.0],[-79.863026989638115,-6.790366635718319,0.0],[-79.862912085333079,-6.790390834750028,0.0],[-79.862919165207217,-6.790511350264222,0.0],[-79.862907300044753,-6.790541978990047,0.0],[-79.862894161810999,-6.790544478763737,0.0],[-79.862839688015228,-6.790554844164405,0.0],[-79.862829476502057,-6.790556787108898,0.0],[-79.862822380378503,-6.790558137288094,0.0],[-79.862749504853014,-6.790572168367667,0.0],[-79.862731339188102,-6.790575665889658,0.0],[-79.862670788652267,-6.790593663524536,0.0],[-79.862592440527081,-6.79061695118156,0.0],[-79.862665309088442,-6.791211368623451,0.0],[-79.862675496040879,-6.79128545201401,0.0],[-79.862685262029402,-6.791385085064261,0.0],[-79.86269875886714,-6.791504821905495,0.0],[-79.862706700358743,-6.79158809098467,0.0],[-79.862706419626321,-6.791654418796244,0.0],[-79.862706695126221,-6.791718143495766,0.0],[-79.862705992537073,-6.791832432122376,0.0],[-79.862704962561367,-6.791920712167913,0.0],[-79.862704980235833,-6.792019501373396,0.0],[-79.862703109814717,-6.792075685640175,0.0],[-79.862749496910922,-6.792092991146015,0.0],[-79.862803514388318,-6.792116692717093,0.0],[-79.862858140737245,-6.792144190196743,0.0],[-79.862922022280998,-6.792172833969287,0.0],[-79.862941142094655,-6.79217910332703,0.0],[-79.863108982777419,-6.794250678103601,0.0],[-79.86298417245078,-6.794236910069153,0.0],[-79.862887963462597,-6.794236720623945,0.0],[-79.862657071572897,-6.794232535476731,0.0],[-79.862625567520652,-6.793760263549409,0.0],[-79.862550121813385,-6.792458873278989,0.0],[-79.862528170239827,-6.792109921654973,0.0],[-79.8625243590633,-6.792056266164578,0.0],[-79.862473965107483,-6.792058686181679,0.0],[-79.862397838111107,-6.792069449271829,0.0],[-79.862332244872377,-6.792074449632696,0.0],[-79.862273825751572,-6.792074493368273,0.0],[-79.862195179799571,-6.792077925534842,0.0],[-79.862116900678856,-6.79208389004868,0.0],[-79.862093020735969,-6.792085824048024,0.0],[-79.862070559222843,-6.7920876702806,0.0],[-79.862046455775129,-6.792089693869075,0.0],[-79.861968322736573,-6.79209692471293,0.0],[-79.861879142743561,-6.792106300284707,0.0],[-79.861808850459141,-6.792110746842891,0.0],[-79.861736476452236,-6.792111933856713,0.0],[-79.861661861652848,-6.792114470684727,0.0],[-79.861621724264026,-6.792113472159342,0.0],[-79.861557116678938,-6.792111693414964,0.0],[-79.861165565663597,-6.792162617966605,0.0],[-79.861157923127251,-6.792106574983798,0.0],[-79.861119206626796,-6.791820634550991,0.0],[-79.861103011383989,-6.791701027301862,0.0],[-79.861416412283091,-6.791696148104536,0.0],[-79.861414364831731,-6.791645298979088,0.0],[-79.861416581513396,-6.791591524491719,0.0],[-79.860650754346111,-6.791413234107214,0.0],[-79.860338368795965,-6.792339388554772,0.0],[-79.860022581493979,-6.793275623613328,0.0],[-79.860082481392666,-6.793310058612986,0.0],[-79.860113543964545,-6.793331019482453,0.0],[-79.860215147136842,-6.793400524210918,0.0],[-79.860255384615755,-6.793422591971598,0.0],[-79.860306544763091,-6.793463584373962,0.0],[-79.86036191625827,-6.79349020896806,0.0],[-79.860396416320043,-6.793508827297351,0.0],[-79.860435957973806,-6.793541291631231,0.0],[-79.860467073271323,-6.793571386437044,0.0],[-79.860501180344727,-6.793598593200092,0.0]]]]}},
{"type":"Feature","properties":{"Layer":"TG_HAB_URB","Color":2,"ESTADO":"INFORMAL O SIN DOCUMENTACION","COD_HAB_UR":"0460","ID_COD_URB":"1401010460","TIPO_HAB_U":"H.U.","NOMB_HAB_U":"H.U. SIN DENOMINACION 035"},"geometry":{"type":"MultiPolygon","coordinates":[[[[-79.810406718875711,-6.770147330796453,0.0],[-79.810403165201919,-6.770509944420821,0.0],[-79.810404453967749,-6.770630014528074,0.0],[-79.810393296899193,-6.771059498374907,0.0],[-79.811180837984097,-6.771123006883176,0.0],[-79.811491055835575,-6.771148022971472,0.0],[-79.811588426230415,-6.7692308295788,0.0],[-79.810992244910949,-6.769194479420986,0.0],[-79.810410465699007,-6.769144255515598,0.0],[-79.810406202903607,-6.769227707513535,0.0],[-79.810404004228644,-6.769589973231175,0.0],[-79.810407707713551,-6.769681177108528,0.0],[-79.810400487361264,-6.770043592788912,0.0],[-79.810406718875711,-6.770147330796453,0.0]]]]}},
{"type":"Feature","properties":{"Layer":"TG_HAB_URB","Color":2,"ESTADO":"INFORMAL O SIN DOCUMENTACION","COD_HAB_UR":"0233","ID_COD_URB":"1401010233","TIPO_HAB_U":"URB.","NOMB_HAB_U":"URB. CALIFORNIA"},"geometry":{"type":"MultiPolygon","coordinates":[[[[-79.803438679988403,-6.770005869636241,0.0],[-79.804248399578341,-6.771649686791616,0.0],[-79.804204867907103,-6.772548467892974,0.0],[-79.804022887957103,-6.772769405480629,0.0],[-79.806486239645409,-6.772943755979434,0.0],[-79.807015349906806,-6.772981203589359,0.0],[-79.807148802588529,-6.772990648569525,0.0],[-79.807085744764336,-6.772750432092371,0.0],[-79.807025955404313,-6.772522666559076,0.0],[-79.80640005043503,-6.77152283837333,0.0],[-79.80503756385761,-6.769209202072894,0.0],[-79.803438679988403,-6.770005869636241,0.0]]]]}},
{"type":"Feature","properties":{"Layer":"TG_HAB_URB","Color":2,"ESTADO":"INFORMAL O SIN DOCUMENTACION","COD_HAB_UR":"0463","ID_COD_URB":"1401010463","TIPO_HAB_U":"H.U.","NOMB_HAB_U":"H.U. SIN DENOMINACION 044"},"geometry":{"type":"MultiPolygon","coordinates":[[[[-79.80655843705145,-6.775094107171013,0.0],[-79.806730951342459,-6.776678725928302,0.0],[-79.806784258234231,-6.777156193202256,0.0],[-79.806847991870569,-6.777727052094779,0.0],[-79.807748396288133,-6.777599631881446,0.0],[-79.807716182205084,-6.77744423423599,0.0],[-79.80764345866649,-6.777093422752841,0.0],[-79.807573918931098,-6.776759518238585,0.0],[-79.807567596134319,-6.776729449970319,0.0],[-79.807602054090637,-6.776493763104552,0.0],[-79.807766962894178,-6.776206720493037,0.0],[-79.807773961915373,-6.775513788989139,0.0],[-79.808572016428485,-6.775269988144758,0.0],[-79.808438138291834,-6.774637707728441,0.0],[-79.808506559801614,-6.774542635810915,0.0],[-79.808065137358497,-6.774500737698142,0.0],[-79.808033226587327,-6.774497708835458,0.0],[-79.807992660704571,-6.774493858455779,0.0],[-79.807948025306231,-6.774489621807193,0.0],[-79.80785296621093,-6.774480599089621,0.0],[-79.807816875226862,-6.774477173439293,0.0],[-79.807699219891433,-6.774556377478044,0.0],[-79.807554301803265,-6.774540825196534,0.0],[-79.807524428973451,-6.774537619306588,0.0],[-79.807449461453331,-6.774518552392617,0.0],[-79.807431781765573,-6.774464947251283,0.0],[-79.807423373740789,-6.774389742852386,0.0],[-79.807413416421511,-6.774281314917872,0.0],[-79.807392995140447,-6.774199690842379,0.0],[-79.807376646125306,-6.774118951085076,0.0],[-79.807352766941136,-6.774001023492746,0.0],[-79.807352690976302,-6.773999388345413,0.0],[-79.807350361429968,-6.773949244736941,0.0],[-79.807336012766029,-6.773893065064194,0.0],[-79.807176330467357,-6.773186239500477,0.0],[-79.807148802588529,-6.772990648569525,0.0],[-79.807015349906806,-6.772981203589359,0.0],[-79.807026417853635,-6.773192890044727,0.0],[-79.807071858983463,-6.77344207178287,0.0],[-79.807086963867675,-6.773614472463511,0.0],[-79.807163595519157,-6.774014116334769,0.0],[-79.807242908242387,-6.774485296087061,0.0],[-79.807184868420606,-6.774480048588906,0.0],[-79.807053761247047,-6.774468194897663,0.0],[-79.806959598577038,-6.774459681419341,0.0],[-79.806915445690862,-6.77445568944212,0.0],[-79.806860930393213,-6.774450760566833,0.0],[-79.806762262213937,-6.774441839694675,0.0],[-79.80666361259776,-6.774432920480804,0.0],[-79.80659287906164,-6.774426525232862,0.0],[-79.806505025330154,-6.774418582078328,0.0],[-79.806409963124338,-6.774409987163182,0.0],[-79.806075789093612,-6.774380477302657,0.0],[-79.805967737170775,-6.774369897834596,0.0],[-79.80604940096103,-6.775054005487249,0.0],[-79.80655843705145,-6.775094107171013,0.0]]]]}},
{"type":"Feature","properties":{"Layer":"TG_HAB_URB","Color":2,"ESTADO":"INFORMAL O SIN DOCUMENTACION","COD_HAB_UR":"0271","ID_COD_URB":"1401010271","TIPO_HAB_U":"UPIS","NOMB_HAB_U":"UPIS SANTA TERESITA"},"geometry":{"type":"MultiPolygon","coordinates":[[[[-79.860439144483223,-6.785987964073168,0.0],[-79.860504281895388,-6.786773084861477,0.0],[-79.860790280761506,-6.786765257756347,0.0],[-79.860782439004012,-6.786980117985253,0.0],[-79.861089060142362,-6.788539578627245,0.0],[-79.861264698966536,-6.788558414452586,0.0],[-79.861775087109137,-6.788576387520444,0.0],[-79.861654627324583,-6.788423190554543,0.0],[-79.861502356586698,-6.788131944682168,0.0],[-79.861444860819503,-6.787811095840145,0.0],[-79.861441254042873,-6.787720461925492,0.0],[-79.861412937893135,-6.787569302921547,0.0],[-79.861404052463442,-6.787506481517438,0.0],[-79.861395167034686,-6.787443660113389,0.0],[-79.861386281606926,-6.787380838709405,0.0],[-79.861377396180146,-6.787318017305481,0.0],[-79.861368510754318,-6.787255195901621,0.0],[-79.86135962532947,-6.787192374497823,0.0],[-79.861350739905575,-6.787129553094089,0.0],[-79.861341854482674,-6.787066731690415,0.0],[-79.861322930578027,-6.787006007110126,0.0],[-79.861303515395861,-6.786945385147802,0.0],[-79.861274373023377,-6.786846952691092,0.0],[-79.861520154158612,-6.786808205285186,0.0],[-79.861898470176115,-6.786771727478135,0.0],[-79.861913030557147,-6.786622754111213,0.0],[-79.8618144356344,-6.78612962659752,0.0],[-79.861788578843957,-6.785598812086376,0.0],[-79.861602386290755,-6.785637376309411,0.0],[-79.86153678256089,-6.785352165962318,0.0],[-79.861575921809461,-6.78534156836454,0.0],[-79.861577545498335,-6.784817317198437,0.0],[-79.861511868671144,-6.784633822474601,0.0],[-79.861503645230229,-6.784290562345128,0.0],[-79.861498661574359,-6.784219456345676,0.0],[-79.861488997680766,-6.784081573479493,0.0],[-79.86149892607024,-6.783654623747878,0.0],[-79.860858158749608,-6.783307014803943,0.0],[-79.860855697878321,-6.783833282051091,0.0],[-79.860861600511683,-6.784032476801229,0.0],[-79.860858723049546,-6.784161453675638,0.0],[-79.860856497988976,-6.784213170030942,0.0],[-79.860855836404085,-6.784267414441053,0.0],[-79.860855174818013,-6.784321658851071,0.0],[-79.860854513230791,-6.784375903260861,0.0],[-79.860853851642403,-6.784430147670436,0.0],[-79.86085319005285,-6.784484392079936,0.0],[-79.860850573524147,-6.784538614295683,0.0],[-79.860844521854162,-6.784672701532029,0.0],[-79.860844717115683,-6.784729147840306,0.0],[-79.860844237626011,-6.784783410681921,0.0],[-79.860843757228295,-6.784837674425699,0.0],[-79.860843277734261,-6.784891938171465,0.0],[-79.860842797336431,-6.784946201010543,0.0],[-79.860842316935361,-6.78500046475391,0.0],[-79.860833875682715,-6.785050148242739,0.0],[-79.860812040910233,-6.785153807002725,0.0],[-79.860784988771854,-6.785282229450371,0.0],[-79.860728926730417,-6.785474126408933,0.0],[-79.860748633822013,-6.785540358822924,0.0],[-79.860722389134494,-6.785692224191096,0.0],[-79.860713798230648,-6.7858290661428,0.0],[-79.860705207315505,-6.785965908092788,0.0],[-79.860439144483223,-6.785987964073168,0.0]]]]}},
{"type":"Feature","properties":{"Layer":"TG_HAB_URB","Color":2,"ESTADO":"INFORMAL O SIN DOCUMENTACION","COD_HAB_UR":"0243","ID_COD_URB":"1401010243","TIPO_HAB_U":"H.U.","NOMB_HAB_U":"H.U. SIN DENOMINACION 007"},"geometry":{"type":"MultiPolygon","coordinates":[[[[-79.811180837984097,-6.771123006883176,0.0],[-79.811005848953442,-6.773280308507064,0.0],[-79.811796183358894,-6.773339657977523,0.0],[-79.81150909275577,-6.774779515441693,0.0],[-79.811029031518316,-6.774736485741121,0.0],[-79.810881051838933,-6.774725593136811,0.0],[-79.810799843484432,-6.774719615469408,0.0],[-79.810718635134322,-6.774713637788741,0.0],[-79.81063742678856,-6.774707660094911,0.0],[-79.810556218447161,-6.774701682387796,0.0],[-79.810475010110096,-6.774695704667471,0.0],[-79.810464881183009,-6.774694959079358,0.0],[-79.810393801777423,-6.774689726933931,0.0],[-79.810312593449098,-6.774683749187125,0.0],[-79.810231385125135,-6.774677771427107,0.0],[-79.810083918758579,-6.774666916365443,0.0],[-79.810075923033679,-6.775004707509423,0.0],[-79.810073563733539,-6.77510437918704,0.0],[-79.81004382687226,-6.77636063473776,0.0],[-79.811038408046755,-6.776486333962995,0.0],[-79.811412998378202,-6.776535532974178,0.0],[-79.811467050255104,-6.776541302463896,0.0],[-79.811518375883864,-6.776546782194856,0.0],[-79.811574900743153,-6.776552816386944,0.0],[-79.811627682668586,-6.776558450707431,0.0],[-79.811934025021557,-6.77659913278573,0.0],[-79.812021474995504,-6.776609874986867,0.0],[-79.812042508981818,-6.776616033292783,0.0],[-79.812048183060313,-6.776534834077201,0.0],[-79.812051965776945,-6.776480701266456,0.0],[-79.812055748491701,-6.776426568455401,0.0],[-79.812058585211233,-6.776343190282291,0.0],[-79.812062367921499,-6.77628905747057,0.0],[-79.812066150629875,-6.776234924658589,0.0],[-79.812069933336346,-6.776180791846261,0.0],[-79.812073716040942,-6.776126659033674,0.0],[-79.812077498743633,-6.776072526220791,0.0],[-79.812074647448412,-6.775983346928934,0.0],[-79.812080289335455,-6.77591575089531,0.0],[-79.812085931219301,-6.775848154861145,0.0],[-79.812221175418728,-6.775859434258476,0.0],[-79.812275273102074,-6.775863946007169,0.0],[-79.812329370787481,-6.775868457750009,0.0],[-79.812383468474948,-6.775872969486999,0.0],[-79.812437566164448,-6.775877481218102,0.0],[-79.812491663856008,-6.775881992943387,0.0],[-79.812545761549615,-6.775886504662817,0.0],[-79.812599859245282,-6.775891016376399,0.0],[-79.812735103493381,-6.775902295634752,0.0],[-79.812820672023676,-6.775911446145955,0.0],[-79.812914547883395,-6.775920558485494,0.0],[-79.812970699530098,-6.775926009003403,0.0],[-79.813024731049197,-6.775931253718987,0.0],[-79.813078762570484,-6.775936498428796,0.0],[-79.813132794093988,-6.775941743132742,0.0],[-79.813186825619695,-6.775946987830949,0.0],[-79.813240857147605,-6.775952232523328,0.0],[-79.813294888677717,-6.775957477209847,0.0],[-79.813348920210046,-6.775962721890623,0.0],[-79.813402951744578,-6.775967966565538,0.0],[-79.813456983281313,-6.775973211234662,0.0],[-79.813515517448593,-6.775978892952994,0.0],[-79.81355988158208,-6.77598319922823,0.0],[-79.813646813210553,-6.77505232513947,0.0],[-79.812883129095013,-6.774989749244113,0.0],[-79.812096895457827,-6.774926595008406,0.0],[-79.812050037548602,-6.774898222347367,0.0],[-79.812079057726763,-6.774680237135768,0.0],[-79.812366711464065,-6.77338250048852,0.0],[-79.813732981040403,-6.773485094677322,0.0],[-79.813650309342194,-6.774988737605097,0.0],[-79.814533602676448,-6.775058075781067,0.0],[-79.814810446419443,-6.77137425105029,0.0],[-79.814725155803814,-6.771365495687514,0.0],[-79.81414854680915,-6.771306304479981,0.0],[-79.811993697163444,-6.771188555743819,0.0],[-79.811180837984097,-6.771123006883176,0.0]]]]}},
{"type":"Feature","properties":{"Layer":"TG_HAB_URB","Color":2,"ESTADO":"INFORMAL O SIN DOCUMENTACION","COD_HAB_UR":"0377","ID_COD_URB":"1401010377","TIPO_HAB_U":"URB.","NOMB_HAB_U":"URB. LA ESTANCIA DE CHICLAYO - I ETAPA"},"geometry":{"type":"MultiPolygon","coordinates":[[[[-79.816063811620552,-6.742707625225812,0.0],[-79.816240375116806,-6.745236692352752,0.0],[-79.816440107824974,-6.745220509282709,0.0],[-79.816912287567973,-6.745177971130135,0.0],[-79.817171092382296,-6.745153908030991,0.0],[-79.817516227314115,-6.745121190736018,0.0],[-79.817689244169216,-6.745106054046467,0.0],[-79.817761543064407,-6.745100802732905,0.0],[-79.817797686018451,-6.745098928366088,0.0],[-79.817700365925461,-6.743712699615401,0.0],[-79.817602008777769,-6.742311700936709,0.0],[-79.816063811620552,-6.742707625225812,0.0]]]]}},
{"type":"Feature","properties":{"Layer":"TG_HAB_URB","Color":2,"ESTADO":"INFORMAL O SIN DOCUMENTACION","COD_HAB_UR":"0378","ID_COD_URB":"1401010378","TIPO_HAB_U":"URB.","NOMB_HAB_U":"URB. LA ESTANCIA DE CHICLAYO - II ETAPA"},"geometry":{"type":"MultiPolygon","coordinates":[[[[-79.816063811620552,-6.742707625225812,0.0],[-79.814874227220812,-6.742954478567982,0.0],[-79.813689211962242,-6.743240216370537,0.0],[-79.813713317897836,-6.743250308766286,0.0],[-79.813807386744642,-6.743295848671138,0.0],[-79.813837836133814,-6.743311930848184,0.0],[-79.813902426805328,-6.743351249059526,0.0],[-79.813914872489121,-6.743367377918327,0.0],[-79.813961686738523,-6.743462093644314,0.0],[-79.814021346261356,-6.743594645190511,0.0],[-79.81408363053788,-6.743726750904624,0.0],[-79.814800142651563,-6.745295755137132,0.0],[-79.81518593508045,-6.745285386951359,0.0],[-79.815243390257294,-6.745282813223558,0.0],[-79.815319940363096,-6.745277934371074,0.0],[-79.815358305446949,-6.745275676042183,0.0],[-79.815452224516747,-6.745271381991349,0.0],[-79.815640239207568,-6.745264603096809,0.0],[-79.815890863256499,-6.745256348133625,0.0],[-79.816016178360826,-6.745250954426877,0.0],[-79.816141316480198,-6.745243932307379,0.0],[-79.816203842171944,-6.745239652375655,0.0],[-79.816240375116806,-6.745236692352752,0.0],[-79.816063811620552,-6.742707625225812,0.0]]]]}},
{"type":"Feature","properties":{"Layer":"TG_HAB_URB","Color":2,"ESTADO":"INFORMAL O SIN DOCUMENTACION","COD_HAB_UR":"0379","ID_COD_URB":"1401010379","TIPO_HAB_U":"URB.","NOMB_HAB_U":"URB. LA ESTANCIA DE CHICLAYO - III ETAPA"},"geometry":{"type":"MultiPolygon","coordinates":[[[[-79.818855096278895,-6.742169687311007,0.0],[-79.818946988215004,-6.742164239953736,0.0],[-79.81901120163738,-6.74207467351355,0.0],[-79.819043610473216,-6.741987815630702,0.0],[-79.8190930599431,-6.741907528870568,0.0],[-79.81914258765994,-6.741707471178234,0.0],[-79.819205870908448,-6.741600028490602,0.0],[-79.819272453696954,-6.741515631822776,0.0],[-79.819442783260328,-6.741308490775652,0.0],[-79.819534479588512,-6.741278578148743,0.0],[-79.819756968356344,-6.741046859398277,0.0],[-79.819696846532352,-6.741010617230353,0.0],[-79.81966862028284,-6.740867589398078,0.0],[-79.819607341704497,-6.74060340446698,0.0],[-79.819616520968793,-6.740540130946282,0.0],[-79.819596922746555,-6.740376959065172,0.0],[-79.819617933712735,-6.740305854248549,0.0],[-79.81963726360479,-6.740209116627931,0.0],[-79.819743597214753,-6.740030413389979,0.0],[-79.819980176727043,-6.73977039301933,0.0],[-79.820101334649365,-6.739587022061181,0.0],[-79.820057958368366,-6.739508778060166,0.0],[-79.818549380262311,-6.739761893311776,0.0],[-79.818686395081698,-6.741470518639483,0.0],[-79.818855096278895,-6.742169687311007,0.0]]]]}},
{"type":"Feature","properties":{"Layer":"TG_HAB_URB","Color":2,"ESTADO":"INFORMAL O SIN DOCUMENTACION","COD_HAB_UR":"0430","ID_COD_URB":"1401010430","TIPO_HAB_U":"P.J.","NOMB_HAB_U":"P.J. FANNY ABANTO CALLE (AMPLIACIÓN INFORMAL)"},"geometry":{"type":"MultiPolygon","coordinates":[[[[-79.815083834185344,-6.76614618899528,0.0],[-79.815058341688385,-6.766453738967223,0.0],[-79.815028081981168,-6.766892435833983,0.0],[-79.81501208962456,-6.767204223940165,0.0],[-79.816488555725456,-6.767280989974291,0.0],[-79.81650474801414,-6.767134786062091,0.0],[-79.816509612723152,-6.767090795314237,0.0],[-79.816527141707013,-6.766932466785843,0.0],[-79.81654509477751,-6.766769936609657,0.0],[-79.816572107224346,-6.765742212572569,0.0],[-79.816028183158039,-6.76569101792759,0.0],[-79.816025438132343,-6.765457779139155,0.0],[-79.816015220533984,-6.765187410275525,0.0],[-79.815962497640029,-6.765186391853031,0.0],[-79.815907782604654,-6.76518484575085,0.0],[-79.815853721747672,-6.765182205472936,0.0],[-79.815798891080846,-6.765179527592153,0.0],[-79.815797633909213,-6.764979203940626,0.0],[-79.815700641928203,-6.764976789383465,0.0],[-79.81569358970043,-6.764714047893608,0.0],[-79.815744847132692,-6.764715701208845,0.0],[-79.81574257716693,-6.764500769542035,0.0],[-79.815797310804157,-6.764501358759313,0.0],[-79.815842540829394,-6.764502154791193,0.0],[-79.815897709795451,-6.764503647956393,0.0],[-79.815951541678686,-6.764503791046439,0.0],[-79.815950101901791,-6.764226139804688,0.0],[-79.815945579928169,-6.764226014844175,0.0],[-79.815933138712296,-6.763751697495051,0.0],[-79.815838771668624,-6.763748198283485,0.0],[-79.815863539310058,-6.763467492611869,0.0],[-79.815885574709213,-6.763217752438197,0.0],[-79.8155583292816,-6.763192105421139,0.0],[-79.815575405969739,-6.762962770244528,0.0],[-79.815589016544308,-6.762779983670654,0.0],[-79.815603776186194,-6.762673095099765,0.0],[-79.815613460805693,-6.762518274754306,0.0],[-79.815666032100609,-6.762521398937039,0.0],[-79.815653640689419,-6.762706307351045,0.0],[-79.815817635048646,-6.762725832902126,0.0],[-79.815866811511128,-6.762731687463992,0.0],[-79.815918301628756,-6.762737818070909,0.0],[-79.815916974149957,-6.762748982959925,0.0],[-79.816116642997869,-6.762773662822176,0.0],[-79.816117408859284,-6.762762265522602,0.0],[-79.816129544104015,-6.762581672607468,0.0],[-79.816124126240183,-6.762581342812928,0.0],[-79.816074752148424,-6.762578337325611,0.0],[-79.8160282222332,-6.762575504963718,0.0],[-79.816042559812587,-6.762377232275921,0.0],[-79.815944409080217,-6.762367152505885,0.0],[-79.815927863816995,-6.762520069642998,0.0],[-79.815880164687087,-6.762517982865971,0.0],[-79.815830762951833,-6.762511390661681,0.0],[-79.815832258239155,-6.762486968729025,0.0],[-79.815850531228932,-6.762370308214276,0.0],[-79.81585420024534,-6.762322908814062,0.0],[-79.816045334145898,-6.762340954360015,0.0],[-79.816058943375666,-6.762079961676269,0.0],[-79.816122361937019,-6.762084899089237,0.0],[-79.816156467257855,-6.761809718301582,0.0],[-79.816006208135107,-6.761800121429637,0.0],[-79.815948568072585,-6.761796439517953,0.0],[-79.815894578063705,-6.76179299077472,0.0],[-79.815840001875543,-6.761789505327258,0.0],[-79.815638613242484,-6.761776642310561,0.0],[-79.815458605309232,-6.761783138578672,0.0],[-79.815430244395614,-6.761922955763453,0.0],[-79.815386376414438,-6.762311262880046,0.0],[-79.815375768031799,-6.762496662212586,0.0],[-79.81535563951013,-6.762898164355121,0.0],[-79.815316304086537,-6.763303043022046,0.0],[-79.815274974392466,-6.763672624237115,0.0],[-79.815261766321584,-6.763856736657813,0.0],[-79.815252664703948,-6.764098919754965,0.0],[-79.815228344721646,-6.764478226243654,0.0],[-79.815201790334015,-6.764896709375488,0.0],[-79.815168606806992,-6.765401220874458,0.0],[-79.815114811610059,-6.765658940137169,0.0],[-79.815083834185344,-6.76614618899528,0.0]]]]}},
{"type":"Feature","properties":{"Layer":"TG_HAB_URB","Color":2,"ESTADO":"INFORMAL O SIN DOCUMENTACION","COD_HAB_UR":"0155","ID_COD_URB":"1401010155","TIPO_HAB_U":"P.J.","NOMB_HAB_U":"P.J. PUENTE BLANCO (AMPLIACIÓN INFORMAL)"},"geometry":{"type":"MultiPolygon","coordinates":[[[[-79.823643925867643,-6.766221717660001,0.0],[-79.824088496967974,-6.766679103599412,0.0],[-79.824160807351461,-6.766596569130665,0.0],[-79.824138727163913,-6.766345448540912,0.0],[-79.824128371506561,-6.766127451987305,0.0],[-79.824073096157662,-6.766125243433828,0.0],[-79.824072953821656,-6.766123628782807,0.0],[-79.823643925867643,-6.766221717660001,0.0]]]]}},
{"type":"Feature","properties":{"Layer":"TG_HAB_URB","Color":2,"ESTADO":"INFORMAL O SIN DOCUMENTACION","COD_HAB_UR":"0396","ID_COD_URB":"1401010396","TIPO_HAB_U":"H.U.","NOMB_HAB_U":"H.U. RESIDENCIAL LA FLORESTA - IV ETAPA"},"geometry":{"type":"MultiPolygon","coordinates":[[[[-79.805619173586095,-6.746544027075019,0.0],[-79.806190463918355,-6.746986220038599,0.0],[-79.805546253431999,-6.747817964888585,0.0],[-79.807180642504306,-6.749083017458464,0.0],[-79.807118608505036,-6.749163109813886,0.0],[-79.80722771220141,-6.749247558064174,0.0],[-79.807634708353149,-6.748859459969935,0.0],[-79.807686698350906,-6.748806538139719,0.0],[-79.807752419676646,-6.748707208788447,0.0],[-79.807801182127903,-6.748513592444587,0.0],[-79.807936801925806,-6.748076276738944,0.0],[-79.807945477096936,-6.748058745899494,0.0],[-79.807929228291826,-6.747923475395761,0.0],[-79.807922756471186,-6.747869597801331,0.0],[-79.807916284645657,-6.747815720162817,0.0],[-79.807909812820512,-6.74776184252437,0.0],[-79.807903340995765,-6.747707964885954,0.0],[-79.807896869171429,-6.747654087247625,0.0],[-79.807890397347478,-6.747600209609343,0.0],[-79.807883925523925,-6.747546331971058,0.0],[-79.807877453700783,-6.747492454332858,0.0],[-79.80787098187804,-6.747438576694706,0.0],[-79.807864510055694,-6.747384699056606,0.0],[-79.807858038233746,-6.747330821418553,0.0],[-79.807851566412197,-6.747276943780549,0.0],[-79.807845094591045,-6.747223066142612,0.0],[-79.807838622770291,-6.747169188504693,0.0],[-79.80783215094992,-6.747115310866805,0.0],[-79.807825679129976,-6.747061433228965,0.0],[-79.807819207310416,-6.747007555591209,0.0],[-79.807812735491254,-6.746953677953486,0.0],[-79.807806263672504,-6.746899800315797,0.0],[-79.807799791854137,-6.746845922678173,0.0],[-79.807798357267785,-6.746833979801821,0.0],[-79.807709257492832,-6.746092227278197,0.0],[-79.807540897150375,-6.74611243772413,0.0],[-79.807406159527005,-6.746128611960942,0.0],[-79.80739845811128,-6.746064497575269,0.0],[-79.807390907704274,-6.746001640334489,0.0],[-79.807374135016346,-6.745862007464186,0.0],[-79.807363424227319,-6.745772839978685,0.0],[-79.807345411120352,-6.745622880562286,0.0],[-79.807284779253678,-6.745630158959683,0.0],[-79.807230884260662,-6.745636628639632,0.0],[-79.807176989267248,-6.745643098313423,0.0],[-79.807123094273436,-6.745649567980954,0.0],[-79.807069199279212,-6.745656037642309,0.0],[-79.807015304284619,-6.745662507297457,0.0],[-79.806961409289613,-6.745668976946395,0.0],[-79.80690751429421,-6.745675446589091,0.0],[-79.806799724302209,-6.745688385855924,0.0],[-79.806745829305598,-6.74569485548001,0.0],[-79.806691934308617,-6.745701325097888,0.0],[-79.806638039311224,-6.745707794709572,0.0],[-79.806584144313433,-6.745714264315032,0.0],[-79.806530249315244,-6.745720733914282,0.0],[-79.806476354316658,-6.745727203507356,0.0],[-79.80649278158802,-6.745863962889671,0.0],[-79.806465834080811,-6.745867197683452,0.0],[-79.806482660433545,-6.746007279519479,0.0],[-79.80648913210841,-6.746061157148845,0.0],[-79.806495603783645,-6.746115034778212,0.0],[-79.806502075459292,-6.746168912407661,0.0],[-79.806508547135337,-6.746222790037145,0.0],[-79.806373809496748,-6.746238963977247,0.0],[-79.806372946608619,-6.746231780293416,0.0],[-79.806143892620781,-6.746259275902741,0.0],[-79.805914838625753,-6.74628677139991,0.0],[-79.805913544304005,-6.746275995874737,0.0],[-79.805796771678985,-6.74629001314397,0.0],[-79.805798648441694,-6.746305637655266,0.0],[-79.805593497155868,-6.746330263738352,0.0],[-79.805619173586095,-6.746544027075019,0.0]]]]}},
{"type":"Feature","properties":{"Layer":"TG_HAB_URB","Color":2,"ESTADO":"INFORMAL O SIN DOCUMENTACION","COD_HAB_UR":"0395","ID_COD_URB":"1401010395","TIPO_HAB_U":"H.U.","NOMB_HAB_U":"H.U. RESIDENCIAL LA FLORESTA - III ETAPA"},"geometry":{"type":"MultiPolygon","coordinates":[[[[-79.807709257492832,-6.746092227278197,0.0],[-79.807798357267785,-6.746833979801821,0.0],[-79.807799791854137,-6.746845922678173,0.0],[-79.807806263672504,-6.746899800315797,0.0],[-79.807812735491254,-6.746953677953486,0.0],[-79.807819207310416,-6.747007555591209,0.0],[-79.807825679129976,-6.747061433228965,0.0],[-79.80783215094992,-6.747115310866805,0.0],[-79.807838622770291,-6.747169188504693,0.0],[-79.807845094591045,-6.747223066142612,0.0],[-79.807851566412197,-6.747276943780549,0.0],[-79.807858038233746,-6.747330821418553,0.0],[-79.807864510055694,-6.747384699056606,0.0],[-79.80787098187804,-6.747438576694706,0.0],[-79.807877453700783,-6.747492454332858,0.0],[-79.807883925523925,-6.747546331971058,0.0],[-79.807890397347478,-6.747600209609343,0.0],[-79.807896869171429,-6.747654087247625,0.0],[-79.807903340995765,-6.747707964885954,0.0],[-79.807909812820512,-6.74776184252437,0.0],[-79.807916284645657,-6.747815720162817,0.0],[-79.807922756471186,-6.747869597801331,0.0],[-79.807929228291826,-6.747923475395761,0.0],[-79.807945477096936,-6.748058745899494,0.0],[-79.808038257768104,-6.747840818633706,0.0],[-79.808162465575236,-6.747547013088224,0.0],[-79.808266570959333,-6.747320891872153,0.0],[-79.808352257088984,-6.747281781063335,0.0],[-79.808723256967411,-6.747112440611484,0.0],[-79.808868574224618,-6.747054042740946,0.0],[-79.809265118005129,-6.746894685498071,0.0],[-79.809571602627173,-6.746771519607879,0.0],[-79.80998769914666,-6.746604303938279,0.0],[-79.810570741224737,-6.746384255683272,0.0],[-79.810959539937869,-6.746274267353667,0.0],[-79.811051188350234,-6.746226064449932,0.0],[-79.811145574030618,-6.74618356904966,0.0],[-79.811277095892606,-6.746164093625981,0.0],[-79.811386976768247,-6.746165965607805,0.0],[-79.811575523825582,-6.74615810448651,0.0],[-79.811858335693358,-6.746139214746444,0.0],[-79.81201985299667,-6.746118408003077,0.0],[-79.812265601900179,-6.746076497449331,0.0],[-79.812595698433782,-6.746022072672798,0.0],[-79.812682800724957,-6.746011015830158,0.0],[-79.812769468615187,-6.745998769137326,0.0],[-79.812878744,-6.745967068999946,0.0],[-79.812973194939985,-6.74590419274874,0.0],[-79.813182994347272,-6.74575884893383,0.0],[-79.813143325743965,-6.745703517602105,0.0],[-79.813079323852463,-6.745619775895731,0.0],[-79.813060660147798,-6.745586095225516,0.0],[-79.813011827258975,-6.74549786695831,0.0],[-79.812998646835453,-6.745462733253466,0.0],[-79.812979035746238,-6.745410432939814,0.0],[-79.812959839148931,-6.745358082864863,0.0],[-79.812948018126548,-6.745304847320291,0.0],[-79.81293619710577,-6.745251611775808,0.0],[-79.81292437851765,-6.745198375939521,0.0],[-79.812912353183947,-6.745144254012367,0.0],[-79.81289993445445,-6.745088357490701,0.0],[-79.812888440370088,-6.74503234996164,0.0],[-79.812876066164463,-6.744970527168461,0.0],[-79.812863512036927,-6.744908725976004,0.0],[-79.81284997489378,-6.744844036790228,0.0],[-79.812835503355416,-6.744774882451353,0.0],[-79.812829695457651,-6.744726619577045,0.0],[-79.809096982966309,-6.745178627534961,0.0],[-79.808919020353898,-6.745175349375127,0.0],[-79.808784285332237,-6.745191543668077,0.0],[-79.808719792167665,-6.745199295322564,0.0],[-79.808726271951016,-6.745253172022478,0.0],[-79.808732751734809,-6.745307048722442,0.0],[-79.808736034825401,-6.745334346250436,0.0],[-79.80873923151897,-6.745360925422454,0.0],[-79.808745711303558,-6.745414802122515,0.0],[-79.808752266686028,-6.745469307384105,0.0],[-79.808754351016944,-6.745486637722664,0.0],[-79.808768509348809,-6.745604358312579,0.0],[-79.808698267429236,-6.745612800908998,0.0],[-79.808586886378919,-6.745626188124707,0.0],[-79.808461133578106,-6.74564130269119,0.0],[-79.808335380775091,-6.745656417223871,0.0],[-79.808214837729025,-6.745670905551313,0.0],[-79.808089084921761,-6.745686020017772,0.0],[-79.807947163893786,-6.745703077732193,0.0],[-79.807824226543261,-6.745717523909572,0.0],[-79.807668829274263,-6.745736178307187,0.0],[-79.807650816070719,-6.745586218885585,0.0],[-79.807589735081663,-6.745593551236871,0.0],[-79.80752865409211,-6.745600883580165,0.0],[-79.807467573102031,-6.745608215915503,0.0],[-79.80740649211144,-6.745615548242899,0.0],[-79.807345411120352,-6.745622880562286,0.0],[-79.807363424227319,-6.745772839978685,0.0],[-79.807374135016346,-6.745862007464186,0.0],[-79.807390907704274,-6.746001640334489,0.0],[-79.80739845811128,-6.746064497575269,0.0],[-79.807406159527005,-6.746128611960942,0.0],[-79.807540897150375,-6.74611243772413,0.0],[-79.807709257492832,-6.746092227278197,0.0]]]]}},
{"type":"Feature","properties":{"Layer":"TG_HAB_URB","Color":2,"ESTADO":"INFORMAL O SIN DOCUMENTACION","COD_HAB_UR":"0397","ID_COD_URB":"1401010397","TIPO_HAB_U":"H.U.","NOMB_HAB_U":"H.U. RESIDENCIAL LA FLORESTA - V ETAPA"},"geometry":{"type":"MultiPolygon","coordinates":[[[[-79.804111723046347,-6.746461676438208,0.0],[-79.804077272040715,-6.746506156164029,0.0],[-79.804042821028531,-6.746550635886215,0.0],[-79.80400837000974,-6.746595115604779,0.0],[-79.803973918984397,-6.746639595319706,0.0],[-79.803939467952475,-6.74668407503101,0.0],[-79.803854725032465,-6.746793486524179,0.0],[-79.803625509094161,-6.747089426609132,0.0],[-79.806784302767667,-6.749499758054668,0.0],[-79.807088335991722,-6.749376191981296,0.0],[-79.807217602535033,-6.749256890514566,0.0],[-79.80722771220141,-6.749247558064174,0.0],[-79.807118608505036,-6.749163109813886,0.0],[-79.807180642504306,-6.749083017458464,0.0],[-79.805546253431999,-6.747817964888585,0.0],[-79.806190463918355,-6.746986220038599,0.0],[-79.805619173586095,-6.746544027075019,0.0],[-79.805593497155868,-6.746330263738352,0.0],[-79.805798648441694,-6.746305637655266,0.0],[-79.805796771678985,-6.74629001314397,0.0],[-79.805913544304005,-6.746275995874737,0.0],[-79.805914838625753,-6.74628677139991,0.0],[-79.806143892620781,-6.746259275902741,0.0],[-79.806372946608619,-6.746231780293416,0.0],[-79.806373809496748,-6.746238963977247,0.0],[-79.806508547135337,-6.746222790037145,0.0],[-79.806502075459292,-6.746168912407661,0.0],[-79.806495603783645,-6.746115034778212,0.0],[-79.80648913210841,-6.746061157148845,0.0],[-79.806482660433545,-6.746007279519479,0.0],[-79.806465834080811,-6.745867197683452,0.0],[-79.80649278158802,-6.745863962889671,0.0],[-79.806476354316658,-6.745727203507356,0.0],[-79.806447161192267,-6.745730707867668,0.0],[-79.806440581658904,-6.745675932278143,0.0],[-79.806434002125968,-6.745621156688703,0.0],[-79.80642742259343,-6.745566381099315,0.0],[-79.806418912346231,-6.745495532017361,0.0],[-79.806287240281236,-6.745518260902055,0.0],[-79.805950238673773,-6.745576433054261,0.0],[-79.805479422408951,-6.74570617232681,0.0],[-79.805462907932579,-6.745710723086051,0.0],[-79.805414636869671,-6.74576974588698,0.0],[-79.805378663006834,-6.745813732435714,0.0],[-79.805323923881645,-6.745835461442221,0.0],[-79.805273473582801,-6.745855487967136,0.0],[-79.805223023280604,-6.745875514486102,0.0],[-79.805172572975039,-6.745895540999102,0.0],[-79.805122122666091,-6.745915567506141,0.0],[-79.805071672353776,-6.745935594007194,0.0],[-79.805021222038079,-6.745955620502283,0.0],[-79.804970771719013,-6.745975646991408,0.0],[-79.804920321396594,-6.7459956734746,0.0],[-79.804869871070792,-6.746015699951793,0.0],[-79.804819420741623,-6.746035726423022,0.0],[-79.804758607766132,-6.746063705766478,0.0],[-79.804710239729758,-6.746088336944232,0.0],[-79.804661872384344,-6.74611296948048,0.0],[-79.804613505034652,-6.746137602011027,0.0],[-79.804565137680683,-6.746162234535893,0.0],[-79.804516770322465,-6.746186867055058,0.0],[-79.804468402959984,-6.746211499568575,0.0],[-79.804420035593239,-6.746236132076391,0.0],[-79.804371668222231,-6.746260764578524,0.0],[-79.80432330084696,-6.746285397074976,0.0],[-79.804274933467426,-6.746310029565761,0.0],[-79.804199373686146,-6.74634851056001,0.0],[-79.804146174045385,-6.746417196708777,0.0],[-79.804111723046347,-6.746461676438208,0.0]]]]}},
{"type":"Feature","properties":{"Layer":"TG_HAB_URB","Color":2,"ESTADO":"INFORMAL O SIN DOCUMENTACION","COD_HAB_UR":"0199","ID_COD_URB":"1401010199","TIPO_HAB_U":"H.U.","NOMB_HAB_U":"H.U. SIN DENOMINACION 045"},"geometry":{"type":"MultiPolygon","coordinates":[[[[-79.853225079930723,-6.759733671405889,0.0],[-79.853349389955127,-6.760421334742022,0.0],[-79.853323605227231,-6.760471132878997,0.0],[-79.853436567850267,-6.7605438302103,0.0],[-79.853501781582949,-6.760531422240976,0.0],[-79.853573245138563,-6.760517825130477,0.0],[-79.853638707081629,-6.760505369914739,0.0],[-79.853716351574263,-6.760490596755146,0.0],[-79.853843905277202,-6.760466327506201,0.0],[-79.853850208519518,-6.760499014265205,0.0],[-79.853993714508974,-6.760470370655989,0.0],[-79.854007285841618,-6.760554711821006,0.0],[-79.854019858208318,-6.76063284474363,0.0],[-79.854032430577007,-6.760710977666336,0.0],[-79.85404485331226,-6.760788180657176,0.0],[-79.854071404296263,-6.760953185773671,0.0],[-79.854102544289688,-6.761146705158657,0.0],[-79.854382611520847,-6.760897674261332,0.0],[-79.855871594499121,-6.759286371105241,0.0],[-79.853225079930723,-6.759733671405889,0.0]]]]}},
{"type":"Feature","properties":{"Layer":"TG_HAB_URB","Color":2,"ESTADO":"INFORMAL O SIN DOCUMENTACION","COD_HAB_UR":"0303","ID_COD_URB":"1401010303","TIPO_HAB_U":"LOTIZ","NOMB_HAB_U":"LOTIZ. VIÑA DEL MAR"},"geometry":{"type":"MultiPolygon","coordinates":[[[[-79.815664379059584,-6.756582184156463,0.0],[-79.815213031124685,-6.75736048105382,0.0],[-79.815990403047039,-6.75822121164413,0.0],[-79.816169105094531,-6.758366892287435,0.0],[-79.817545888372706,-6.755747629470154,0.0],[-79.816836096116148,-6.755361958690743,0.0],[-79.816292825413782,-6.756232076129766,0.0],[-79.816007870436167,-6.756763227571036,0.0],[-79.815664379059584,-6.756582184156463,0.0]]]]}},
{"type":"Feature","properties":{"Layer":"TG_HAB_URB","Color":2,"ESTADO":"INFORMAL O SIN DOCUMENTACION","COD_HAB_UR":"0204","ID_COD_URB":"1401010204","TIPO_HAB_U":"H.U.","NOMB_HAB_U":"H.U. SIN DENOMINACION 059"},"geometry":{"type":"MultiPolygon","coordinates":[[[[-79.845715766327061,-6.783409894311461,0.0],[-79.845957141738083,-6.784385848988332,0.0],[-79.846817442831679,-6.784142888390961,0.0],[-79.846217128644511,-6.783168640921923,0.0],[-79.845887160903544,-6.782579498194029,0.0],[-79.845526432667924,-6.782663170084462,0.0],[-79.845715766327061,-6.783409894311461,0.0]]]]}},
{"type":"Feature","properties":{"Layer":"TG_HAB_URB","Color":2,"ESTADO":"INFORMAL O SIN DOCUMENTACION","COD_HAB_UR":"0408","ID_COD_URB":"1401010408","TIPO_HAB_U":"H.U.","NOMB_HAB_U":"H.U. LOS CEIBOS"},"geometry":{"type":"MultiPolygon","coordinates":[[[[-79.863095008504729,-6.79142150980929,0.0],[-79.86309690585432,-6.791461218739792,0.0],[-79.863096058427786,-6.791513854581195,0.0],[-79.863098657747955,-6.791562880787912,0.0],[-79.863104892845897,-6.791604860969288,0.0],[-79.863101902130282,-6.791645462862833,0.0],[-79.863090018216056,-6.791697168382999,0.0],[-79.863087387720114,-6.79173849466512,0.0],[-79.863087638580865,-6.791785796944969,0.0],[-79.863095097295414,-6.791846139926946,0.0],[-79.863101870603373,-6.79189011111717,0.0],[-79.86310882126277,-6.791935620254582,0.0],[-79.863117378273557,-6.791990629676011,0.0],[-79.863124864809336,-6.792039124689825,0.0],[-79.863131996644057,-6.792084543809359,0.0],[-79.863141086984243,-6.792143624417313,0.0],[-79.863166780892158,-6.792144770010366,0.0],[-79.863229137019587,-6.792138494836442,0.0],[-79.863278105008106,-6.792130922047677,0.0],[-79.863331963400555,-6.792121461421384,0.0],[-79.863386956922383,-6.792106817681885,0.0],[-79.863440966864829,-6.792094041524197,0.0],[-79.863489843094783,-6.792087011155621,0.0],[-79.863544960566699,-6.792080809405632,0.0],[-79.863599163893653,-6.792078584998265,0.0],[-79.863651372405315,-6.792078164767521,0.0],[-79.863685305558093,-6.792076978134396,0.0],[-79.863688879317053,-6.792016582870668,0.0],[-79.863684455964176,-6.791937784331489,0.0],[-79.863670874155247,-6.791881460212138,0.0],[-79.863662668835218,-6.791795005829854,0.0],[-79.863659327406353,-6.791772847780902,0.0],[-79.863651844423529,-6.791722815243672,0.0],[-79.863649332345403,-6.791675145880822,0.0],[-79.863647384911204,-6.791639698403539,0.0],[-79.863639966406353,-6.791483804092003,0.0],[-79.863631060348766,-6.791399220950583,0.0],[-79.863629506647698,-6.791371120395674,0.0],[-79.863630067291368,-6.791324995769664,0.0],[-79.863624594404229,-6.791266647189247,0.0],[-79.863555416756057,-6.791263848111306,0.0],[-79.863491711642865,-6.791261270456692,0.0],[-79.863428006531748,-6.79125869279383,0.0],[-79.863364301422692,-6.791256115122689,0.0],[-79.863299527680738,-6.791253494203382,0.0],[-79.863087992562583,-6.791249651639505,0.0],[-79.863091864554903,-6.791296148427682,0.0],[-79.86309502756832,-6.791336312542271,0.0],[-79.863094753390726,-6.791376016378813,0.0],[-79.863095008504729,-6.79142150980929,0.0]]]]}},
{"type":"Feature","properties":{"Layer":"TG_HAB_URB","Color":2,"ESTADO":"INFORMAL O SIN DOCUMENTACION","COD_HAB_UR":"0404","ID_COD_URB":"1401010404","TIPO_HAB_U":"H.U.","NOMB_HAB_U":"H.U. EMIGDIO DE LOS ARENALES"},"geometry":{"type":"MultiPolygon","coordinates":[[[[-79.863630067291368,-6.791324995769664,0.0],[-79.863629506647698,-6.791371120395674,0.0],[-79.863631060348766,-6.791399220950583,0.0],[-79.863639966406353,-6.791483804092003,0.0],[-79.863647384911204,-6.791639698403539,0.0],[-79.863649332345403,-6.791675145880822,0.0],[-79.863651844423529,-6.791722815243672,0.0],[-79.863659327406353,-6.791772847780902,0.0],[-79.863662668835218,-6.791795005829854,0.0],[-79.863670874155247,-6.791881460212138,0.0],[-79.863684455964176,-6.791937784331489,0.0],[-79.863688879317053,-6.792016582870668,0.0],[-79.863685305558093,-6.792076978134396,0.0],[-79.86370970475717,-6.79207613109995,0.0],[-79.863769109912425,-6.792069217268988,0.0],[-79.863818444576708,-6.792061556422571,0.0],[-79.863873600848351,-6.79205300497324,0.0],[-79.863927636289759,-6.7920451742866,0.0],[-79.863980625722164,-6.792037974114013,0.0],[-79.864018097372153,-6.792030375861186,0.0],[-79.86405335218339,-6.792013639521481,0.0],[-79.864088117823329,-6.79198279579013,0.0],[-79.864105881686712,-6.791956596068024,0.0],[-79.864115885559016,-6.791918695806042,0.0],[-79.864104222543304,-6.79178693551705,0.0],[-79.864145397893168,-6.791788971470562,0.0],[-79.864144879221854,-6.791774810905889,0.0],[-79.864133615027072,-6.791467280447086,0.0],[-79.864134741575484,-6.791355770238225,0.0],[-79.864134205263952,-6.791318251287276,0.0],[-79.86411697722545,-6.791180362154127,0.0],[-79.864090349901559,-6.79084425864093,0.0],[-79.864092807890529,-6.790776524374316,0.0],[-79.864098908431572,-6.790703088974773,0.0],[-79.864082701541491,-6.790567291469506,0.0],[-79.864071809350563,-6.790437000453334,0.0],[-79.863843967957123,-6.790427260875131,0.0],[-79.863543519848491,-6.790411764219174,0.0],[-79.863545301074382,-6.790446760291421,0.0],[-79.863551990196797,-6.790577967949545,0.0],[-79.863552560873785,-6.790609468526621,0.0],[-79.863552649710286,-6.790614862739713,0.0],[-79.863553755114893,-6.790622565293017,0.0],[-79.863558172510309,-6.79065355908541,0.0],[-79.863564221808772,-6.7906976190209,0.0],[-79.863568639280047,-6.790743031775746,0.0],[-79.863572561672768,-6.790771226076425,0.0],[-79.863582796600284,-6.790846645687578,0.0],[-79.863595816290228,-6.790946460596429,0.0],[-79.86359729116171,-6.790987385559073,0.0],[-79.863599382976119,-6.791008658009472,0.0],[-79.863609470306898,-6.791111239879315,0.0],[-79.863610723691394,-6.79112398601838,0.0],[-79.863611870976328,-6.791170976136459,0.0],[-79.863613139647953,-6.791181764801989,0.0],[-79.863617738177837,-6.791215840970922,0.0],[-79.863624594404229,-6.791266647189247,0.0],[-79.863630067291368,-6.791324995769664,0.0]]]]}},
{"type":"Feature","properties":{"Layer":"TG_HAB_URB","Color":2,"ESTADO":"INFORMAL O SIN DOCUMENTACION","COD_HAB_UR":"0025","ID_COD_URB":"1401010025","TIPO_HAB_U":"H.U.","NOMB_HAB_U":"H.U. SIN DENOMINACION 009"},"geometry":{"type":"MultiPolygon","coordinates":[[[[-79.831678601000988,-6.775971698125745,0.0],[-79.831675708612977,-6.776298233493049,0.0],[-79.829685503885628,-6.776149217829518,0.0],[-79.829793694061109,-6.776831542716033,0.0],[-79.831405357113539,-6.77659748801386,0.0],[-79.831630065089399,-6.776623346538034,0.0],[-79.831821854113656,-6.776761729689357,0.0],[-79.83185582349391,-6.777599890054788,0.0],[-79.831888996719144,-6.777980111276485,0.0],[-79.831898013233442,-6.778083455765106,0.0],[-79.831903987558576,-6.778151931625053,0.0],[-79.831915818294661,-6.778287531847796,0.0],[-79.831923561334634,-6.77837628016641,0.0],[-79.831931343679472,-6.778465478984143,0.0],[-79.831939440462534,-6.778558281794579,0.0],[-79.831945414787953,-6.778626757654727,0.0],[-79.831956136945308,-6.778688694203352,0.0],[-79.83196647341488,-6.778748402818627,0.0],[-79.83197711843718,-6.778809893780724,0.0],[-79.831987917736583,-6.77887227591626,0.0],[-79.831997020004351,-6.778924855144847,0.0],[-79.832006662238285,-6.778980553480292,0.0],[-79.832030883534969,-6.779120467699196,0.0],[-79.832039908669685,-6.779172601341382,0.0],[-79.83204922692947,-6.779226428213019,0.0],[-79.832058437197247,-6.779279631263359,0.0],[-79.832067107500521,-6.779329715206898,0.0],[-79.832076749742811,-6.7793854135428,0.0],[-79.832085898303362,-6.779438260123946,0.0],[-79.832095309134019,-6.779492621699882,0.0],[-79.83210561476622,-6.779552152081489,0.0],[-79.832114871323199,-6.779605622484177,0.0],[-79.832123973605277,-6.779658201713547,0.0],[-79.832132921612384,-6.779709889769613,0.0],[-79.832141530213264,-6.779759617244272,0.0],[-79.832150509077522,-6.779811483535088,0.0],[-79.832159349094326,-6.779862547769934,0.0],[-79.832168605657486,-6.779916018172941,0.0],[-79.832177677090399,-6.779968419167965,0.0],[-79.832186316551272,-6.780018324877579,0.0],[-79.832199044330125,-6.780091846681993,0.0],[-79.832194736428718,-6.780186712913339,0.0],[-79.832183710939077,-6.780332525990103,0.0],[-79.832174123096053,-6.780543490057052,0.0],[-79.832171392506808,-6.780603571899912,0.0],[-79.832168998620205,-6.780656245154403,0.0],[-79.832165845093201,-6.780725632906124,0.0],[-79.832162716200543,-6.780794478565661,0.0],[-79.832159546243702,-6.780864227711191,0.0],[-79.832156598017221,-6.780929098030157,0.0],[-79.832153579983583,-6.780995504275547,0.0],[-79.832150377169782,-6.781065976209058,0.0],[-79.832144082400987,-6.781204480661872,0.0],[-79.83215827570082,-6.781269110941423,0.0],[-79.832342364017279,-6.781237936460392,0.0],[-79.832345597757737,-6.78117378133284,0.0],[-79.832352850593068,-6.781029890033453,0.0],[-79.832355559590084,-6.780976145323027,0.0],[-79.8323582822443,-6.780922129630551,0.0],[-79.832361004896882,-6.780868113937857,0.0],[-79.832363782182938,-6.780813014317993,0.0],[-79.832366482067584,-6.780759450261044,0.0],[-79.832369181950625,-6.780705886203879,0.0],[-79.832371959231693,-6.780650786583292,0.0],[-79.832374718299363,-6.780596048271425,0.0],[-79.832377859810038,-6.780533722470555,0.0],[-79.832380568792118,-6.780479977757866,0.0],[-79.832387830677305,-6.780335905795957,0.0],[-79.832388243100837,-6.780237334686114,0.0],[-79.833328690893026,-6.780031659188102,0.0],[-79.833647210991217,-6.776734868383882,0.0],[-79.833916226099603,-6.776756298754444,0.0],[-79.835132185362411,-6.776856690317311,0.0],[-79.835403499039373,-6.776895759838373,0.0],[-79.835426825664584,-6.776890999837059,0.0],[-79.835482719095793,-6.776872704070773,0.0],[-79.835510216807677,-6.776852354362089,0.0],[-79.835531812084284,-6.776815827823111,0.0],[-79.835541842834303,-6.776770772765989,0.0],[-79.835534299074453,-6.77669967072482,0.0],[-79.835477953712925,-6.776644895517362,0.0],[-79.83549371916213,-6.776545447038596,0.0],[-79.835657792073533,-6.775546969758457,0.0],[-79.83413162651425,-6.775168091000815,0.0],[-79.834045249883573,-6.775576648726135,0.0],[-79.833785377995639,-6.77550616239973,0.0],[-79.833776315881792,-6.775540251680689,0.0],[-79.833717346787154,-6.775512580468715,0.0],[-79.833530430785402,-6.775419710977738,0.0],[-79.833405843825304,-6.775358365109946,0.0],[-79.833308451635148,-6.775310409752028,0.0],[-79.833245990933278,-6.775283900166284,0.0],[-79.833099080517783,-6.775227341638764,0.0],[-79.833055176263599,-6.775210439082815,0.0],[-79.833012116325506,-6.775193861572667,0.0],[-79.832972000299222,-6.775178417425643,0.0],[-79.832929784680246,-6.775162164958422,0.0],[-79.832885879697258,-6.775145264893729,0.0],[-79.832808623804212,-6.775115529395961,0.0],[-79.832753740609505,-6.775094405055073,0.0],[-79.832717004265717,-6.775084690057982,0.0],[-79.832674582537621,-6.775073471546278,0.0],[-79.832622102052767,-6.775059592970385,0.0],[-79.832514509680294,-6.775031141855941,0.0],[-79.832437976137641,-6.775010900431382,0.0],[-79.832384620995924,-6.774996790522167,0.0],[-79.832331265858286,-6.774982680607629,0.0],[-79.832198242834082,-6.774947502271027,0.0],[-79.832207331107767,-6.774690367001762,0.0],[-79.831882396836775,-6.774625576192936,0.0],[-79.82954905252943,-6.774160308456839,0.0],[-79.829621240554133,-6.77448868911047,0.0],[-79.829567833531854,-6.774498413735673,0.0],[-79.829531338732664,-6.774505058892636,0.0],[-79.829535049691614,-6.774607190735628,0.0],[-79.829537578396938,-6.77467678500023,0.0],[-79.829449861083248,-6.774673982264009,0.0],[-79.829459194983542,-6.774711270403895,0.0],[-79.829476105817164,-6.774778827739688,0.0],[-79.829494444192292,-6.774852087967511,0.0],[-79.829512453139188,-6.77492403214335,0.0],[-79.829521128181966,-6.774958688179312,0.0],[-79.829531120953803,-6.774998608423251,0.0],[-79.829541992212356,-6.775042038139232,0.0],[-79.829582622180212,-6.775204351219208,0.0],[-79.829593603255958,-6.775248219619834,0.0],[-79.829636978517399,-6.775421499799508,0.0],[-79.82965861125065,-6.775507920547746,0.0],[-79.829680243989159,-6.77559434129603,0.0],[-79.829688677464247,-6.775628032227343,0.0],[-79.829708882668243,-6.775708750083709,0.0],[-79.82973980555316,-6.775832284014467,0.0],[-79.829818544271674,-6.775837946076558,0.0],[-79.829802169639891,-6.776047255313872,0.0],[-79.829819000762484,-6.776048690520033,0.0],[-79.829930085606094,-6.776057912479042,0.0],[-79.830005788107115,-6.776064618019332,0.0],[-79.830011647413457,-6.776065137021714,0.0],[-79.830093247916253,-6.776071910929949,0.0],[-79.830174848423667,-6.776078684824843,0.0],[-79.830182962232911,-6.77607935799645,0.0],[-79.830256449249958,-6.776085454925802,0.0],[-79.830338049452322,-6.776092232574781,0.0],[-79.830364635062296,-6.77609458743623,0.0],[-79.830404289433972,-6.776098099880592,0.0],[-79.830419611284626,-6.776099457035168,0.0],[-79.830501211771988,-6.776106231341448,0.0],[-79.830545392637688,-6.776109898902948,0.0],[-79.830582812300264,-6.776113005197368,0.0],[-79.83063375587308,-6.776117231356906,0.0],[-79.830664413201049,-6.77611977461449,0.0],[-79.830722118658741,-6.776124569273859,0.0],[-79.830746013375247,-6.776126552814074,0.0],[-79.830827613891657,-6.776133326939643,0.0],[-79.830897009066874,-6.776139473671804,0.0],[-79.830909175920695,-6.776140551359393,0.0],[-79.831020080441945,-6.776149757539346,0.0],[-79.831054361048473,-6.776152622027805,0.0],[-79.831072535643543,-6.775928118255568,0.0],[-79.831678601000988,-6.775971698125745,0.0]]]]}},
{"type":"Feature","properties":{"Layer":"TG_HAB_URB","Color":2,"ESTADO":"INFORMAL O SIN DOCUMENTACION","COD_HAB_UR":"0014","ID_COD_URB":"1401010014","TIPO_HAB_U":"H.U.","NOMB_HAB_U":"H.U. SIN DENOMINACION 003"},"geometry":{"type":"MultiPolygon","coordinates":[[[[-79.837180617355159,-6.776436827631512,0.0],[-79.837189476775734,-6.77679758251122,0.0],[-79.83696565407665,-6.77682643226475,0.0],[-79.836964140191952,-6.776886557145722,0.0],[-79.836930699160007,-6.776886154078656,0.0],[-79.836896864393168,-6.776885746263849,0.0],[-79.836840690873572,-6.77688506919177,0.0],[-79.836794098579517,-6.776884507599362,0.0],[-79.836742972984226,-6.776883891360391,0.0],[-79.836735726192757,-6.776883804011098,0.0],[-79.836727854156905,-6.776934751832244,0.0],[-79.836729642493111,-6.776935027936831,0.0],[-79.836724463521151,-6.776968546239667,0.0],[-79.836666395316058,-6.776962742865024,0.0],[-79.836661447345634,-6.776983385959714,0.0],[-79.836676634554095,-6.776984469962238,0.0],[-79.836682807985341,-6.777032847995922,0.0],[-79.836699545022697,-6.777179211890727,0.0],[-79.836741778861651,-6.777205524442229,0.0],[-79.836734879698184,-6.77716771034228,0.0],[-79.836855331400557,-6.777176699664476,0.0],[-79.836854353981067,-6.777295026104075,0.0],[-79.837973693229273,-6.777961534649641,0.0],[-79.838000066138051,-6.777849680493007,0.0],[-79.83801376488249,-6.77779158063571,0.0],[-79.838026961589676,-6.777714468493682,0.0],[-79.838034687572019,-6.777669323347192,0.0],[-79.838045650557561,-6.777605263434229,0.0],[-79.838077383633561,-6.77741983769515,0.0],[-79.838083412131837,-6.777384630123832,0.0],[-79.838609849101005,-6.77760154894946,0.0],[-79.838756881078652,-6.777747970354681,0.0],[-79.838910514537289,-6.777907153779318,0.0],[-79.838924896657232,-6.778086629596828,0.0],[-79.838891410943774,-6.778088621108967,0.0],[-79.838828748350195,-6.778196057224296,0.0],[-79.838789077405721,-6.778264073720286,0.0],[-79.838775797147363,-6.778286842938871,0.0],[-79.838702345724812,-6.778412776542453,0.0],[-79.839378130490999,-6.77883780953595,0.0],[-79.839552120110497,-6.778947239584762,0.0],[-79.839657760671287,-6.778773472816492,0.0],[-79.839680548607504,-6.778735989217418,0.0],[-79.839703677267252,-6.778697945158179,0.0],[-79.839729607076876,-6.77865529351077,0.0],[-79.839742660401171,-6.778633822242934,0.0],[-79.839755713712506,-6.778612350993757,0.0],[-79.839782150753365,-6.778568864986108,0.0],[-79.839814779131729,-6.778515194898236,0.0],[-79.839843617336612,-6.778467759214485,0.0],[-79.839999253966212,-6.778550507635194,0.0],[-79.840029384099026,-6.7784741585969,0.0],[-79.839839522978892,-6.778349000877975,0.0],[-79.839852972620392,-6.778319834397614,0.0],[-79.839866797236013,-6.778289854754934,0.0],[-79.839880035897806,-6.778261145789306,0.0],[-79.839893481753137,-6.778231987505308,0.0],[-79.839907120760799,-6.778202410352159,0.0],[-79.839918623385188,-6.778172929265349,0.0],[-79.83993012991381,-6.778143438167257,0.0],[-79.839942129577594,-6.778112683164403,0.0],[-79.839953486418409,-6.778083619099756,0.0],[-79.840111128063697,-6.778178712578687,0.0],[-79.840144709238757,-6.778181927145145,0.0],[-79.840374123588163,-6.77825157157147,0.0],[-79.840586545072668,-6.776968586434382,0.0],[-79.84121506413949,-6.777063046785287,0.0],[-79.841225829184438,-6.776991473703644,0.0],[-79.841176635029981,-6.776680051049978,0.0],[-79.841139600639579,-6.776445605426122,0.0],[-79.841135651965715,-6.776418623075769,0.0],[-79.841129857960993,-6.776232333152082,0.0],[-79.841108614555324,-6.776071384254171,0.0],[-79.84108950678214,-6.775947673571951,0.0],[-79.841141289873079,-6.775937262426289,0.0],[-79.841142251634963,-6.77593917681712,0.0],[-79.841229738053741,-6.77589533071186,0.0],[-79.841227216603002,-6.775890435530346,0.0],[-79.841265340542151,-6.77587067983796,0.0],[-79.841270253695583,-6.775856823523148,0.0],[-79.8413378117083,-6.77588070476052,0.0],[-79.841350459749208,-6.775834514404964,0.0],[-79.841441900730189,-6.775866316752073,0.0],[-79.841424619256728,-6.775914215785535,0.0],[-79.841402529969272,-6.775905371199453,0.0],[-79.841395660968828,-6.775930455633087,0.0],[-79.841412469852813,-6.775935141677104,0.0],[-79.841552799220452,-6.775974263201968,0.0],[-79.841559193015087,-6.775949713774682,0.0],[-79.841630381497737,-6.775946951697049,0.0],[-79.841646900215935,-6.775946311937951,0.0],[-79.841643882106354,-6.775991704185829,0.0],[-79.841676987444188,-6.775999738005376,0.0],[-79.841686085239274,-6.776001945807561,0.0],[-79.841756677191327,-6.776025285140017,0.0],[-79.841762338082006,-6.776008853303633,0.0],[-79.841780014101801,-6.775957545208414,0.0],[-79.841761086557355,-6.775950570087029,0.0],[-79.841775308332615,-6.775897499950494,0.0],[-79.841806955489389,-6.775779541251006,0.0],[-79.841811841745027,-6.775765473570725,0.0],[-79.841859830615903,-6.775627312076966,0.0],[-79.841344697929131,-6.775448849600229,0.0],[-79.840969703328454,-6.775354056583926,0.0],[-79.840968504960202,-6.775344633797174,0.0],[-79.840372158908934,-6.775368648900234,0.0],[-79.836886091265725,-6.775816602608487,0.0],[-79.836322513482131,-6.775673725072691,0.0],[-79.836332071833809,-6.77549221162386,0.0],[-79.836232141585626,-6.775495851027372,0.0],[-79.836150780886982,-6.775499186535148,0.0],[-79.835781680689678,-6.775233033028233,0.0],[-79.835735008388497,-6.775199483856601,0.0],[-79.835657792073519,-6.775546969758508,0.0],[-79.835493719162088,-6.77654544703878,0.0],[-79.835719599301697,-6.776658045997937,0.0],[-79.835743562698042,-6.776545249504821,0.0],[-79.835761607303198,-6.776472847972377,0.0],[-79.835729565747172,-6.776466997527703,0.0],[-79.83574229883358,-6.776403135288658,0.0],[-79.835718090683102,-6.77639619388181,0.0],[-79.835723898961987,-6.776368199035151,0.0],[-79.835699218429539,-6.776361620130221,0.0],[-79.835703191795062,-6.776331605489649,0.0],[-79.835731119625692,-6.7763166837669,0.0],[-79.835735011618453,-6.776291660599713,0.0],[-79.835730549091863,-6.776290918590989,0.0],[-79.835732536938565,-6.776278143042451,0.0],[-79.83576603496617,-6.776284087842463,0.0],[-79.835764839841659,-6.776289890341237,0.0],[-79.835998201085644,-6.776325289640133,0.0],[-79.836008355201443,-6.77627062550819,0.0],[-79.836123425409866,-6.776286948239029,0.0],[-79.836137983749225,-6.776213967042454,0.0],[-79.836188502897514,-6.776209565249102,0.0],[-79.836194768888731,-6.776209019285957,0.0],[-79.836195711683274,-6.77621983132586,0.0],[-79.836232025405266,-6.776216667264688,0.0],[-79.836277734664591,-6.776212684554723,0.0],[-79.836279148859191,-6.776228902615117,0.0],[-79.83629884651765,-6.776226079218249,0.0],[-79.836299439186277,-6.776235557127162,0.0],[-79.83632505468168,-6.776232598525172,0.0],[-79.836365024581482,-6.776222694788361,0.0],[-79.836390876996361,-6.776216109796325,0.0],[-79.836381199860142,-6.776181250286729,0.0],[-79.836423824199244,-6.776170826745943,0.0],[-79.836421992752193,-6.776166691800952,0.0],[-79.836476683641081,-6.776142726930017,0.0],[-79.836500561569295,-6.776104659167754,0.0],[-79.836507598479315,-6.776099645378557,0.0],[-79.836529637105471,-6.776078912918128,0.0],[-79.8365067112736,-6.776048611141158,0.0],[-79.83651944026019,-6.776034672678523,0.0],[-79.836558339827718,-6.77609522101275,0.0],[-79.83663269082794,-6.77603901163905,0.0],[-79.836638980881375,-6.776077738580769,0.0],[-79.836643624392892,-6.776106328000043,0.0],[-79.836653326611824,-6.776100518679062,0.0],[-79.836680924386883,-6.776083994176585,0.0],[-79.836699023827535,-6.776066275384682,0.0],[-79.836722044731289,-6.776085219735473,0.0],[-79.836750714212542,-6.776108812407934,0.0],[-79.836739404010928,-6.776124073638021,0.0],[-79.836775538497832,-6.776151341812577,0.0],[-79.836790069442387,-6.776134014112627,0.0],[-79.836832694503784,-6.77616303321632,0.0],[-79.836824659967121,-6.776174269626967,0.0],[-79.836852195316084,-6.776194674465808,0.0],[-79.836877215107577,-6.77621321516874,0.0],[-79.836908909322645,-6.776236701892574,0.0],[-79.836931804463234,-6.776253668136095,0.0],[-79.83695686294601,-6.776272237503044,0.0],[-79.836984118766765,-6.776292435184851,0.0],[-79.837180617355159,-6.776436827631512,0.0]]]]}},
{"type":"Feature","properties":{"Layer":"TG_HAB_URB","Color":2,"ESTADO":"INFORMAL O SIN DOCUMENTACION","COD_HAB_UR":"0177","ID_COD_URB":"1401010177","TIPO_HAB_U":"H.U.","NOMB_HAB_U":"H.U. SIN DENOMINACION 036"},"geometry":{"type":"MultiPolygon","coordinates":[[[[-79.840432736173526,-6.766488917128687,0.0],[-79.84049872650121,-6.767846891767601,0.0],[-79.841850375874643,-6.767806243356994,0.0],[-79.842150713301876,-6.770819810704045,0.0],[-79.84215145992593,-6.770825596169272,0.0],[-79.845147797545195,-6.770595692764259,0.0],[-79.845346841844517,-6.769998445023245,0.0],[-79.845701104781085,-6.76944629017,0.0],[-79.845599198680702,-6.769373581127554,0.0],[-79.845682822729131,-6.766797273134258,0.0],[-79.845590007661201,-6.766822087087287,0.0],[-79.845471300307622,-6.766846717518542,0.0],[-79.845452543550607,-6.766850609330169,0.0],[-79.845419033772131,-6.766857562222272,0.0],[-79.845397621557154,-6.766862005008263,0.0],[-79.845365439385631,-6.766868682433209,0.0],[-79.845312730196312,-6.766879618969628,0.0],[-79.845257167986389,-6.766891147467251,0.0],[-79.845203864830793,-6.766902207231275,0.0],[-79.845146317549435,-6.766914147593011,0.0],[-79.845100122295065,-6.766923732541528,0.0],[-79.845078902518878,-6.766928135383073,0.0],[-79.845045198233507,-6.766935128604009,0.0],[-79.844992006636332,-6.76694616519491,0.0],[-79.844938393003005,-6.766955536359345,0.0],[-79.844784969827685,-6.766990183983747,0.0],[-79.844544534045269,-6.767044481592847,0.0],[-79.844490792654696,-6.767104134507009,0.0],[-79.844385256544797,-6.767109932270526,0.0],[-79.84439133941369,-6.767148546956017,0.0],[-79.844396996790366,-6.767184460569999,0.0],[-79.844403107284322,-6.767223250616712,0.0],[-79.844408614240621,-6.767258209341635,0.0],[-79.844362517491859,-6.767256155742222,0.0],[-79.844317324602002,-6.767254142405277,0.0],[-79.844296785105371,-6.767253227372131,0.0],[-79.844292263427889,-6.76717702805062,0.0],[-79.844135015525367,-6.767184539376164,0.0],[-79.844131447233124,-6.767127748895622,0.0],[-79.844129893424636,-6.767103019551278,0.0],[-79.84412816545327,-6.767075518352237,0.0],[-79.844125782190801,-6.767037587994313,0.0],[-79.843948366777653,-6.767085860371352,0.0],[-79.843810953836936,-6.766964886589571,0.0],[-79.84362149279545,-6.766986248652697,0.0],[-79.843612806730619,-6.766948692702901,0.0],[-79.843852584363773,-6.766841944129825,0.0],[-79.843847065990275,-6.766663457111926,0.0],[-79.843185687275366,-6.766738028641406,0.0],[-79.843144970836377,-6.766232767548968,0.0],[-79.840666500561795,-6.766466840506965,0.0],[-79.840432736173526,-6.766488917128687,0.0]]]]}},
{"type":"Feature","properties":{"Layer":"TG_HAB_URB","Color":2,"ESTADO":"INFORMAL O SIN DOCUMENTACION","COD_HAB_UR":"0181","ID_COD_URB":"1401010181","TIPO_HAB_U":"H.U.","NOMB_HAB_U":"H.U. SIN DENOMINACION 037"},"geometry":{"type":"MultiPolygon","coordinates":[[[[-79.834020229709935,-6.769348081257909,0.0],[-79.834069598256391,-6.769524651904608,0.0],[-79.832945636560652,-6.769599752291835,0.0],[-79.833056009667303,-6.770781150002225,0.0],[-79.831477117911447,-6.770979706600224,0.0],[-79.830791834724565,-6.771075809426912,0.0],[-79.830903095373259,-6.772148025017753,0.0],[-79.830263025638914,-6.77264272105777,0.0],[-79.829833039033588,-6.773133281617058,0.0],[-79.829513442049517,-6.773169662086529,0.0],[-79.829471371868664,-6.774144818768905,0.0],[-79.82954905252943,-6.774160308456839,0.0],[-79.831882396836775,-6.774625576192936,0.0],[-79.831680611339408,-6.773910580182727,0.0],[-79.831800953403715,-6.773876353028553,0.0],[-79.831830427985437,-6.773871590313512,0.0],[-79.831986732580816,-6.773846333459655,0.0],[-79.832127232533054,-6.773815244275084,0.0],[-79.832065165462225,-6.773137125888772,0.0],[-79.834486760232622,-6.773488313362697,0.0],[-79.83413162651425,-6.775168091000815,0.0],[-79.835657792073533,-6.775546969758457,0.0],[-79.835735008388497,-6.775199483856601,0.0],[-79.836200541063349,-6.773104496388296,0.0],[-79.836066668370336,-6.77062956424214,0.0],[-79.836002769835716,-6.769395475876453,0.0],[-79.835927124627531,-6.769033376294999,0.0],[-79.836998275026914,-6.768755469697161,0.0],[-79.836927803328308,-6.767954262620277,0.0],[-79.838001098453574,-6.76792199345805,0.0],[-79.837873312094359,-6.766730620582014,0.0],[-79.837492390074232,-6.766766592392891,0.0],[-79.835546460028425,-6.766950348619676,0.0],[-79.835436545119322,-6.767003563941809,0.0],[-79.83569114156991,-6.76805697873325,0.0],[-79.835362984813628,-6.7681363453871,0.0],[-79.835365998692453,-6.7681603217237,0.0],[-79.835371402629718,-6.768203311711314,0.0],[-79.835377495324366,-6.76825178097334,0.0],[-79.835146674744109,-6.768275646934454,0.0],[-79.835043197338408,-6.768286346063649,0.0],[-79.83505149457703,-6.768382375966445,0.0],[-79.834840909324498,-6.768400470892326,0.0],[-79.834841077084377,-6.768499615555005,0.0],[-79.834815077844567,-6.768500948915911,0.0],[-79.834820314000893,-6.768537690279197,0.0],[-79.834828529567019,-6.768595337732005,0.0],[-79.834835878363805,-6.768646903183563,0.0],[-79.834843066005135,-6.768697337826104,0.0],[-79.834851619766837,-6.768757358332806,0.0],[-79.834856071916192,-6.768788598417464,0.0],[-79.834860985484355,-6.768823076208979,0.0],[-79.834870163354125,-6.768887475977755,0.0],[-79.834884254794432,-6.768986353538212,0.0],[-79.834888116400393,-6.769013413302347,0.0],[-79.834897686217801,-6.769056275663996,0.0],[-79.834608929413292,-6.769134057682441,0.0],[-79.834611230605049,-6.769142594260462,0.0],[-79.834271002060589,-6.769228773692993,0.0],[-79.834273159454753,-6.76923677685633,0.0],[-79.834234217973489,-6.769238078646401,0.0],[-79.834179072172319,-6.769253229238471,0.0],[-79.834099186839111,-6.769275176682021,0.0],[-79.834017506324557,-6.769297617311726,0.0],[-79.834020229709935,-6.769348081257909,0.0]]]]}},
{"type":"Feature","properties":{"Layer":"TG_HAB_URB","Color":2,"ESTADO":"INFORMAL O SIN DOCUMENTACION","COD_HAB_UR":"0415","ID_COD_URB":"1401010415","TIPO_HAB_U":"H.U.","NOMB_HAB_U":"H.U. SAN FRANCISCO"},"geometry":{"type":"MultiPolygon","coordinates":[[[[-79.858040577837983,-6.792897345858451,0.0],[-79.858054636926241,-6.79297821861668,0.0],[-79.858066059665376,-6.793038648696334,0.0],[-79.858075029071216,-6.793094643103512,0.0],[-79.858082376837558,-6.793142675622911,0.0],[-79.858089286110513,-6.793186728528118,0.0],[-79.858092597794098,-6.793238097016314,0.0],[-79.858081130269255,-6.793291782186649,0.0],[-79.858064359609642,-6.793348168142721,0.0],[-79.858047176050988,-6.79338972230675,0.0],[-79.85803019144474,-6.793441676056636,0.0],[-79.858007647536922,-6.793541632806597,0.0],[-79.85801931443936,-6.79366745361876,0.0],[-79.858510564055635,-6.7937195456928,0.0],[-79.858596241515869,-6.79373068570804,0.0],[-79.858877568013838,-6.793759930162008,0.0],[-79.858965524922311,-6.793765994402862,0.0],[-79.859244808069647,-6.793791553717255,0.0],[-79.859332672605277,-6.793802653535255,0.0],[-79.859608424641408,-6.793837305600841,0.0],[-79.859695757820958,-6.793849667592153,0.0],[-79.859972742066034,-6.793885570471144,0.0],[-79.860055179039264,-6.793896137345076,0.0],[-79.860332677720251,-6.793929557674917,0.0],[-79.860411643776942,-6.793936700296779,0.0],[-79.860548202342216,-6.793952558684233,0.0],[-79.860601295498157,-6.793964230401794,0.0],[-79.86081699337096,-6.794016283871534,0.0],[-79.86086769179866,-6.793871090461783,0.0],[-79.860825002536671,-6.793845038392282,0.0],[-79.860782754935315,-6.793821247527013,0.0],[-79.860740369535336,-6.793792574225585,0.0],[-79.860699274390058,-6.793754679681541,0.0],[-79.860660845136522,-6.793725111248753,0.0],[-79.860608706037326,-6.793687914270789,0.0],[-79.86056939300903,-6.793653641626612,0.0],[-79.860540285625646,-6.793626174392575,0.0],[-79.860501180344727,-6.793598593200092,0.0],[-79.860467073271323,-6.793571386437044,0.0],[-79.860435957973806,-6.793541291631231,0.0],[-79.860396416320043,-6.793508827297351,0.0],[-79.86036191625827,-6.79349020896806,0.0],[-79.860306544763091,-6.793463584373962,0.0],[-79.860255384615755,-6.793422591971598,0.0],[-79.860215147136842,-6.793400524210918,0.0],[-79.860113543964545,-6.793331019482453,0.0],[-79.860082481392666,-6.793310058612986,0.0],[-79.860022581493979,-6.793275623613328,0.0],[-79.859958725900484,-6.793237427586008,0.0],[-79.859916237452168,-6.793221051507122,0.0],[-79.859877926495358,-6.793204685254973,0.0],[-79.859831649905288,-6.793180884842413,0.0],[-79.859784327470507,-6.793157805508193,0.0],[-79.859739240973539,-6.793135816746793,0.0],[-79.859693790167711,-6.793109848541483,0.0],[-79.859647662943473,-6.79308641023734,0.0],[-79.859519793217814,-6.793018471560679,0.0],[-79.859485365508434,-6.793000667336172,0.0],[-79.859439387971506,-6.792976687614892,0.0],[-79.859399379867298,-6.792952540151773,0.0],[-79.859359085323447,-6.792923238576064,0.0],[-79.859339862157768,-6.792912668620846,0.0],[-79.859274043883119,-6.792886054471899,0.0],[-79.859221199751715,-6.792863233420832,0.0],[-79.859184975064665,-6.792848138234249,0.0],[-79.859146301833107,-6.792827339378873,0.0],[-79.859111055627707,-6.792808628776202,0.0],[-79.859078271875362,-6.792790105759683,0.0],[-79.859034248991293,-6.792759890050275,0.0],[-79.858992222305659,-6.792737275335371,0.0],[-79.858948563259403,-6.792710859077237,0.0],[-79.85890816601534,-6.792693673861366,0.0],[-79.858870299185838,-6.792678936559216,0.0],[-79.858825201491413,-6.792661739363352,0.0],[-79.858788078734349,-6.792647636908011,0.0],[-79.858753348929199,-6.792631730324293,0.0],[-79.85861681202239,-6.792569287145766,0.0],[-79.858585441183436,-6.792552484939535,0.0],[-79.85854630222029,-6.792539281243088,0.0],[-79.858507222157002,-6.792532949531155,0.0],[-79.858469046751239,-6.792522461384686,0.0],[-79.858433033721639,-6.792512791410998,0.0],[-79.858335286517089,-6.792485071923285,0.0],[-79.858305918914752,-6.79247288610224,0.0],[-79.858266247875406,-6.792463931041531,0.0],[-79.858223067739416,-6.792456233005014,0.0],[-79.858190930630286,-6.792447838347436,0.0],[-79.858156336722274,-6.792437629041734,0.0],[-79.858118239155957,-6.792425603525057,0.0],[-79.85808490520273,-6.792418653126336,0.0],[-79.858055360434207,-6.792418673945408,0.0],[-79.857967822874173,-6.792427510123684,0.0],[-79.857985167799015,-6.792538863532961,0.0],[-79.857993701315678,-6.792590153884447,0.0],[-79.858012140371656,-6.792712542090902,0.0],[-79.858029115675265,-6.792822176215533,0.0],[-79.858040577837983,-6.792897345858451,0.0]]]]}},
{"type":"Feature","properties":{"Layer":"TG_HAB_URB","Color":2,"ESTADO":"INFORMAL O SIN DOCUMENTACION","COD_HAB_UR":"OLOC","ID_COD_URB":"140101OLOC","TIPO_HAB_U":"R NOM","NOMB_HAB_U":"R NOMBRE"},"geometry":{"type":"MultiPolygon","coordinates":[[[[-79.800663800239363,-6.740580966518378,0.0],[-79.800659863786834,-6.740559576490704,0.0],[-79.800648404757112,-6.740497310026521,0.0],[-79.800636945516928,-6.740435043603505,0.0],[-79.800625487105137,-6.740372777020469,0.0],[-79.80061402766114,-6.740310510637713,0.0],[-79.800602568380754,-6.740248244223659,0.0],[-79.800591109811549,-6.740185977672295,0.0],[-79.800579650371347,-6.740123711290003,0.0],[-79.800568191439467,-6.740061444809659,0.0],[-79.800556732509122,-6.739999178329407,0.0],[-79.800545958203628,-6.739940632012432,0.0],[-79.800545192742632,-6.739936927502612,0.0],[-79.800532380788908,-6.739874923021563,0.0],[-79.800519568837132,-6.7398129185406,0.0],[-79.800506756887273,-6.739750914059707,0.0],[-79.800493944939305,-6.739688909578934,0.0],[-79.800481132993312,-6.739626905098214,0.0],[-79.800468321049209,-6.739564900617594,0.0],[-79.80045550910701,-6.739502896137066,0.0],[-79.800442697166744,-6.739440891656622,0.0],[-79.800435009594977,-6.739403686991241,0.0],[-79.800430585654922,-6.7393787515461,0.0],[-79.800419524924095,-6.739316407963376,0.0],[-79.800408464743768,-6.739254064274451,0.0],[-79.800397403533637,-6.739191720785288,0.0],[-79.80038405989383,-6.739116505744698,0.0],[-79.800344937344178,-6.73905934091639,0.0],[-79.800316474729343,-6.739045071566286,0.0],[-79.800261230092602,-6.739032455558015,0.0],[-79.800229146562458,-6.739034850125317,0.0],[-79.800163491315686,-6.739040121707522,0.0],[-79.800038063841669,-6.739058613953487,0.0],[-79.799912928115361,-6.739077063511546,0.0],[-79.799912636432097,-6.739077106518285,0.0],[-79.799848131008432,-6.739086617497223,0.0],[-79.799812000296512,-6.739091944822493,0.0],[-79.799723847143838,-6.739111011977223,0.0],[-79.799600025875861,-6.739137793964201,0.0],[-79.799536346352212,-6.739151567486753,0.0],[-79.799412525131189,-6.739178349729817,0.0],[-79.799288703901894,-6.739205131939021,0.0],[-79.799225185086769,-6.739219734908262,0.0],[-79.799102573126817,-6.739252758319513,0.0],[-79.798979961325415,-6.739285782574845,0.0],[-79.798893758243707,-6.739309000145493,0.0],[-79.798793069593245,-6.739329481634501,0.0],[-79.798668950981337,-6.739354729075477,0.0],[-79.798604606595475,-6.739365071188884,0.0],[-79.798530092967994,-6.739375843029237,0.0],[-79.79847130247532,-6.739370362022889,0.0],[-79.798367968345119,-6.73934152868309,0.0],[-79.798338330624887,-6.739319550740855,0.0],[-79.79833767120283,-6.739319061742138,0.0],[-79.798257644044511,-6.739248462327934,0.0],[-79.798236438946034,-6.739227159800146,0.0],[-79.798168731830444,-6.739205558244241,0.0],[-79.798119191079735,-6.739199727394157,0.0],[-79.798076119316377,-6.739194657739519,0.0],[-79.797992745542885,-6.739212964819063,0.0],[-79.797915633346207,-6.73922989564091,0.0],[-79.797805028245406,-6.739252402546036,0.0],[-79.797680911424337,-6.739277658902159,0.0],[-79.797617079913465,-6.739290647872128,0.0],[-79.797492963081055,-6.739315904176995,0.0],[-79.797439622829287,-6.739326758275371,0.0],[-79.797369637730355,-6.73934524549821,0.0],[-79.797306520031739,-6.73936191862235,0.0],[-79.797183791164798,-6.739394338560362,0.0],[-79.797061062286645,-6.73942675846458,0.0],[-79.796997944573533,-6.739443431545008,0.0],[-79.796851107489772,-6.739482219771229,0.0],[-79.796751384818322,-6.739502583752628,0.0],[-79.796687561836706,-6.739515616786624,0.0],[-79.796563438535856,-6.739540839788643,0.0],[-79.796439361465559,-6.739566301403835,0.0],[-79.796375538361161,-6.739579333810506,0.0],[-79.79625143818069,-6.739604676155327,0.0],[-79.796127337992672,-6.739630018466299,0.0],[-79.796063515035954,-6.739643051641578,0.0],[-79.795939414836582,-6.739668393901268,0.0],[-79.795893654004018,-6.73967773862269,0.0],[-79.795815290185232,-6.739693609961851,0.0],[-79.795751447303971,-6.739706540306739,0.0],[-79.79562730836254,-6.73973168261842,0.0],[-79.795503169413692,-6.739756824896232,0.0],[-79.795209558590741,-6.739816290740541,0.0],[-79.795032533879009,-6.739852143949754,0.0],[-79.794552694066269,-6.739955779666338,0.0],[-79.794384594498212,-6.739992085059073,0.0],[-79.797728047500257,-6.742620209837296,0.0],[-79.797895848220492,-6.742551847224722,0.0],[-79.797995922764343,-6.742511076459222,0.0],[-79.798031401112695,-6.742496791026756,0.0],[-79.79810131998893,-6.74246863637648,0.0],[-79.79822330920662,-6.742419511478847,0.0],[-79.79828485562831,-6.742394726596023,0.0],[-79.798404529140839,-6.742346533378738,0.0],[-79.798524202634113,-6.7422983401278,0.0],[-79.798585748994554,-6.742273555014236,0.0],[-79.798705422458582,-6.742225361712365,0.0],[-79.798825095903325,-6.742177168376861,0.0],[-79.798886642238799,-6.742152383219805,0.0],[-79.799006315654324,-6.742104189833372,0.0],[-79.79912598905058,-6.742055996413321,0.0],[-79.799187535361114,-6.742031211212762,0.0],[-79.799727774979132,-6.741813651848401,0.0],[-79.799789321239757,-6.741788866560886,0.0],[-79.799908994509707,-6.741740672920801,0.0],[-79.800028667760429,-6.741692479247071,0.0],[-79.800090213996086,-6.741667693916058,0.0],[-79.800209887217548,-6.741619500191426,0.0],[-79.800329560419712,-6.74157130643315,0.0],[-79.800391106630443,-6.741546521058672,0.0],[-79.800510779803389,-6.741498327249479,0.0],[-79.800630452957023,-6.741450133406661,0.0],[-79.800692064073218,-6.7414253218404,0.0],[-79.800816907780202,-6.74137504568614,0.0],[-79.800803586470394,-6.74130557075771,0.0],[-79.800791664982384,-6.74124339383845,0.0],[-79.800779743496051,-6.74118121691928,0.0],[-79.800767822011451,-6.741119040000204,0.0],[-79.800755807212937,-6.741056881150729,0.0],[-79.80074379016456,-6.740994722737344,0.0],[-79.800731773288504,-6.740932564291001,0.0],[-79.80071975624351,-6.740870405877802,0.0],[-79.800707739370907,-6.740808247431656,0.0],[-79.800702404666978,-6.740780651772204,0.0],[-79.80069572232938,-6.740746089018622,0.0],[-79.800683705622163,-6.740683930541287,0.0],[-79.800671688916665,-6.740621772064046,0.0],[-79.800663800239363,-6.740580966518378,0.0]]]]}},
{"type":"Feature","properties":{"Layer":"TG_HAB_URB","Color":2,"ESTADO":"INFORMAL O SIN DOCUMENTACION","COD_HAB_UR":"0462","ID_COD_URB":"1401010462","TIPO_HAB_U":"H.U.","NOMB_HAB_U":"H.U. SIN DENOMINACION 043"},"geometry":{"type":"MultiPolygon","coordinates":[[[[-79.825045678156783,-6.809609405605962,0.0],[-79.825495281896039,-6.811085730239197,0.0],[-79.825697532254893,-6.81177007993883,0.0],[-79.826050437622825,-6.811671974736783,0.0],[-79.826136597401558,-6.811563460880815,0.0],[-79.826223780187917,-6.811476827837166,0.0],[-79.826286300292736,-6.811444691152596,0.0],[-79.826718307998121,-6.811341893450211,0.0],[-79.82678974768379,-6.81130977862077,0.0],[-79.826985581819073,-6.811145002956276,0.0],[-79.827379642753343,-6.811073363844678,0.0],[-79.827567459180557,-6.81102567860565,0.0],[-79.82788631070008,-6.810963452450321,0.0],[-79.828118857351413,-6.810913562634091,0.0],[-79.82835512975926,-6.810856701128667,0.0],[-79.828582035316359,-6.810818009346006,0.0],[-79.828668179187844,-6.810813131715691,0.0],[-79.828879535496384,-6.81093110525602,0.0],[-79.829318402821158,-6.810853877261805,0.0],[-79.829336102638052,-6.805932905408313,0.0],[-79.829199978593309,-6.805932416339304,0.0],[-79.829138578079224,-6.805940826858978,0.0],[-79.829066858759845,-6.805950650857749,0.0],[-79.828995139439357,-6.805960474845377,0.0],[-79.828923420117718,-6.805970298821847,0.0],[-79.828851700794957,-6.805980122787193,0.0],[-79.828779981471058,-6.805989946741395,0.0],[-79.828708262146051,-6.805999770684441,0.0],[-79.828636542819893,-6.806009594616363,0.0],[-79.828564823492613,-6.806019418537142,0.0],[-79.828493104164195,-6.806029242446761,0.0],[-79.82842138483467,-6.806039066345257,0.0],[-79.828349665504007,-6.806048890232612,0.0],[-79.828277946172193,-6.806058714108806,0.0],[-79.828206226839271,-6.806068537973875,0.0],[-79.828134507505212,-6.806078361827804,0.0],[-79.828062788170044,-6.806088185670592,0.0],[-79.827991068833725,-6.806098009502219,0.0],[-79.827919349496284,-6.806107833322721,0.0],[-79.827831493306363,-6.806119867487646,0.0],[-79.827834549917768,-6.806678407679668,0.0],[-79.827842612383648,-6.807472409167896,0.0],[-79.827661370928269,-6.807497377195268,0.0],[-79.827596340082223,-6.807506335900399,0.0],[-79.827525528790261,-6.807516090914131,0.0],[-79.827458302414342,-6.807525352057109,0.0],[-79.827391076037415,-6.807534613190295,0.0],[-79.827323849659479,-6.807543874313668,0.0],[-79.827256623280533,-6.807553135427264,0.0],[-79.827189396900593,-6.807562396531049,0.0],[-79.82712217051963,-6.807571657625054,0.0],[-79.827054944137672,-6.807580918709267,0.0],[-79.826987717754704,-6.807590179783667,0.0],[-79.826920491370743,-6.80759944084829,0.0],[-79.826853264985772,-6.807608701903101,0.0],[-79.826786038599764,-6.807617962948134,0.0],[-79.826718812212775,-6.807627223983372,0.0],[-79.826651585824791,-6.807636485008798,0.0],[-79.826584359435799,-6.807645746024448,0.0],[-79.826517133045783,-6.807655007030302,0.0],[-79.826449906654773,-6.807664268026343,0.0],[-79.826382680262753,-6.807673529012608,0.0],[-79.826315453869739,-6.80768278998906,0.0],[-79.826248227475702,-6.807692050955732,0.0],[-79.826181001080684,-6.807701311912612,0.0],[-79.826113774684657,-6.807710572859678,0.0],[-79.826046548287607,-6.807719833796967,0.0],[-79.825979321889562,-6.80772909472446,0.0],[-79.825912095490523,-6.80773835564214,0.0],[-79.82584486909046,-6.807747616550044,0.0],[-79.825748063072623,-6.807760952240197,0.0],[-79.825680836670131,-6.8077702131242,0.0],[-79.825613610266615,-6.807779473998405,0.0],[-79.825546383862118,-6.807788734862799,0.0],[-79.825479157456584,-6.807797995717414,0.0],[-79.82541193105007,-6.807807256562233,0.0],[-79.825344704642546,-6.807816517397241,0.0],[-79.825277478234028,-6.807825778222471,0.0],[-79.825210251824501,-6.807835039037886,0.0],[-79.825143025413951,-6.807844299843524,0.0],[-79.82507579900242,-6.807853560639365,0.0],[-79.82500857258988,-6.807862821425394,0.0],[-79.824941346176345,-6.807872082201643,0.0],[-79.824874119761816,-6.807881342968082,0.0],[-79.824806893346249,-6.80789060372474,0.0],[-79.824753112213102,-6.807898012323017,0.0],[-79.824700252626727,-6.807905293967779,0.0],[-79.824638478666088,-6.807919659537011,0.0],[-79.824569834606436,-6.807926530588279,0.0],[-79.824636649880063,-6.808037641321097,0.0],[-79.82480703685404,-6.808758660141485,0.0],[-79.825045678156783,-6.809609405605962,0.0]]]]}},
{"type":"Feature","properties":{"Layer":"TG_HAB_URB","Color":2,"ESTADO":"INFORMAL O SIN DOCUMENTACION","COD_HAB_UR":"0386","ID_COD_URB":"1401010386","TIPO_HAB_U":"H.U.","NOMB_HAB_U":"H.U. LA ESTANCIA DEL VALLE - II ETAPA"},"geometry":{"type":"MultiPolygon","coordinates":[[[[-79.817602008777754,-6.742311700936709,0.0],[-79.817707941673845,-6.743792250308626,0.0],[-79.818855155676687,-6.743733445795992,0.0],[-79.819166760986619,-6.743691681057235,0.0],[-79.819160274473049,-6.743061471446044,0.0],[-79.819147411642831,-6.742955985180097,0.0],[-79.819072159336883,-6.742761262784678,0.0],[-79.819003367729692,-6.742625885840895,0.0],[-79.818977328524824,-6.742507072749643,0.0],[-79.81898760490617,-6.742335619959158,0.0],[-79.818946988215004,-6.742164239953736,0.0],[-79.817892120023473,-6.742226771518951,0.0],[-79.817596485676006,-6.742233029961588,0.0],[-79.817602008777754,-6.742311700936709,0.0]]]]}},
{"type":"Feature","properties":{"Layer":"TG_HAB_URB","Color":2,"ESTADO":"INFORMAL O SIN DOCUMENTACION","COD_HAB_UR":"0385","ID_COD_URB":"1401010385","TIPO_HAB_U":"H.U.","NOMB_HAB_U":"H.U. LA ESTANCIA DEL VALLE - I ETAPA"},"geometry":{"type":"MultiPolygon","coordinates":[[[[-79.817809860542965,-6.745098296996844,0.0],[-79.81931387542194,-6.744981362191233,0.0],[-79.819331373435929,-6.74493578962261,0.0],[-79.819353868111151,-6.744841296443653,0.0],[-79.819321033841433,-6.744671091450528,0.0],[-79.819239791692766,-6.744222484402682,0.0],[-79.819166760986619,-6.743691681057235,0.0],[-79.818855155676687,-6.743733445795992,0.0],[-79.817707941673845,-6.743792250308626,0.0],[-79.817797686018451,-6.745098928366038,0.0],[-79.817809860542965,-6.745098296996844,0.0]]]]}},
{"type":"Feature","properties":{"Layer":"TG_HAB_URB","Color":3,"ESTADO":"TITULADAS POR COFOPRI","COD_HAB_UR":"0318","ID_COD_URB":"1401010318","TIPO_HAB_U":"P.J.","NOMB_HAB_U":"P.J. BARRIO SUB OFICIALES - SECTOR A"},"geometry":{"type":"MultiPolygon","coordinates":[[[[-79.829259561477599,-6.774482449501601,0.0],[-79.829685503885628,-6.776149217829518,0.0],[-79.831675708612977,-6.776298233493049,0.0],[-79.831678601000988,-6.775971698125745,0.0],[-79.831072535643543,-6.775928118255568,0.0],[-79.831054361048473,-6.776152622027805,0.0],[-79.831020080441945,-6.776149757539346,0.0],[-79.830909175920695,-6.776140551359393,0.0],[-79.830897009066874,-6.776139473671804,0.0],[-79.830827613891657,-6.776133326939643,0.0],[-79.830746013375247,-6.776126552814074,0.0],[-79.830722118658741,-6.776124569273859,0.0],[-79.830664413201049,-6.77611977461449,0.0],[-79.83063375587308,-6.776117231356906,0.0],[-79.830582812300264,-6.776113005197368,0.0],[-79.830545392637688,-6.776109898902948,0.0],[-79.830501211771988,-6.776106231341448,0.0],[-79.830419611284626,-6.776099457035168,0.0],[-79.830404289433972,-6.776098099880592,0.0],[-79.830364635062296,-6.77609458743623,0.0],[-79.830338049452322,-6.776092232574781,0.0],[-79.830256449249958,-6.776085454925802,0.0],[-79.830182962232911,-6.77607935799645,0.0],[-79.830174848423667,-6.776078684824843,0.0],[-79.830093247916253,-6.776071910929949,0.0],[-79.830011647413457,-6.776065137021714,0.0],[-79.830005788107115,-6.776064618019332,0.0],[-79.829930085606094,-6.776057912479042,0.0],[-79.829819000762484,-6.776048690520033,0.0],[-79.829802169639891,-6.776047255313872,0.0],[-79.829818544271674,-6.775837946076558,0.0],[-79.82973980555316,-6.775832284014467,0.0],[-79.829708882668243,-6.775708750083709,0.0],[-79.829688677464247,-6.775628032227343,0.0],[-79.829680243989159,-6.77559434129603,0.0],[-79.82965861125065,-6.775507920547746,0.0],[-79.829636978517399,-6.775421499799508,0.0],[-79.829593603255958,-6.775248219619834,0.0],[-79.829582622180212,-6.775204351219208,0.0],[-79.829541992212356,-6.775042038139232,0.0],[-79.829531120953803,-6.774998608423251,0.0],[-79.829521128181966,-6.774958688179312,0.0],[-79.829512453139188,-6.77492403214335,0.0],[-79.829494444192292,-6.774852087967511,0.0],[-79.829476105817164,-6.774778827739688,0.0],[-79.829459194983542,-6.774711270403895,0.0],[-79.829449861083248,-6.774673982264009,0.0],[-79.829537578396938,-6.77467678500023,0.0],[-79.829535049691614,-6.774607190735628,0.0],[-79.829531338732664,-6.774505058892636,0.0],[-79.829567833531854,-6.774498413735673,0.0],[-79.829621240554133,-6.77448868911047,0.0],[-79.82954905252943,-6.774160308456839,0.0],[-79.829471371868664,-6.774144818768905,0.0],[-79.829334639842443,-6.774117554082366,0.0],[-79.829130412647416,-6.774139290240543,0.0],[-79.829290182236278,-6.774468310244612,0.0],[-79.829259561477599,-6.774482449501601,0.0]]]]}},
{"type":"Feature","properties":{"Layer":"TG_HAB_URB","Color":2,"ESTADO":"INFORMAL O SIN DOCUMENTACION","COD_HAB_UR":"0302","ID_COD_URB":"1401010302","TIPO_HAB_U":"H.U.","NOMB_HAB_U":"H.U. AMPLIACION SAUL CANTORAL HUAMANI (PROPIEDAD INFORMAL)"},"geometry":{"type":"MultiPolygon","coordinates":[[[[-79.818721210308183,-6.757503832775944,0.0],[-79.818712305636538,-6.757576087837313,0.0],[-79.818703385982232,-6.757648334829862,0.0],[-79.818684147556709,-6.757715023650637,0.0],[-79.818664922815231,-6.757781719844137,0.0],[-79.818645691221732,-6.757848412348586,0.0],[-79.818628868385062,-6.75790675159644,0.0],[-79.81861012035715,-6.757971919725099,0.0],[-79.818591494806071,-6.758036821664001,0.0],[-79.818572790617353,-6.75810133359914,0.0],[-79.818554100694897,-6.758165953545341,0.0],[-79.818535479827773,-6.758230180010444,0.0],[-79.818516894619989,-6.758294095639887,0.0],[-79.818497912355397,-6.758359500139214,0.0],[-79.818418132507446,-6.758634385993485,0.0],[-79.81841066034788,-6.75866052628665,0.0],[-79.818367656186382,-6.758810970186568,0.0],[-79.81974874934042,-6.757921753868052,0.0],[-79.819674895998403,-6.757807571520098,0.0],[-79.819561318619776,-6.757631972971008,0.0],[-79.819526585508456,-6.757578278970249,0.0],[-79.81949172158393,-6.757524346427,0.0],[-79.819459814294262,-6.757475072559572,0.0],[-79.819422339326437,-6.757417011918019,0.0],[-79.819382897356036,-6.757356022324483,0.0],[-79.819343531192402,-6.757295199140618,0.0],[-79.81932705672574,-6.757269034423218,0.0],[-79.819332672479405,-6.757259283176957,0.0],[-79.819349842985332,-6.757220307580488,0.0],[-79.8195407210372,-6.756875307849608,0.0],[-79.818365143799483,-6.756192775962633,0.0],[-79.818303101779691,-6.756310092513774,0.0],[-79.818296336321438,-6.756322885455451,0.0],[-79.818347583093782,-6.756352631975264,0.0],[-79.818377007013311,-6.756335566313359,0.0],[-79.818440419267759,-6.756392938247926,0.0],[-79.818494145282401,-6.756453911858216,0.0],[-79.818534825481322,-6.756510441674715,0.0],[-79.818567489351196,-6.756566707790435,0.0],[-79.818569788293118,-6.756571444508549,0.0],[-79.818591241647212,-6.756615646791334,0.0],[-79.818611760646633,-6.756668592173608,0.0],[-79.818616392585739,-6.756683981147066,0.0],[-79.818624965029926,-6.756717901156732,0.0],[-79.818765323171633,-6.757148455843935,0.0],[-79.818729998195082,-6.757432714501858,0.0],[-79.818721210308183,-6.757503832775944,0.0]]]]}},
{"type":"Feature","properties":{"Layer":"TG_HAB_URB","Color":5,"ESTADO":"APROBADOS POR LA MPCH CON RESOLUCION","COD_HAB_UR":"0358","ID_COD_URB":"1401010358","TIPO_HAB_U":"H.U.","NOMB_HAB_U":"H.U. PROVIVIENDA NUEVO MUNDO"},"geometry":{"type":"MultiPolygon","coordinates":[[[[-79.817545888372706,-6.755747629470154,0.0],[-79.816169105094531,-6.758366892287435,0.0],[-79.816890624536754,-6.758955084570944,0.0],[-79.816931650687266,-6.758903378381798,0.0],[-79.816968184590749,-6.758834296671862,0.0],[-79.816989749736564,-6.758793519271365,0.0],[-79.817010892032485,-6.758753541426141,0.0],[-79.817032034324484,-6.758713563579328,0.0],[-79.817061633526777,-6.758657594591129,0.0],[-79.817091232721467,-6.758601625599816,0.0],[-79.817120831908511,-6.758545656605395,0.0],[-79.817239228580405,-6.758321780596535,0.0],[-79.817435851355867,-6.757949986400631,0.0],[-79.8174599534794,-6.757904411618767,0.0],[-79.817481518533,-6.757863634180622,0.0],[-79.817503083582579,-6.757822856740827,0.0],[-79.817524225784098,-6.75778287885707,0.0],[-79.817545367981737,-6.757742900971746,0.0],[-79.81756651017551,-6.757702923084816,0.0],[-79.817587652365376,-6.757662945196302,0.0],[-79.817608794551347,-6.757622967306199,0.0],[-79.817629936733454,-6.75758298941451,0.0],[-79.817651078911652,-6.757543011521234,0.0],[-79.817672221085985,-6.757503033626371,0.0],[-79.817694208943152,-6.75746145661405,0.0],[-79.817715351109555,-6.757421478715934,0.0],[-79.817736493272079,-6.757381500816265,0.0],[-79.817757635430681,-6.757341522914993,0.0],[-79.817778777585417,-6.757301545012135,0.0],[-79.817799919736288,-6.75726156710769,0.0],[-79.817821484726139,-6.757220789643522,0.0],[-79.817843049711954,-6.757180012177705,0.0],[-79.817864191850987,-6.757140034268438,0.0],[-79.81788533398614,-6.757100056357598,0.0],[-79.817906476117415,-6.757060078445141,0.0],[-79.817927618244781,-6.757020100531131,0.0],[-79.817948760368282,-6.756980122615519,0.0],[-79.817969902487889,-6.756940144698318,0.0],[-79.817991044603616,-6.756900166779531,0.0],[-79.818012186715436,-6.75686018885916,0.0],[-79.818033328823404,-6.756820210937201,0.0],[-79.818054470927464,-6.756780233013655,0.0],[-79.818075613027631,-6.756740255088541,0.0],[-79.818096755123932,-6.756700277161824,0.0],[-79.81812212563436,-6.756652303647661,0.0],[-79.818149187505966,-6.756601131896726,0.0],[-79.818170329588739,-6.756561153964472,0.0],[-79.818191471667618,-6.756521176030665,0.0],[-79.818212613742617,-6.756481198095255,0.0],[-79.818237561386113,-6.756434024129422,0.0],[-79.818296336321438,-6.756322885455451,0.0],[-79.818303101779691,-6.756310092513774,0.0],[-79.818365143799483,-6.756192775962633,0.0],[-79.817545888372706,-6.755747629470154,0.0]]]]}},
{"type":"Feature","properties":{"Layer":"TG_HAB_URB","Color":5,"ESTADO":"APROBADOS POR LA MPCH CON RESOLUCION","COD_HAB_UR":"0338","ID_COD_URB":"1401010338","TIPO_HAB_U":"H.U.","NOMB_HAB_U":"H.U. NUEVA POSADA DEL SOL DE CHICLAYO - III ETAPA"},"geometry":{"type":"MultiPolygon","coordinates":[[[[-79.795048616798255,-6.741803275110891,0.0],[-79.795177109966716,-6.741901921711898,0.0],[-79.795259227799619,-6.741964965068188,0.0],[-79.795303884136317,-6.741906814056644,0.0],[-79.795341864030476,-6.741857357015316,0.0],[-79.795381337823528,-6.741887640796428,0.0],[-79.795384927060795,-6.741890392942315,0.0],[-79.795427998081735,-6.741923418469143,0.0],[-79.795471069095655,-6.741956444010227,0.0],[-79.795514140115685,-6.741989469548519,0.0],[-79.795557211141841,-6.742022495084003,0.0],[-79.795600287451521,-6.742055513744471,0.0],[-79.795647065988021,-6.742091137424562,0.0],[-79.795690246181934,-6.742124020818616,0.0],[-79.795733426381958,-6.742156904209839,0.0],[-79.79578462231774,-6.742195945436998,0.0],[-79.795835697838186,-6.742235143475252,0.0],[-79.795886799091818,-6.742274313580003,0.0],[-79.795938076036805,-6.742313706071831,0.0],[-79.795989186550401,-6.742352970856627,0.0],[-79.796036704051431,-6.742389475050013,0.0],[-79.796042978641239,-6.742394295375445,0.0],[-79.796086015664784,-6.742427357685213,0.0],[-79.796096765382899,-6.742435615934289,0.0],[-79.796129042593051,-6.74246041223202,0.0],[-79.796150546870123,-6.742476932444837,0.0],[-79.796172065316455,-6.742493463541018,0.0],[-79.796204323577442,-6.742518245271609,0.0],[-79.796215083835577,-6.74252651161268,0.0],[-79.796258273458989,-6.74255969112408,0.0],[-79.796165027600495,-6.74312482026433,0.0],[-79.796031123775066,-6.743102674568279,0.0],[-79.796018617083774,-6.743177341074984,0.0],[-79.79564414640582,-6.743114659822562,0.0],[-79.79563966434776,-6.743141419528819,0.0],[-79.79561757762383,-6.743275274806737,0.0],[-79.795564041493193,-6.743266310979869,0.0],[-79.7955105049503,-6.743257349663962,0.0],[-79.795456968410406,-6.743248388342525,0.0],[-79.795403431873481,-6.743239427015559,0.0],[-79.795349895339527,-6.743230465683065,0.0],[-79.795296358808571,-6.743221504345043,0.0],[-79.795242822280599,-6.743212543001493,0.0],[-79.795220735763607,-6.743346396305587,0.0],[-79.79520395016705,-6.743448123791684,0.0],[-79.795159777238638,-6.743715829236159,0.0],[-79.795145557651097,-6.743801480854031,0.0],[-79.795121100799577,-6.743797387076364,0.0],[-79.795100972995513,-6.743931567643557,0.0],[-79.795087410462386,-6.74401967327756,0.0],[-79.795545906170915,-6.744092462599608,0.0],[-79.796740174583078,-6.744284875189464,0.0],[-79.797051934395768,-6.742395465282903,0.0],[-79.79539013902253,-6.741121358244219,0.0],[-79.795384668723784,-6.741128479180217,0.0],[-79.795288269853586,-6.741254011319836,0.0],[-79.795191818247261,-6.741379521194701,0.0],[-79.795099245718944,-6.741500026821956,0.0],[-79.795063550595628,-6.741472613057826,0.0],[-79.794980914388717,-6.741580221069762,0.0],[-79.795023959827375,-6.741613279861206,0.0],[-79.794941323634134,-6.741720887900077,0.0],[-79.795006065680155,-6.74177060138588,0.0],[-79.795048616798255,-6.741803275110891,0.0]]]]}},
{"type":"Feature","properties":{"Layer":"TG_HAB_URB","Color":5,"ESTADO":"APROBADOS POR LA MPCH CON RESOLUCION","COD_HAB_UR":"0339","ID_COD_URB":"1401010339","TIPO_HAB_U":"H.U.","NOMB_HAB_U":"H.U. NUEVA POSADA DEL SOL DE CHICLAYO - IV ETAPA"},"geometry":{"type":"MultiPolygon","coordinates":[[[[-79.794042303412866,-6.740083624818123,0.0],[-79.793633498472488,-6.740247702585887,0.0],[-79.793440844687325,-6.740348240729505,0.0],[-79.793264756038326,-6.740440134093992,0.0],[-79.793154250030028,-6.740497802543511,0.0],[-79.793009996061912,-6.740760575611699,0.0],[-79.79278235177496,-6.740867706034937,0.0],[-79.7927242015883,-6.740909476072591,0.0],[-79.79274355848105,-6.740938007688725,0.0],[-79.792851109233666,-6.741096534968641,0.0],[-79.792955162857737,-6.741185940546963,0.0],[-79.793035603965905,-6.74117741808579,0.0],[-79.793120986602091,-6.741095545465783,0.0],[-79.793165158859054,-6.741129693807164,0.0],[-79.793182651455993,-6.741143216844391,0.0],[-79.793213174821034,-6.741166813600826,0.0],[-79.79322559158912,-6.741176412654494,0.0],[-79.793256442618741,-6.741199844835472,0.0],[-79.793268810690847,-6.741209245202104,0.0],[-79.793299653878833,-6.741232687597969,0.0],[-79.793315613424511,-6.741244837188133,0.0],[-79.793342758529548,-6.741265669190367,0.0],[-79.793362258695353,-6.7412806342254,0.0],[-79.793390788166604,-6.741302528628093,0.0],[-79.793405315874764,-6.741313677641478,0.0],[-79.793446602214544,-6.741345362053178,0.0],[-79.793448373060315,-6.741346721054751,0.0],[-79.793491330445562,-6.74137989403176,0.0],[-79.79350236287803,-6.741388421476516,0.0],[-79.793536605448651,-6.741414889038883,0.0],[-79.793552405047137,-6.741427101229599,0.0],[-79.793579508720953,-6.741448050825047,0.0],[-79.793602521282196,-6.741465707631959,0.0],[-79.793622611425633,-6.741481049256073,0.0],[-79.793652890586287,-6.741504171611619,0.0],[-79.793665774691704,-6.741514010419099,0.0],[-79.793703276101368,-6.741542647960423,0.0],[-79.793708948202138,-6.741546979397656,0.0],[-79.793755742525747,-6.741582713362056,0.0],[-79.793802258750446,-6.741618234950596,0.0],[-79.793793364616789,-6.741672136426789,0.0],[-79.793791155957862,-6.741685521648481,0.0],[-79.793784529979959,-6.741725677313374,0.0],[-79.793780112660443,-6.741752447756411,0.0],[-79.793775695340187,-6.74177921819934,0.0],[-79.793769069358405,-6.741819373863388,0.0],[-79.793766860697431,-6.741832759084687,0.0],[-79.793758083032941,-6.741885954644381,0.0],[-79.793749301426146,-6.741939174077493,0.0],[-79.793747011682782,-6.741953050674411,0.0],[-79.793740466748673,-6.741992715117861,0.0],[-79.793735968366875,-6.74201997677847,0.0],[-79.793731632068258,-6.742046256157592,0.0],[-79.793726491334453,-6.742077410669626,0.0],[-79.793722797384874,-6.74209979719672,0.0],[-79.793717014298622,-6.742134844560106,0.0],[-79.793713962698533,-6.742153338235229,0.0],[-79.79370753725938,-6.742192278449854,0.0],[-79.793705128009222,-6.742206879273136,0.0],[-79.793697917306261,-6.742250578421578,0.0],[-79.79369629331697,-6.742260420310404,0.0],[-79.793688297349632,-6.742308878392553,0.0],[-79.793687458621761,-6.742313961347019,0.0],[-79.793678623923569,-6.742367502383068,0.0],[-79.793669789222449,-6.742421043418478,0.0],[-79.793660954518359,-6.74247458445325,0.0],[-79.793652119811313,-6.742528125487457,0.0],[-79.793643285101311,-6.742581666520991,0.0],[-79.793634450388339,-6.742635207553906,0.0],[-79.793625615672411,-6.742688748586218,0.0],[-79.793616780953528,-6.742742289617909,0.0],[-79.793607946231702,-6.742795830648966,0.0],[-79.793599111524216,-6.742849371574375,0.0],[-79.793732952579958,-6.742871775448001,0.0],[-79.793759601944757,-6.742876169386519,0.0],[-79.793779967236816,-6.742754363643398,0.0],[-79.794764768615948,-6.742917944992506,0.0],[-79.794769250716413,-6.742891185302181,0.0],[-79.794943244571385,-6.741852378233455,0.0],[-79.795006065680141,-6.74177060138588,0.0],[-79.794941323634134,-6.741720887900077,0.0],[-79.795023959827375,-6.741613279861206,0.0],[-79.794980914388717,-6.741580221069762,0.0],[-79.795063550595628,-6.741472613057826,0.0],[-79.795099245718944,-6.741500026821956,0.0],[-79.795191818247261,-6.741379521194701,0.0],[-79.795288269853586,-6.741254011319836,0.0],[-79.795390137789781,-6.741121357272751,0.0],[-79.794042303412866,-6.740083624818123,0.0]]]]}},
{"type":"Feature","properties":{"Layer":"TG_HAB_URB","Color":5,"ESTADO":"APROBADOS POR LA MPCH CON RESOLUCION","COD_HAB_UR":"0340","ID_COD_URB":"1401010340","TIPO_HAB_U":"H.U.","NOMB_HAB_U":"H.U. VILLA POSADA DEL SOL DE CHICLAYO - I ETAPA"},"geometry":{"type":"MultiPolygon","coordinates":[[[[-79.792072266985343,-6.742079462203487,0.0],[-79.791458788829587,-6.742298250605318,0.0],[-79.791455542458138,-6.742296245458327,0.0],[-79.791455100130051,-6.742303712979651,0.0],[-79.791455895329165,-6.74231115122288,0.0],[-79.79145790629444,-6.742318356635615,0.0],[-79.791461077994498,-6.742325132037023,0.0],[-79.791465323633787,-6.742331292013772,0.0],[-79.791470527027585,-6.742336667994052,0.0],[-79.791476545781649,-6.742341112860598,0.0],[-79.791669959959435,-6.742460577197553,0.0],[-79.791793412853963,-6.742536829134219,0.0],[-79.791789650146569,-6.742533996394708,0.0],[-79.791786429729868,-6.742530559985786,0.0],[-79.791783847215243,-6.742526621931458,0.0],[-79.791781979275271,-6.742522299149168,0.0],[-79.791780881367472,-6.742517719978536,0.0],[-79.791780586087739,-6.742513020371154,0.0],[-79.79178110220262,-6.742508339854308,0.0],[-79.791782414389132,-6.742503817388429,0.0],[-79.791784483689568,-6.742499587241594,0.0],[-79.791787248668186,-6.742495775003178,0.0],[-79.791790627235173,-6.7424924938552,0.0],[-79.791794519083808,-6.74248984121209,0.0],[-79.791798808668517,-6.742487895828496,0.0],[-79.7920285906808,-6.742406155074634,0.0],[-79.792036390306038,-6.742404026277335,0.0],[-79.792044419710763,-6.742403079237357,0.0],[-79.792052500759809,-6.742403334965164,0.0],[-79.792060454172145,-6.742404787787344,0.0],[-79.792068103498494,-6.742407405472514,0.0],[-79.792075279035771,-6.742411129946416,0.0],[-79.792349868881786,-6.742580732786046,0.0],[-79.793305053072402,-6.743164455731819,0.0],[-79.793324957314425,-6.74304383076402,0.0],[-79.793390852887825,-6.742644485490775,0.0],[-79.793324703986812,-6.742604061298699,0.0],[-79.793301395107719,-6.742589817028304,0.0],[-79.793258555097722,-6.742563637099511,0.0],[-79.793255081583638,-6.742561514402468,0.0],[-79.793208768064048,-6.742533211772328,0.0],[-79.793163612389478,-6.742505616705434,0.0],[-79.793116141045203,-6.742476606503298,0.0],[-79.793069827544585,-6.742448303863575,0.0],[-79.793023514049835,-6.742420001220383,0.0],[-79.792977200139731,-6.742391699262552,0.0],[-79.792930887079294,-6.742363395924414,0.0],[-79.792884573602137,-6.742335093270809,0.0],[-79.792838259622613,-6.742306791441803,0.0],[-79.792791946664053,-6.742278487952357,0.0],[-79.792745633205868,-6.74225018528917,0.0],[-79.79269931975081,-6.742221882620854,0.0],[-79.792653006304363,-6.742193579950725,0.0],[-79.792606739267981,-6.742165201387762,0.0],[-79.792560560404311,-6.742136678639276,0.0],[-79.792514381545161,-6.742108155886517,0.0],[-79.792468202694621,-6.74207963313196,0.0],[-79.792422023847251,-6.742051110372321,0.0],[-79.792375845530131,-6.742022587933106,0.0],[-79.792282906001915,-6.741965183003726,0.0],[-79.792072266985343,-6.742079462203487,0.0]]]]}},
{"type":"Feature","properties":{"Layer":"TG_HAB_URB","Color":2,"ESTADO":"INFORMAL O SIN DOCUMENTACION","COD_HAB_UR":"0394","ID_COD_URB":"1401010394","TIPO_HAB_U":"H.U.","NOMB_HAB_U":"H.U. RESIDENCIAL LA FLORESTA - II ETAPA"},"geometry":{"type":"MultiPolygon","coordinates":[[[[-79.807531875072939,-6.744596037732168,0.0],[-79.807538346874921,-6.744649915367721,0.0],[-79.807544818677314,-6.744703793003327,0.0],[-79.807551290480092,-6.74475767063898,0.0],[-79.807557762283281,-6.744811548274683,0.0],[-79.807564234086868,-6.744865425910436,0.0],[-79.807570705890839,-6.744919303546254,0.0],[-79.807577177695208,-6.744973181182107,0.0],[-79.807583649499989,-6.745027058818025,0.0],[-79.807590121305154,-6.745080936453975,0.0],[-79.807596593110716,-6.745134814089976,0.0],[-79.807603064916691,-6.745188691726026,0.0],[-79.807609536723064,-6.745242569362126,0.0],[-79.80761600852982,-6.745296446998274,0.0],[-79.807622480336988,-6.745350324634472,0.0],[-79.807623850202901,-6.745361728734165,0.0],[-79.807650816070719,-6.745586218885585,0.0],[-79.807668829274263,-6.745736178307187,0.0],[-79.807824226543261,-6.745717523909572,0.0],[-79.807947163893786,-6.745703077732193,0.0],[-79.808089084921761,-6.745686020017772,0.0],[-79.808214837729025,-6.745670905551313,0.0],[-79.808335380775091,-6.745656417223871,0.0],[-79.808461133578106,-6.74564130269119,0.0],[-79.808586886378919,-6.745626188124707,0.0],[-79.808698267429236,-6.745612800908998,0.0],[-79.808768509348809,-6.745604358312579,0.0],[-79.808754351016944,-6.745486637722664,0.0],[-79.808752266686028,-6.745469307384105,0.0],[-79.808745711303558,-6.745414802122515,0.0],[-79.80873923151897,-6.745360925422454,0.0],[-79.808736034825401,-6.745334346250436,0.0],[-79.808732751734809,-6.745307048722442,0.0],[-79.808726271951016,-6.745253172022478,0.0],[-79.808719792167665,-6.745199295322564,0.0],[-79.808784285332237,-6.745191543668077,0.0],[-79.808919020353898,-6.745175349375127,0.0],[-79.809096982966309,-6.745178627534961,0.0],[-79.812829695457651,-6.744726619577045,0.0],[-79.812824552418775,-6.744705547888305,0.0],[-79.812684374558785,-6.744167278217923,0.0],[-79.812618250494495,-6.743913840661983,0.0],[-79.812594190647076,-6.743797664387245,0.0],[-79.812588341337374,-6.743768297268724,0.0],[-79.812560166437038,-6.743547656081708,0.0],[-79.812560650759082,-6.74341357831461,0.0],[-79.811893673214882,-6.743483610507863,0.0],[-79.811060949576657,-6.74360698479862,0.0],[-79.809971747183994,-6.74371155101537,0.0],[-79.808026429137598,-6.743969684729343,0.0],[-79.807826709762224,-6.74401168202636,0.0],[-79.807726715513539,-6.744057590970053,0.0],[-79.807632084763227,-6.744144927941562,0.0],[-79.807567473599363,-6.744222810963871,0.0],[-79.807532718730371,-6.744316287423595,0.0],[-79.807503672645652,-6.744361252992331,0.0],[-79.807505987868964,-6.744380527190445,0.0],[-79.807512459669368,-6.7444344048258,0.0],[-79.807518931470156,-6.744488282461207,0.0],[-79.807525403271356,-6.744542160096662,0.0],[-79.807531875072939,-6.744596037732168,0.0]]]]}},
{"type":"Feature","properties":{"Layer":"TG_HAB_URB","Color":2,"ESTADO":"INFORMAL O SIN DOCUMENTACION","COD_HAB_UR":"0393","ID_COD_URB":"1401010393","TIPO_HAB_U":"H.U.","NOMB_HAB_U":"H.U. RESIDENCIAL LA FLORESTA - I ETAPA"},"geometry":{"type":"MultiPolygon","coordinates":[[[[-79.80487652760047,-6.743508084261022,0.0],[-79.804750491853,-6.744452876624213,0.0],[-79.804498449826909,-6.744550105089748,0.0],[-79.804072038337125,-6.744743138622858,0.0],[-79.80375872058859,-6.744909672201899,0.0],[-79.803216757947737,-6.745254186947302,0.0],[-79.802733689681105,-6.745631362150714,0.0],[-79.802278508967106,-6.746060817915156,0.0],[-79.803625509094161,-6.747089426609132,0.0],[-79.803854725032465,-6.746793486524179,0.0],[-79.803939467952475,-6.74668407503101,0.0],[-79.803973918984397,-6.746639595319706,0.0],[-79.80400837000974,-6.746595115604779,0.0],[-79.804042821028531,-6.746550635886215,0.0],[-79.804077272040715,-6.746506156164029,0.0],[-79.804111723046347,-6.746461676438208,0.0],[-79.804146174045385,-6.746417196708777,0.0],[-79.804199373686146,-6.74634851056001,0.0],[-79.804274933467426,-6.746310029565761,0.0],[-79.80432330084696,-6.746285397074976,0.0],[-79.804371668222231,-6.746260764578524,0.0],[-79.804420035593239,-6.746236132076391,0.0],[-79.804468402959984,-6.746211499568575,0.0],[-79.804516770322465,-6.746186867055058,0.0],[-79.804565137680683,-6.746162234535893,0.0],[-79.804613505034652,-6.746137602011027,0.0],[-79.804661872384344,-6.74611296948048,0.0],[-79.804710239729758,-6.746088336944232,0.0],[-79.804758607766132,-6.746063705766478,0.0],[-79.804819420741623,-6.746035726423022,0.0],[-79.804869871070792,-6.746015699951793,0.0],[-79.804920321396594,-6.7459956734746,0.0],[-79.804970771719013,-6.745975646991408,0.0],[-79.805021222038079,-6.745955620502283,0.0],[-79.805071672353776,-6.745935594007194,0.0],[-79.805122122666091,-6.745915567506141,0.0],[-79.805172572975039,-6.745895540999102,0.0],[-79.805223023280604,-6.745875514486102,0.0],[-79.805273473582801,-6.745855487967136,0.0],[-79.805323923881645,-6.745835461442221,0.0],[-79.805378663006834,-6.745813732435714,0.0],[-79.805414636869671,-6.74576974588698,0.0],[-79.805462907932579,-6.745710723086051,0.0],[-79.805479422408951,-6.74570617232681,0.0],[-79.805950238673773,-6.745576433054261,0.0],[-79.806287240281236,-6.745518260902055,0.0],[-79.806418912346231,-6.745495532017361,0.0],[-79.80642742259343,-6.745566381099315,0.0],[-79.806434002125968,-6.745621156688703,0.0],[-79.806440581658904,-6.745675932278143,0.0],[-79.806447161192267,-6.745730707867668,0.0],[-79.806476354316658,-6.745727203507356,0.0],[-79.806530249315244,-6.745720733914282,0.0],[-79.806584144313433,-6.745714264315032,0.0],[-79.806638039311224,-6.745707794709572,0.0],[-79.806691934308617,-6.745701325097888,0.0],[-79.806745829305598,-6.74569485548001,0.0],[-79.806799724302209,-6.745688385855924,0.0],[-79.80690751429421,-6.745675446589091,0.0],[-79.806961409289613,-6.745668976946395,0.0],[-79.807015304284619,-6.745662507297457,0.0],[-79.807069199279212,-6.745656037642309,0.0],[-79.807123094273436,-6.745649567980954,0.0],[-79.807176989267248,-6.745643098313423,0.0],[-79.807230884260662,-6.745636628639632,0.0],[-79.807284779253678,-6.745630158959683,0.0],[-79.807345411120352,-6.745622880562286,0.0],[-79.80740649211144,-6.745615548242899,0.0],[-79.807467573102031,-6.745608215915503,0.0],[-79.80752865409211,-6.745600883580165,0.0],[-79.807589735081663,-6.745593551236871,0.0],[-79.807650816070719,-6.745586218885585,0.0],[-79.807623850202901,-6.745361728734165,0.0],[-79.807503623640088,-6.744361207016232,0.0],[-79.807419295083534,-6.744352842501912,0.0],[-79.807351028952155,-6.744306149057467,0.0],[-79.80726270787936,-6.744231293489842,0.0],[-79.807195246432386,-6.744149024015655,0.0],[-79.807141836552134,-6.74411679304924,0.0],[-79.806988783463296,-6.744045074979604,0.0],[-79.806652265759439,-6.743921276938004,0.0],[-79.806449260727476,-6.743867249869374,0.0],[-79.80487652760047,-6.743508084261022,0.0]]]]}},
{"type":"Feature","properties":{"Layer":"TG_HAB_URB","Color":3,"ESTADO":"TITULADAS POR COFOPRI","COD_HAB_UR":"0044","ID_COD_URB":"1401010044","TIPO_HAB_U":"P.J.","NOMB_HAB_U":"P.J. SANTA ROSA DE LIMA"},"geometry":{"type":"MultiPolygon","coordinates":[[[[-79.84866785805383,-6.762531501529995,0.0],[-79.849986627012285,-6.763078074611658,0.0],[-79.850279798897944,-6.763238981693255,0.0],[-79.850257875395059,-6.763284904347928,0.0],[-79.850250028319252,-6.763301341795191,0.0],[-79.850227079550237,-6.763349411672495,0.0],[-79.850195515956003,-6.763415527159648,0.0],[-79.850179344502948,-6.763449401096637,0.0],[-79.850163367927351,-6.763482866822533,0.0],[-79.850158455014551,-6.763493158136321,0.0],[-79.85011621184114,-6.763581643631808,0.0],[-79.85006220526644,-6.763694769504665,0.0],[-79.849807801660262,-6.763866948045455,0.0],[-79.849776195263303,-6.7638978951942,0.0],[-79.849741292491345,-6.763932069954166,0.0],[-79.849708651931664,-6.763964029680318,0.0],[-79.849672456454527,-6.763999470165286,0.0],[-79.849640139058252,-6.76403111345387,0.0],[-79.849609239047524,-6.764061478715666,0.0],[-79.849578921846387,-6.764091271247725,0.0],[-79.849562138908368,-6.764107763737764,0.0],[-79.849546524912682,-6.764123107513657,0.0],[-79.849514314158867,-6.764154760814715,0.0],[-79.849485321480216,-6.764183251727963,0.0],[-79.849472026937605,-6.764192500686168,0.0],[-79.849443859873602,-6.764219326798736,0.0],[-79.849416347854643,-6.764245529046089,0.0],[-79.849379445221373,-6.764283245270986,0.0],[-79.849364772029745,-6.764298241959485,0.0],[-79.849390949896716,-6.7643275723586,0.0],[-79.849375086878439,-6.76434158803857,0.0],[-79.849336716342307,-6.764375490102304,0.0],[-79.849295343289171,-6.76441204501289,0.0],[-79.849282482782115,-6.764423407833942,0.0],[-79.849253179072932,-6.76444929894049,0.0],[-79.849228591534455,-6.76447102310039,0.0],[-79.849211845006863,-6.764485819384069,0.0],[-79.849171868936693,-6.764521139969729,0.0],[-79.849147246787922,-6.76454289469762,0.0],[-79.849131214875541,-6.764557059580143,0.0],[-79.849120135807951,-6.764566848410888,0.0],[-79.849090514987864,-6.764593019670598,0.0],[-79.849065924176145,-6.764614746699177,0.0],[-79.849064129220608,-6.764612711431808,0.0],[-79.849046896440626,-6.76462822697119,0.0],[-79.849010344900591,-6.764661136156907,0.0],[-79.848967650646514,-6.76469957592624,0.0],[-79.848958594101788,-6.764707729984384,0.0],[-79.848927505624971,-6.764735720484222,0.0],[-79.84890278058792,-6.764757981659023,0.0],[-79.848888356281009,-6.76477096857488,0.0],[-79.848848683806921,-6.764806687656099,0.0],[-79.848784848567277,-6.764853241470544,0.0],[-79.848741993582536,-6.76489351699906,0.0],[-79.848732442266552,-6.764902493066312,0.0],[-79.84870012376129,-6.764932866650232,0.0],[-79.848678060084595,-6.764953601946103,0.0],[-79.848657308394777,-6.764973104922185,0.0],[-79.84864608994809,-6.764983647768601,0.0],[-79.848615453521489,-6.765012440502586,0.0],[-79.848573580345544,-6.765051792922505,0.0],[-79.84854087323626,-6.765013706368866,0.0],[-79.848502626541361,-6.764969168717081,0.0],[-79.84848335586716,-6.764946728327842,0.0],[-79.848464085194706,-6.764924287938171,0.0],[-79.848367927826686,-6.764812313354044,0.0],[-79.848092628488985,-6.765050279342322,0.0],[-79.847999646100348,-6.764944997666308,0.0],[-79.84780178562653,-6.765127288900064,0.0],[-79.847751231253412,-6.765173864863463,0.0],[-79.847649099351145,-6.765267960639079,0.0],[-79.847725747823134,-6.765347546342838,0.0],[-79.847562534383954,-6.765533110984602,0.0],[-79.847519024872369,-6.765808508385489,0.0],[-79.84752453987528,-6.765848058517327,0.0],[-79.847512946315987,-6.765889199487191,0.0],[-79.847464443467643,-6.766061559546743,0.0],[-79.847434692598412,-6.76606480702007,0.0],[-79.847371734151849,-6.766071680006578,0.0],[-79.847309295866935,-6.766078496543831,0.0],[-79.847301969432124,-6.766107810584776,0.0],[-79.847287016458679,-6.766167639406726,0.0],[-79.847273848211969,-6.766220327284064,0.0],[-79.847260693495826,-6.766272961007963,0.0],[-79.84724801770713,-6.766323678465868,0.0],[-79.84723506649074,-6.766375497930059,0.0],[-79.84722235936556,-6.766426340739221,0.0],[-79.847208324928602,-6.76648249427277,0.0],[-79.847196961327285,-6.766527961446231,0.0],[-79.847225714015721,-6.766523735555416,0.0],[-79.847383379771657,-6.766500562793642,0.0],[-79.847443555564993,-6.76655987070313,0.0],[-79.847617941895678,-6.766787608505707,0.0],[-79.847983627308253,-6.76713935765036,0.0],[-79.850311491470222,-6.7648918175509,0.0],[-79.851586178387763,-6.763689997166967,0.0],[-79.851633455238044,-6.76254251073394,0.0],[-79.851529961512483,-6.761961959280929,0.0],[-79.85143390821132,-6.761519418898406,0.0],[-79.8512650815386,-6.760818433887205,0.0],[-79.850406446616603,-6.760949223905826,0.0],[-79.850378210100857,-6.76095012978953,0.0],[-79.849978295276202,-6.760962959677078,0.0],[-79.848731240211137,-6.761210979913707,0.0],[-79.848702553202088,-6.761127955847599,0.0],[-79.847927002991128,-6.761405706008095,0.0],[-79.848040653620842,-6.761771372890448,0.0],[-79.847892234780602,-6.762270764256617,0.0],[-79.847925562362335,-6.76227877052866,0.0],[-79.84866785805383,-6.762531501529995,0.0]]]]}},
{"type":"Feature","properties":{"Layer":"TG_HAB_URB","Color":2,"ESTADO":"INFORMAL O SIN DOCUMENTACION","COD_HAB_UR":"0342","ID_COD_URB":"1401010342","TIPO_HAB_U":"FDO.","NOMB_HAB_U":"FDO. LAS DELICIAS - EX FDO. SAN JACINTO"},"geometry":{"type":"MultiPolygon","coordinates":[[[[-79.852103041955559,-6.78665293175797,0.0],[-79.852107054947524,-6.786720144458548,0.0],[-79.852110047379682,-6.786776412756187,0.0],[-79.852112854985066,-6.786838935822282,0.0],[-79.85211187398771,-6.786892756735382,0.0],[-79.852116814403374,-6.786947126765513,0.0],[-79.852121743715159,-6.787001401943802,0.0],[-79.852155658519038,-6.78767936828468,0.0],[-79.852340717427396,-6.787700332849465,0.0],[-79.852338420074346,-6.787637787127113,0.0],[-79.852336650562876,-6.787589611971445,0.0],[-79.852333384228615,-6.787513770518228,0.0],[-79.852331751416443,-6.78747660985727,0.0],[-79.852330608395349,-6.787450587494197,0.0],[-79.852328242511646,-6.787396735680375,0.0],[-79.852325880597036,-6.787342974221863,0.0],[-79.852323176872375,-6.787273519777891,0.0],[-79.852321817339828,-6.787241784638544,0.0],[-79.852317535081582,-6.787205902857248,0.0],[-79.852313778861586,-6.787174430453144,0.0],[-79.852308854975604,-6.78713318003115,0.0],[-79.852305739460235,-6.787107076320147,0.0],[-79.852297700027989,-6.787039722188652,0.0],[-79.852291655725566,-6.786989161402803,0.0],[-79.852289650729688,-6.786972368512638,0.0],[-79.852285713920409,-6.786939548486686,0.0],[-79.852281609009466,-6.786905014486925,0.0],[-79.852278532930441,-6.786879331212533,0.0],[-79.852273556589665,-6.786837660955038,0.0],[-79.85226554323684,-6.786770305620491,0.0],[-79.852257503821249,-6.786702951488737,0.0],[-79.852249668523413,-6.786637303640835,0.0],[-79.852235772552518,-6.786638092451559,0.0],[-79.852218271275987,-6.786570978385318,0.0],[-79.852200949569976,-6.786504595715328,0.0],[-79.852184311628392,-6.786440831814843,0.0],[-79.85217787256903,-6.786420560346171,0.0],[-79.852134095313545,-6.786282740606338,0.0],[-79.852078413592338,-6.786286746099255,0.0],[-79.852057047494142,-6.786289316041986,0.0],[-79.852023395900034,-6.786293363698515,0.0],[-79.85193230954367,-6.786292703480671,0.0],[-79.851842488131666,-6.786292052414761,0.0],[-79.851854701379438,-6.786436225416809,0.0],[-79.851939277796831,-6.786435436235975,0.0],[-79.852030676872175,-6.786434583376429,0.0],[-79.852085969257118,-6.786424770938696,0.0],[-79.852094823754641,-6.786424286626693,0.0],[-79.852099667892162,-6.786512792113392,0.0],[-79.852103041955559,-6.78665293175797,0.0]]]]}},
{"type":"Feature","properties":{"Layer":"TG_HAB_URB","Color":2,"ESTADO":"INFORMAL O SIN DOCUMENTACION","COD_HAB_UR":"0134","ID_COD_URB":"1401010134","TIPO_HAB_U":"P.J.","NOMB_HAB_U":"P.J. EL MOLINO"},"geometry":{"type":"MultiPolygon","coordinates":[[[[-79.845297575808402,-6.778005871659765,0.0],[-79.846057066550429,-6.778292766909984,0.0],[-79.846178752111243,-6.77793575556636,0.0],[-79.84614440624064,-6.777910909724608,0.0],[-79.846160687345304,-6.777872854008423,0.0],[-79.84616068011951,-6.777872853619304,0.0],[-79.845993708328237,-6.777867354202722,0.0],[-79.845951079951774,-6.777865923130097,0.0],[-79.845903601441577,-6.777864329229751,0.0],[-79.845858248902303,-6.777862806696035,0.0],[-79.845813803956247,-6.777861314627096,0.0],[-79.8457669125373,-6.777859740422793,0.0],[-79.845717278778451,-6.777857979211558,0.0],[-79.845674122775179,-6.77785229751502,0.0],[-79.845605512314577,-6.777843264608063,0.0],[-79.845570658905729,-6.777838675980341,0.0],[-79.845535369830344,-6.777834029992432,0.0],[-79.845471746936681,-6.777825653705258,0.0],[-79.845449089550357,-6.777822670739636,0.0],[-79.845455180304114,-6.777735054173411,0.0],[-79.845402582807424,-6.77772739281874,0.0],[-79.845369633419637,-6.777722593405914,0.0],[-79.845348994714314,-6.77787616236426,0.0],[-79.845297575808402,-6.778005871659765,0.0]]]]}},
{"type":"Feature","properties":{"Layer":"TG_HAB_URB","Color":2,"ESTADO":"INFORMAL O SIN DOCUMENTACION","COD_HAB_UR":"OLOC","ID_COD_URB":"140101OLOC","TIPO_HAB_U":"R NOM","NOMB_HAB_U":"R NOMBRE"},"geometry":{"type":"MultiPolygon","coordinates":[[[[-79.853534443267861,-6.791515707936713,0.0],[-79.85384337010079,-6.793083164057791,0.0],[-79.854696515934222,-6.793032143618115,0.0],[-79.855572826830851,-6.792889090179481,0.0],[-79.855822551577972,-6.792848601424063,0.0],[-79.856376500340119,-6.793811184918214,0.0],[-79.856491973224948,-6.793864218027223,0.0],[-79.857014150095495,-6.792529870316061,0.0],[-79.857026705751252,-6.792532953125585,0.0],[-79.857062882253672,-6.792530465357235,0.0],[-79.857126600451934,-6.792530948472741,0.0],[-79.857166566671083,-6.792524467539923,0.0],[-79.857215777623907,-6.792516324360705,0.0],[-79.857265355197796,-6.792506190489815,0.0],[-79.857309542111508,-6.792491375242979,0.0],[-79.857360020181005,-6.79248268423935,0.0],[-79.857400995844912,-6.792486689798829,0.0],[-79.857432900999711,-6.792499047164797,0.0],[-79.857462199580866,-6.79251286265244,0.0],[-79.857493269506449,-6.792521425777756,0.0],[-79.857532667671066,-6.792522543385525,0.0],[-79.857570324474082,-6.792516974968223,0.0],[-79.85761228833681,-6.792505965712301,0.0],[-79.857658341456187,-6.792491323959581,0.0],[-79.857705364059882,-6.79247649727075,0.0],[-79.857746503526258,-6.792464767942598,0.0],[-79.85778095274901,-6.792459211844142,0.0],[-79.857819129284294,-6.792453100165388,0.0],[-79.857861257958547,-6.792446248931906,0.0],[-79.857967822874173,-6.792427510123684,0.0],[-79.858055360434207,-6.792418673945408,0.0],[-79.85808490520273,-6.792418653126336,0.0],[-79.858118239155957,-6.792425603525057,0.0],[-79.858156336722274,-6.792437629041734,0.0],[-79.858190930630286,-6.792447838347436,0.0],[-79.858223067739416,-6.792456233005014,0.0],[-79.858266247875406,-6.792463931041531,0.0],[-79.858305918914752,-6.79247288610224,0.0],[-79.858335286517089,-6.792485071923285,0.0],[-79.858433033721639,-6.792512791410998,0.0],[-79.858469046751239,-6.792522461384686,0.0],[-79.858507222157002,-6.792532949531155,0.0],[-79.85854630222029,-6.792539281243088,0.0],[-79.858585441183436,-6.792552484939535,0.0],[-79.85861681202239,-6.792569287145766,0.0],[-79.858753348929199,-6.792631730324293,0.0],[-79.858788078734349,-6.792647636908011,0.0],[-79.858825201491413,-6.792661739363352,0.0],[-79.858870299185838,-6.792678936559216,0.0],[-79.85890816601534,-6.792693673861366,0.0],[-79.858948563259403,-6.792710859077237,0.0],[-79.858992222305659,-6.792737275335371,0.0],[-79.859034248991293,-6.792759890050275,0.0],[-79.859078271875362,-6.792790105759683,0.0],[-79.859111055627707,-6.792808628776202,0.0],[-79.859146301833107,-6.792827339378873,0.0],[-79.859184975064665,-6.792848138234249,0.0],[-79.859221199751715,-6.792863233420832,0.0],[-79.859274043883119,-6.792886054471899,0.0],[-79.859339862157768,-6.792912668620846,0.0],[-79.859494178398606,-6.79247818904869,0.0],[-79.859631708666683,-6.792097180159481,0.0],[-79.859231099383166,-6.791946740419152,0.0],[-79.858780346115694,-6.79179837212014,0.0],[-79.858542154844017,-6.791719955219651,0.0],[-79.858414787520047,-6.791660970454701,0.0],[-79.858250466271343,-6.791579653277837,0.0],[-79.858166009285711,-6.791516156962934,0.0],[-79.857850279618049,-6.791319734464987,0.0],[-79.857814471502877,-6.791293432505501,0.0],[-79.858200998431883,-6.790663354214049,0.0],[-79.857145848692795,-6.790719143508748,0.0],[-79.857177234836499,-6.790755928711064,0.0],[-79.857678313662021,-6.791164214789551,0.0],[-79.856948369078779,-6.792374193230859,0.0],[-79.856860504053259,-6.792357547848844,0.0],[-79.856488819538583,-6.792319418829429,0.0],[-79.85611144649198,-6.792343026836439,0.0],[-79.856052920837669,-6.792160077119412,0.0],[-79.856009259000629,-6.792023596830314,0.0],[-79.855943699119919,-6.791859393199512,0.0],[-79.855853890495283,-6.791758746191353,0.0],[-79.85576466822279,-6.79175611312541,0.0],[-79.855794103602491,-6.791348571852839,0.0],[-79.85575931169177,-6.79135140234428,0.0],[-79.855691153364774,-6.791356947348797,0.0],[-79.855622995037834,-6.791362492343479,0.0],[-79.855554836710894,-6.791368037328295,0.0],[-79.855486678384011,-6.791373582303256,0.0],[-79.855418520057171,-6.791379127268404,0.0],[-79.855350361730359,-6.791384672223666,0.0],[-79.855339839727648,-6.791385528230222,0.0],[-79.855282203403576,-6.791390217169076,0.0],[-79.855177693969253,-6.79139871939958,0.0],[-79.855075550597761,-6.791407029119734,0.0],[-79.854973218989315,-6.791415354131428,0.0],[-79.854955018904505,-6.791416714846214,0.0],[-79.855007373734097,-6.79184799662517,0.0],[-79.854612186512043,-6.791904711872483,0.0],[-79.853534443267861,-6.791515707936713,0.0]]]]}},
{"type":"Feature","properties":{"Layer":"TG_HAB_URB","Color":2,"ESTADO":"INFORMAL O SIN DOCUMENTACION","COD_HAB_UR":"0373","ID_COD_URB":"1401010373","TIPO_HAB_U":"H.U.","NOMB_HAB_U":"H.U. SIN DENOMINACION 027"},"geometry":{"type":"MultiPolygon","coordinates":[[[[-79.854975842459567,-6.788776378006053,0.0],[-79.854970919486391,-6.788910029360746,0.0],[-79.855087930809376,-6.788991221814795,0.0],[-79.855638367874931,-6.789358990599252,0.0],[-79.855846741535444,-6.789492756428985,0.0],[-79.855911371097989,-6.7895406963904,0.0],[-79.855911148406761,-6.789451622817205,0.0],[-79.855910452883194,-6.789342763174197,0.0],[-79.855909627885794,-6.789197949547258,0.0],[-79.85590911475073,-6.789121349505589,0.0],[-79.855908581092052,-6.789047573008283,0.0],[-79.855908090444586,-6.788979742875204,0.0],[-79.855907599795657,-6.788911912741978,0.0],[-79.855907109145292,-6.788844082608573,0.0],[-79.855906618493449,-6.788776252475021,0.0],[-79.855906127840171,-6.788708422341291,0.0],[-79.855905637185415,-6.788640592207413,0.0],[-79.855905146529224,-6.788572762073355,0.0],[-79.855904655871569,-6.788504931939152,0.0],[-79.855904165212451,-6.788437101804769,0.0],[-79.855903674551882,-6.78836927167024,0.0],[-79.855903183889865,-6.788301441535531,0.0],[-79.855902693226383,-6.788233611400675,0.0],[-79.855902202561452,-6.788165781265641,0.0],[-79.855901659704216,-6.788090736236549,0.0],[-79.855575941438204,-6.788088343405864,0.0],[-79.855006299581476,-6.788109154246393,0.0],[-79.85497952679097,-6.788695665686665,0.0],[-79.854975842459567,-6.788776378006053,0.0]]]]}},
{"type":"Feature","properties":{"Layer":"TG_HAB_URB","Color":2,"ESTADO":"INFORMAL O SIN DOCUMENTACION","COD_HAB_UR":"0239","ID_COD_URB":"1401010239","TIPO_HAB_U":"H.U.","NOMB_HAB_U":"H.U. VILLA LUISA"},"geometry":{"type":"MultiPolygon","coordinates":[[[[-79.855911148406761,-6.789451622817205,0.0],[-79.855911371097989,-6.7895406963904,0.0],[-79.855924002540362,-6.789550065953038,0.0],[-79.856204028464518,-6.789760535385768,0.0],[-79.856230986582673,-6.789732508662089,0.0],[-79.858537413997809,-6.789462670824657,0.0],[-79.858532336948116,-6.789408429614173,0.0],[-79.858512910209114,-6.789221494374324,0.0],[-79.857340983948717,-6.789273429755217,0.0],[-79.857242957217863,-6.789283715332784,0.0],[-79.857159887683068,-6.789287396537328,0.0],[-79.857105771841447,-6.789289794658844,0.0],[-79.857092094265951,-6.789290400774082,0.0],[-79.857051537108163,-6.789292198042879,0.0],[-79.857024300849574,-6.789293405001211,0.0],[-79.856997302375376,-6.789294601420735,0.0],[-79.856956507433964,-6.789296409218699,0.0],[-79.856943067643044,-6.789297004792449,0.0],[-79.856888714019078,-6.789299413426582,0.0],[-79.85683459817983,-6.78930181151737,0.0],[-79.856820920604946,-6.789302417624841,0.0],[-79.856780363448934,-6.789304214870606,0.0],[-79.856753127191539,-6.789305421813475,0.0],[-79.856726128718506,-6.789306618217667,0.0],[-79.856685333778884,-6.789308425992468,0.0],[-79.856671893988562,-6.789309021558569,0.0],[-79.856617540366983,-6.789311430161853,0.0],[-79.856549746955821,-6.789314434321618,0.0],[-79.856504218284854,-6.789316451848586,0.0],[-79.856481953545412,-6.789317438471739,0.0],[-79.85644996224471,-6.789318856108704,0.0],[-79.856414160135742,-6.789320442612253,0.0],[-79.856395727517196,-6.789321259418259,0.0],[-79.856346366726825,-6.789323446743144,0.0],[-79.856341535397718,-6.789323660833566,0.0],[-79.856287300671156,-6.789326064130807,0.0],[-79.856278573318647,-6.789326450864412,0.0],[-79.856233065945077,-6.789328467421872,0.0],[-79.856210779911194,-6.789329454976037,0.0],[-79.856178831219466,-6.789330870706795,0.0],[-79.856142986504508,-6.789332459078056,0.0],[-79.856116666896071,-6.789333625365718,0.0],[-79.856075193098576,-6.78933546317045,0.0],[-79.856004236001141,-6.789338607443514,0.0],[-79.855910452883194,-6.789342763174197,0.0],[-79.855911148406761,-6.789451622817205,0.0]]]]}},
{"type":"Feature","properties":{"Layer":"TG_HAB_URB","Color":2,"ESTADO":"INFORMAL O SIN DOCUMENTACION","COD_HAB_UR":"0240","ID_COD_URB":"1401010240","TIPO_HAB_U":"LOTIZ","NOMB_HAB_U":"LOTIZ. FRANCISCO RODRÍGUEZ JULCA"},"geometry":{"type":"MultiPolygon","coordinates":[[[[-79.863854296335717,-6.785757670841426,0.0],[-79.863837005433481,-6.78581025100994,0.0],[-79.863821818701808,-6.78585643454706,0.0],[-79.863805554823102,-6.785905890502685,0.0],[-79.863732861515984,-6.786126969979186,0.0],[-79.863654335440557,-6.7861256456701,0.0],[-79.863517936105268,-6.786123344474878,0.0],[-79.863362491519055,-6.786120722758198,0.0],[-79.863082770547265,-6.786116004452608,0.0],[-79.863062188609717,-6.786116597447739,0.0],[-79.862976833196583,-6.786119058191313,0.0],[-79.86287322767096,-6.786122045019213,0.0],[-79.862802635951425,-6.786124079990163,0.0],[-79.862741773285052,-6.786125833874741,0.0],[-79.86272838407622,-6.786126220326589,0.0],[-79.862689170176509,-6.78612735026121,0.0],[-79.862637476119374,-6.786126669199659,0.0],[-79.862405700196277,-6.786123614029673,0.0],[-79.862298324810794,-6.786124504708928,0.0],[-79.862142704035833,-6.786125633071333,0.0],[-79.862139635207527,-6.785885463087195,0.0],[-79.862138873653748,-6.785832544912246,0.0],[-79.862138596710793,-6.785813307941604,0.0],[-79.862127035244285,-6.78569960573028,0.0],[-79.861977927143798,-6.785667747074593,0.0],[-79.862001190016912,-6.78555895827256,0.0],[-79.862008792721937,-6.785499526255677,0.0],[-79.862112882094692,-6.78514714074213,0.0],[-79.862136705151272,-6.785078674174369,0.0],[-79.862188029900381,-6.784902288998041,0.0],[-79.862239285752878,-6.784726140420427,0.0],[-79.862264472744826,-6.784623053409748,0.0],[-79.862315613859707,-6.784446754227314,0.0],[-79.862427236960386,-6.784061954394482,0.0],[-79.862219070052504,-6.783970613685956,0.0],[-79.86194627576586,-6.784406336143142,0.0],[-79.861498661574359,-6.784219456345676,0.0],[-79.861503645230229,-6.784290562345128,0.0],[-79.861511868671144,-6.784633822474601,0.0],[-79.861577545498335,-6.784817317198437,0.0],[-79.861575921809461,-6.78534156836454,0.0],[-79.86153678256089,-6.785352165962318,0.0],[-79.861602386290755,-6.785637376309411,0.0],[-79.861788578843957,-6.785598812086376,0.0],[-79.8618144356344,-6.78612962659752,0.0],[-79.861913030557147,-6.786622754111213,0.0],[-79.861898470176115,-6.786771727478135,0.0],[-79.862004072945993,-6.786761545043549,0.0],[-79.862162187275331,-6.786764493429724,0.0],[-79.862321775468146,-6.786789699124396,0.0],[-79.862415443274216,-6.786802772414974,0.0],[-79.862583238625078,-6.786798908836444,0.0],[-79.862748139399883,-6.786795111850292,0.0],[-79.862837895471927,-6.786801077264628,0.0],[-79.862994952824835,-6.786798880547954,0.0],[-79.863060956699002,-6.786787113154423,0.0],[-79.863124755230359,-6.7867656426288,0.0],[-79.86319083672997,-6.78675432081851,0.0],[-79.863256854452771,-6.786741164616479,0.0],[-79.863323749115693,-6.786744005197164,0.0],[-79.863404314277759,-6.786752181752862,0.0],[-79.863497943804305,-6.786756551437744,0.0],[-79.863764718549007,-6.78678574348164,0.0],[-79.863853587127352,-6.786783281701376,0.0],[-79.864008422011779,-6.786773051253872,0.0],[-79.864162865025833,-6.786761148992152,0.0],[-79.864250714114064,-6.786758695127424,0.0],[-79.864409472810394,-6.786761944714064,0.0],[-79.8645692664509,-6.786769413303404,0.0],[-79.864802145212181,-6.786785589197474,0.0],[-79.864880751260216,-6.786787525103594,0.0],[-79.864924237744674,-6.786660531782991,0.0],[-79.865052358735127,-6.786287796029423,0.0],[-79.865113529073611,-6.786116345451352,0.0],[-79.865143697060176,-6.786031676754146,0.0],[-79.865203274300129,-6.785864691140078,0.0],[-79.865264443747719,-6.785693242658939,0.0],[-79.865328764718456,-6.785724669664323,0.0],[-79.865369412547295,-6.785744530047823,0.0],[-79.865410060379915,-6.785764390428437,0.0],[-79.865450708216287,-6.785784250806184,0.0],[-79.865491356056438,-6.785804111181095,0.0],[-79.865532003900356,-6.785823971553086,0.0],[-79.86557265174801,-6.785843831922239,0.0],[-79.86561329959946,-6.785863692288508,0.0],[-79.865653947454646,-6.785883552651924,0.0],[-79.865694595313627,-6.785903413012438,0.0],[-79.86573524317636,-6.785923273370148,0.0],[-79.86577589104283,-6.78594313372494,0.0],[-79.86581653891308,-6.785962994076826,0.0],[-79.86585718678711,-6.785982854425913,0.0],[-79.865921272525682,-6.786014166389456,0.0],[-79.865864306940765,-6.786187535381942,0.0],[-79.865808113226052,-6.786361346697298,0.0],[-79.865780158494616,-6.786447113581923,0.0],[-79.865725394105453,-6.786616503645109,0.0],[-79.865711477777097,-6.786659547790768,0.0],[-79.865644536470953,-6.786859016247773,0.0],[-79.865686359424146,-6.786863505680157,0.0],[-79.865878330673354,-6.786892055207847,0.0],[-79.866039057733559,-6.786947709111732,0.0],[-79.86620961419824,-6.787018720205071,0.0],[-79.866333663180527,-6.787028184868402,0.0],[-79.86642590686462,-6.787053424931771,0.0],[-79.866566615069658,-6.787086280765175,0.0],[-79.86676291059797,-6.787092959285645,0.0],[-79.866851773969685,-6.787109071041446,0.0],[-79.867004328262411,-6.787159251402203,0.0],[-79.867197231915043,-6.787277331630148,0.0],[-79.867453921150741,-6.787337985096657,0.0],[-79.867811852217201,-6.787340902507814,0.0],[-79.867892727638207,-6.787207354940797,0.0],[-79.868109421762611,-6.786828660141929,0.0],[-79.864135513288176,-6.78490249672917,0.0],[-79.864011087093729,-6.785280877701344,0.0],[-79.86395569781476,-6.785449313938734,0.0],[-79.863927553430585,-6.785534901211149,0.0],[-79.863870485477065,-6.785708441719278,0.0],[-79.863854296335717,-6.785757670841426,0.0]]]]}},
{"type":"Feature","properties":{"Layer":"TG_HAB_URB","Color":2,"ESTADO":"INFORMAL O SIN DOCUMENTACION","COD_HAB_UR":"0257","ID_COD_URB":"1401010257","TIPO_HAB_U":"URB.","NOMB_HAB_U":"URB. MONTERRICO V"},"geometry":{"type":"MultiPolygon","coordinates":[[[[-79.858935947666239,-6.787436226824844,0.0],[-79.858943391823587,-6.787617147458276,0.0],[-79.858726426999482,-6.787626143787454,0.0],[-79.858525672592236,-6.787625815739537,0.0],[-79.85845813324066,-6.787634634371872,0.0],[-79.858390593888174,-6.787643452994399,0.0],[-79.858406137550716,-6.787820144317688,0.0],[-79.858405947141549,-6.78805828058871,0.0],[-79.858457128820092,-6.788711014547623,0.0],[-79.858471964846814,-6.788844588205841,0.0],[-79.858477233261809,-6.788892021485088,0.0],[-79.859061451546623,-6.788895465980923,0.0],[-79.859380657417333,-6.78889258954472,0.0],[-79.860400218466225,-6.78889498714075,0.0],[-79.860487573979526,-6.788566359678651,0.0],[-79.860481159799733,-6.78848321765161,0.0],[-79.860452554862874,-6.788272397908997,0.0],[-79.860445454216148,-6.78822122103989,0.0],[-79.860408237342355,-6.7879512680001,0.0],[-79.860400142809141,-6.787893514580069,0.0],[-79.860387656248093,-6.787793017286087,0.0],[-79.860383686479011,-6.787760621307662,0.0],[-79.86037799968959,-6.787714533898973,0.0],[-79.860367128102467,-6.787625571362747,0.0],[-79.860373604113434,-6.787570608008484,0.0],[-79.860330798743973,-6.7873138438189,0.0],[-79.860254983891338,-6.786833224277538,0.0],[-79.859061629000095,-6.786874889077026,0.0],[-79.858915833632054,-6.78687997917432,0.0],[-79.85892777824823,-6.787345094011927,0.0],[-79.858935947666239,-6.787436226824844,0.0]]]]}},
{"type":"Feature","properties":{"Layer":"TG_HAB_URB","Color":5,"ESTADO":"APROBADOS POR LA MPCH CON RESOLUCION","COD_HAB_UR":"0258","ID_COD_URB":"1401010258","TIPO_HAB_U":"H.U.","NOMB_HAB_U":"H.U. LAS PALMERAS"},"geometry":{"type":"MultiPolygon","coordinates":[[[[-79.862137144009679,-6.789307190602409,0.0],[-79.862132587313269,-6.789385025045032,0.0],[-79.862137006778184,-6.789707028219163,0.0],[-79.862138223150581,-6.789795653757724,0.0],[-79.862138701890885,-6.790460011359609,0.0],[-79.862140888220694,-6.790550967771678,0.0],[-79.862141011815837,-6.790665219106739,0.0],[-79.862201720172749,-6.790659153938122,0.0],[-79.862249140061252,-6.790654416370395,0.0],[-79.862334219391684,-6.790645916357541,0.0],[-79.862419298721591,-6.790637416329233,0.0],[-79.862504378051042,-6.790628916285487,0.0],[-79.862592440527081,-6.79061695118156,0.0],[-79.862670788652267,-6.790593663524536,0.0],[-79.862731339188102,-6.790575665889658,0.0],[-79.862749504853014,-6.790572168367667,0.0],[-79.862822380378503,-6.790558137288094,0.0],[-79.862829476502057,-6.790556787108898,0.0],[-79.862839688015228,-6.790554844164405,0.0],[-79.862894161810999,-6.790544478763737,0.0],[-79.862907300044753,-6.790541978990047,0.0],[-79.862919165207217,-6.790511350264222,0.0],[-79.862912085333079,-6.790390834750028,0.0],[-79.863026989638115,-6.790366635718319,0.0],[-79.863030406644626,-6.790417292042346,0.0],[-79.863191682375174,-6.790450725196852,0.0],[-79.863183728028943,-6.79033700574029,0.0],[-79.863157237622744,-6.790243539362481,0.0],[-79.863151346042827,-6.790080965784587,0.0],[-79.863140736517963,-6.789912089153568,0.0],[-79.86315205976328,-6.789831080930853,0.0],[-79.863143951365601,-6.789185189344313,0.0],[-79.863032419952731,-6.789168177554825,0.0],[-79.862996259336327,-6.789132729949737,0.0],[-79.862919543398476,-6.789057526665423,0.0],[-79.862879960116061,-6.789018723857549,0.0],[-79.862827663795358,-6.788967458664905,0.0],[-79.862796752119493,-6.788725536301094,0.0],[-79.862136604000852,-6.788643873601786,0.0],[-79.86213688541163,-6.788989520061115,0.0],[-79.862137014714961,-6.789148355332263,0.0],[-79.862137079321911,-6.789227722007687,0.0],[-79.862137135161461,-6.78929632045678,0.0],[-79.862137144009679,-6.789307190602409,0.0]]]]}},
{"type":"Feature","properties":{"Layer":"TG_HAB_URB","Color":5,"ESTADO":"APROBADOS POR LA MPCH CON RESOLUCION","COD_HAB_UR":"0370","ID_COD_URB":"1401010370","TIPO_HAB_U":"H.U.","NOMB_HAB_U":"H.U. CRUZ DE CHALPÓN"},"geometry":{"type":"MultiPolygon","coordinates":[[[[-79.857467553422723,-6.757519885024689,0.0],[-79.856100495552511,-6.759038664275696,0.0],[-79.85809874928978,-6.75865262388912,0.0],[-79.858039690150761,-6.758286959955328,0.0],[-79.858114944820372,-6.758282810534094,0.0],[-79.858117249773983,-6.758225491022388,0.0],[-79.858126454135189,-6.758041670219068,0.0],[-79.858127063929345,-6.758026759624975,0.0],[-79.858120309192529,-6.758026642414622,0.0],[-79.858089437935618,-6.758017782455442,0.0],[-79.858073634069868,-6.75800495598446,0.0],[-79.858061819875218,-6.757993751064645,0.0],[-79.858024219310622,-6.75796186357889,0.0],[-79.857981249595156,-6.757928702657473,0.0],[-79.857972695522704,-6.757922019163854,0.0],[-79.857918876155821,-6.757879968847145,0.0],[-79.857902837273528,-6.757867437294953,0.0],[-79.857863813419812,-6.757836572869713,0.0],[-79.857831787204915,-6.75781071617732,0.0],[-79.857808912853244,-6.757792248332668,0.0],[-79.857760879447213,-6.757753099879179,0.0],[-79.857748487889552,-6.757743247725183,0.0],[-79.857709542997412,-6.757712283811162,0.0],[-79.857689716508844,-6.757696520363118,0.0],[-79.85761855358767,-6.757639940839328,0.0],[-79.857467553422723,-6.757519885024689,0.0]]]]}},
{"type":"Feature","properties":{"Layer":"TG_HAB_URB","Color":5,"ESTADO":"APROBADOS POR LA MPCH CON RESOLUCION","COD_HAB_UR":"0058","ID_COD_URB":"1401010058","TIPO_HAB_U":"URB.","NOMB_HAB_U":"URB. MIRAFLORES I"},"geometry":{"type":"MultiPolygon","coordinates":[[[[-79.85811527119391,-6.760167690680245,0.0],[-79.860778981569425,-6.761635145909803,0.0],[-79.862089398911039,-6.759203703422116,0.0],[-79.8622792191032,-6.759309677563186,0.0],[-79.862905218227269,-6.758281561691257,0.0],[-79.862955517021533,-6.757786577063995,0.0],[-79.862841439088143,-6.757725736525678,0.0],[-79.860844701260945,-6.758322038913556,0.0],[-79.861053403661202,-6.759505320213797,0.0],[-79.858638607309345,-6.759930927251087,0.0],[-79.858429910948047,-6.758747645890528,0.0],[-79.858115829299578,-6.758803001842622,0.0],[-79.858186161081676,-6.759422225433484,0.0],[-79.858174937992558,-6.759626811859771,0.0],[-79.857969927133396,-6.760087619073564,0.0],[-79.85811527119391,-6.760167690680245,0.0]]]]}},
{"type":"Feature","properties":{"Layer":"TG_HAB_URB","Color":3,"ESTADO":"TITULADAS POR COFOPRI","COD_HAB_UR":"0051","ID_COD_URB":"1401010051","TIPO_HAB_U":"CONJ","NOMB_HAB_U":"CONJ.HAB. AUGUSTO B. LEGUÍA"},"geometry":{"type":"MultiPolygon","coordinates":[[[[-79.861053403661202,-6.759505320213797,0.0],[-79.860844701260945,-6.758322038913556,0.0],[-79.858429910948047,-6.758747645890528,0.0],[-79.858638607309345,-6.759930927251087,0.0],[-79.861053403661202,-6.759505320213797,0.0]]]]}},
{"type":"Feature","properties":{"Layer":"TG_HAB_URB","Color":3,"ESTADO":"TITULADAS POR COFOPRI","COD_HAB_UR":"0164","ID_COD_URB":"1401010164","TIPO_HAB_U":"A.H.","NOMB_HAB_U":"A.H. LUIS ALBERTO SÁNCHEZ"},"geometry":{"type":"MultiPolygon","coordinates":[[[[-79.862905218227269,-6.758281561691257,0.0],[-79.8622792191032,-6.759309677563186,0.0],[-79.863927031260332,-6.760229624941275,0.0],[-79.863950102727131,-6.760150899979336,0.0],[-79.863964092160288,-6.760103162616995,0.0],[-79.863970323643386,-6.760081897726882,0.0],[-79.863978589895297,-6.760053689199255,0.0],[-79.863985202896075,-6.760031122376606,0.0],[-79.863991485245975,-6.760009683895212,0.0],[-79.864000590837037,-6.759978611115812,0.0],[-79.864003261470941,-6.759969497591225,0.0],[-79.864015648123953,-6.759927228194964,0.0],[-79.864030908883649,-6.759875150909225,0.0],[-79.864044546790538,-6.759828611589931,0.0],[-79.864046169639238,-6.759823073622406,0.0],[-79.864061303217781,-6.759771430311791,0.0],[-79.864076563965142,-6.759719353022694,0.0],[-79.864081917431108,-6.759701084320471,0.0],[-79.864091570362703,-6.759668143687301,0.0],[-79.864106958274704,-6.759615632418488,0.0],[-79.86411306415755,-6.759594796081489,0.0],[-79.864121964664193,-6.759564423080874,0.0],[-79.864137301698833,-6.759512085400802,0.0],[-79.864152562425687,-6.759460008106062,0.0],[-79.864159327501582,-6.759436922251149,0.0],[-79.864167823148406,-6.759407930810156,0.0],[-79.864172737506365,-6.75939116053483,0.0],[-79.864183083867005,-6.759355853513167,0.0],[-79.864187626266386,-6.759340352544123,0.0],[-79.864198395450558,-6.759303602623997,0.0],[-79.864213656160914,-6.759251525324686,0.0],[-79.864228916867148,-6.759199448024276,0.0],[-79.864229275348478,-6.759198224703256,0.0],[-79.864244177569262,-6.759147370722717,0.0],[-79.864259489136245,-6.759095119829012,0.0],[-79.864269581081842,-6.759060682212912,0.0],[-79.86427474983013,-6.759043042525198,0.0],[-79.864286760774107,-6.759002055021744,0.0],[-79.864289883347467,-6.758991399197749,0.0],[-79.864305016860769,-6.758939755869203,0.0],[-79.864320277542333,-6.758887678562007,0.0],[-79.864334189782312,-6.758840200986642,0.0],[-79.864306285068949,-6.758753692614047,0.0],[-79.864263941486627,-6.758622423038518,0.0],[-79.864302843842594,-6.758614500868276,0.0],[-79.86418001669945,-6.758186881406795,0.0],[-79.863484484861303,-6.758356023240188,0.0],[-79.862905218227269,-6.758281561691257,0.0]]]]}},
{"type":"Feature","properties":{"Layer":"TG_HAB_URB","Color":3,"ESTADO":"TITULADAS POR COFOPRI","COD_HAB_UR":"0165","ID_COD_URB":"1401010165","TIPO_HAB_U":"P.J.","NOMB_HAB_U":"P.J. SANTO TORIBIO DE MOGROVEJO"},"geometry":{"type":"MultiPolygon","coordinates":[[[[-79.864633629666685,-6.762030854083662,0.0],[-79.86394670544135,-6.763334326634184,0.0],[-79.864381849107247,-6.763438617245709,0.0],[-79.864430882829936,-6.763465442156516,0.0],[-79.864496828627054,-6.763347718239257,0.0],[-79.864544628177413,-6.763373004195435,0.0],[-79.864592154807909,-6.763398145770291,0.0],[-79.864616381243295,-6.763410961545539,0.0],[-79.864639691644527,-6.763424360550086,0.0],[-79.864686443263523,-6.763451088242121,0.0],[-79.864734129289033,-6.763477950122094,0.0],[-79.864824259579166,-6.7634638351183,0.0],[-79.864943670903415,-6.763528293892229,0.0],[-79.864969148139267,-6.763480377255127,0.0],[-79.864995208418762,-6.763433288087091,0.0],[-79.86511404292186,-6.763496907897276,0.0],[-79.865220859524626,-6.763491744217081,0.0],[-79.865338436900046,-6.763559525165727,0.0],[-79.865364857669789,-6.763512120338335,0.0],[-79.865569849511061,-6.763627579760843,0.0],[-79.866121873048414,-6.763612942927441,0.0],[-79.866240831168213,-6.763659589764424,0.0],[-79.866367467889461,-6.763646151224877,0.0],[-79.866408980064605,-6.763641745994358,0.0],[-79.866412497166692,-6.763650644668552,0.0],[-79.866417075518498,-6.763686351764057,0.0],[-79.866422994191865,-6.763685763902161,0.0],[-79.866475933128314,-6.763680505831797,0.0],[-79.866530852773053,-6.76367505102456,0.0],[-79.866586222578619,-6.763669551499299,0.0],[-79.866610591279837,-6.763667131111484,0.0],[-79.866649280136059,-6.763663288391331,0.0],[-79.866362180420921,-6.760716854362839,0.0],[-79.86631375814288,-6.760670304960004,0.0],[-79.86622829167527,-6.7606467670602,0.0],[-79.86606069913681,-6.760386129761208,0.0],[-79.865915209726495,-6.760323659361769,0.0],[-79.865863219742323,-6.760103611473154,0.0],[-79.865780994408084,-6.759993246735414,0.0],[-79.865645830763171,-6.759915724823442,0.0],[-79.865610909030806,-6.759895695806202,0.0],[-79.865575673402233,-6.759875486752977,0.0],[-79.86554899910513,-6.759860187915153,0.0],[-79.865540908630393,-6.759855547751211,0.0],[-79.865505979238918,-6.759835514329579,0.0],[-79.865470037346512,-6.75981490019362,0.0],[-79.865434409357661,-6.759794466090058,0.0],[-79.865398906248757,-6.759774104025902,0.0],[-79.865365246202472,-6.759635675514405,0.0],[-79.86530773666442,-6.759479309084823,0.0],[-79.865292702775037,-6.759438432452773,0.0],[-79.865290720116136,-6.759434533351202,0.0],[-79.865205514231207,-6.759266967287821,0.0],[-79.86518169428318,-6.759220127974776,0.0],[-79.865111995511157,-6.759338812578268,0.0],[-79.864921498606378,-6.759230500716813,0.0],[-79.864901926258128,-6.75926618568022,0.0],[-79.864883003884358,-6.759300685581588,0.0],[-79.864728722678834,-6.759215096631531,0.0],[-79.864745728200916,-6.759041310777236,0.0],[-79.864725505557303,-6.759035014000267,0.0],[-79.864687580358506,-6.759020361635322,0.0],[-79.86467259968812,-6.759011904470744,0.0],[-79.864653103945784,-6.759000898373263,0.0],[-79.864610965743722,-6.75897710973117,0.0],[-79.864603950644636,-6.758973149436314,0.0],[-79.864574907759931,-6.758956753602611,0.0],[-79.864540914586101,-6.758937563135594,0.0],[-79.864504866852883,-6.758917212785978,0.0],[-79.864472005747459,-6.758898661408385,0.0],[-79.864433728698714,-6.758877052514968,0.0],[-79.864402822089048,-6.758859604519834,0.0],[-79.864334189697587,-6.758840201275779,0.0],[-79.864320277542333,-6.758887678562007,0.0],[-79.864305016860769,-6.758939755869203,0.0],[-79.864289883347467,-6.758991399197749,0.0],[-79.864286760774107,-6.759002055021744,0.0],[-79.86427474983013,-6.759043042525198,0.0],[-79.864269581081842,-6.759060682212912,0.0],[-79.864259489136245,-6.759095119829012,0.0],[-79.864244177569262,-6.759147370722717,0.0],[-79.864228916867148,-6.759199448024276,0.0],[-79.864213656160914,-6.759251525324686,0.0],[-79.864198395450558,-6.759303602623997,0.0],[-79.864187626266386,-6.759340352544123,0.0],[-79.864183083867005,-6.759355853513167,0.0],[-79.864172737506365,-6.75939116053483,0.0],[-79.864167823148406,-6.759407930810156,0.0],[-79.864159327501582,-6.759436922251149,0.0],[-79.864152562425687,-6.759460008106062,0.0],[-79.864137301698833,-6.759512085400802,0.0],[-79.864121964664193,-6.759564423080874,0.0],[-79.86411306415755,-6.759594796081489,0.0],[-79.864106958274704,-6.759615632418488,0.0],[-79.864091570362703,-6.759668143687301,0.0],[-79.864081917431108,-6.759701084320471,0.0],[-79.864076563965142,-6.759719353022694,0.0],[-79.864061303217781,-6.759771430311791,0.0],[-79.864044546790538,-6.759828611589931,0.0],[-79.864030908883649,-6.759875150909225,0.0],[-79.864015648123953,-6.759927228194964,0.0],[-79.864003261470941,-6.759969497591225,0.0],[-79.864000590837037,-6.759978611115812,0.0],[-79.863991485245975,-6.760009683895212,0.0],[-79.863985202896075,-6.760031122376606,0.0],[-79.863978589895297,-6.760053689199255,0.0],[-79.863970323643386,-6.760081897726882,0.0],[-79.863964092160288,-6.760103162616995,0.0],[-79.863950102727131,-6.760150899979336,0.0],[-79.863927031260332,-6.760229624941275,0.0],[-79.864792743020189,-6.760709223734401,0.0],[-79.86422822991436,-6.761790611305587,0.0],[-79.864633629666685,-6.762030854083662,0.0]]]]}},
{"type":"Feature","properties":{"Layer":"TG_HAB_URB","Color":3,"ESTADO":"TITULADAS POR COFOPRI","COD_HAB_UR":"0079","ID_COD_URB":"1401010079","TIPO_HAB_U":"URB.","NOMB_HAB_U":"URB. SANTA ISABEL - PROG. HAB. LOS MOCHICAS"},"geometry":{"type":"MultiPolygon","coordinates":[[[[-79.863903210123397,-6.765181881579386,0.0],[-79.864042847702009,-6.766548028395317,0.0],[-79.865437428261217,-6.766452405139033,0.0],[-79.865425434965488,-6.766331733349906,0.0],[-79.865418904747926,-6.76626603351894,0.0],[-79.865412374530663,-6.766200333687959,0.0],[-79.865406944610456,-6.76614570382789,0.0],[-79.865406023223755,-6.766136433852399,0.0],[-79.865401577308987,-6.766091703966818,0.0],[-79.865399671917118,-6.766072534016887,0.0],[-79.865396210007759,-6.766037704105888,0.0],[-79.865393320610764,-6.766008634181373,0.0],[-79.865390842706731,-6.765983704244929,0.0],[-79.865386969304694,-6.76594473434589,0.0],[-79.865385475405901,-6.765929704383993,0.0],[-79.865380617998909,-6.76588083451044,0.0],[-79.865380108105285,-6.76587570452313,0.0],[-79.865374740804853,-6.765821704662205,0.0],[-79.865374266693394,-6.765816934674988,0.0],[-79.865369373504649,-6.765767704801334,0.0],[-79.865367915388177,-6.765753034839633,0.0],[-79.865364006204629,-6.765713704940505,0.0],[-79.86536156408323,-6.765689135004242,0.0],[-79.865358638904794,-6.765659705079697,0.0],[-79.865355212778553,-6.765625235168934,0.0],[-79.865353271605173,-6.765605705218928,0.0],[-79.865348861474189,-6.76556133533364,0.0],[-79.86534790430575,-6.765551705358149,0.0],[-79.865342510170095,-6.765497435498361,0.0],[-79.865336722432616,-6.765439205648284,0.0],[-79.86533615886627,-6.765433535663147,0.0],[-79.865331623498761,-6.765387905780599,0.0],[-79.865329807562745,-6.765369635827947,0.0],[-79.865326792930006,-6.765339305906013,0.0],[-79.865323456259489,-6.765305735992712,0.0],[-79.865321112539192,-6.765282156053529,0.0],[-79.865317104956517,-6.765241836157642,0.0],[-79.865315745240977,-6.765228156192886,0.0],[-79.86531075365383,-6.765177936322538,0.0],[-79.865309930668147,-6.765169656343863,0.0],[-79.865304402351413,-6.765114036487429,0.0],[-79.865298051049294,-6.765050136652372,0.0],[-79.865275542942598,-6.765052372214431,0.0],[-79.86523052672915,-6.765056843335654,0.0],[-79.865185510515559,-6.765061314452388,0.0],[-79.865144095511624,-6.765065427980238,0.0],[-79.865081719154261,-6.765073166756094,0.0],[-79.865017753304187,-6.765079067811189,0.0],[-79.864953787273507,-6.765084968082086,0.0],[-79.864941001473781,-6.76508614745205,0.0],[-79.864896033468241,-6.765090295325574,0.0],[-79.86488982124267,-6.765090868344328,0.0],[-79.864853863181352,-6.765094185132064,0.0],[-79.864825855211677,-6.765096768597864,0.0],[-79.864805944557332,-6.765098605163199,0.0],[-79.864761889180514,-6.765102668842709,0.0],[-79.864760357496706,-6.765102810125556,0.0],[-79.86471549118049,-6.765106948601986,0.0],[-79.864697923149194,-6.765108569078929,0.0],[-79.864670354585542,-6.765111112004637,0.0],[-79.864633957117704,-6.76511446930643,0.0],[-79.864624862819852,-6.765115308163864,0.0],[-79.864579173961076,-6.765119522498575,0.0],[-79.864569991086071,-6.765120369525289,0.0],[-79.86453196522703,-6.765123877021716,0.0],[-79.864506025054268,-6.765126269735492,0.0],[-79.864486017796139,-6.765128115197995,0.0],[-79.864443604947567,-6.765132027341532,0.0],[-79.864442059022323,-6.76513216993697,0.0],[-79.864396898538658,-6.765136335516914,0.0],[-79.864378092990194,-6.765138070129811,0.0],[-79.86435239259373,-6.765140440718282,0.0],[-79.864314126957908,-6.765143970313976,0.0],[-79.864307346091863,-6.765144595776036,0.0],[-79.864262299590365,-6.76514875082942,0.0],[-79.864250160925479,-6.765149870489451,0.0],[-79.864218154015759,-6.76515282277783,0.0],[-79.864186194892866,-6.765155770656238,0.0],[-79.864174012179035,-6.765156932739161,0.0],[-79.864128613053296,-6.765161081943702,0.0],[-79.864122228860111,-6.765161670814435,0.0],[-79.863986188423723,-6.765174219009193,0.0],[-79.863903210123397,-6.765181881579386,0.0]]]]}},
{"type":"Feature","properties":{"Layer":"TG_HAB_URB","Color":3,"ESTADO":"TITULADAS POR COFOPRI","COD_HAB_UR":"0077","ID_COD_URB":"1401010077","TIPO_HAB_U":"P.J.","NOMB_HAB_U":"P.J. JORGE BASADRE"},"geometry":{"type":"MultiPolygon","coordinates":[[[[-79.863752109164579,-6.763703580937225,0.0],[-79.863881546015193,-6.764969930248591,0.0],[-79.865507735566197,-6.764798686244093,0.0],[-79.865515958181334,-6.76488117607731,0.0],[-79.866215520062582,-6.764828172874909,0.0],[-79.866247734241725,-6.76464470499233,0.0],[-79.863934233402091,-6.763357992855661,0.0],[-79.863752109164579,-6.763703580937225,0.0]]]]}},
{"type":"Feature","properties":{"Layer":"TG_HAB_URB","Color":3,"ESTADO":"TITULADAS POR COFOPRI","COD_HAB_UR":"0078","ID_COD_URB":"1401010078","TIPO_HAB_U":"A.H.","NOMB_HAB_U":"A.H. UPIS FERNANDO BELAUNDE TERRY"},"geometry":{"type":"MultiPolygon","coordinates":[[[[-79.865515958181334,-6.76488117607731,0.0],[-79.865670982576574,-6.766436390445047,0.0],[-79.86688170004193,-6.766353370362983,0.0],[-79.866737288996688,-6.764916981158073,0.0],[-79.866247734241725,-6.76464470499233,0.0],[-79.866215520062582,-6.764828172874909,0.0],[-79.865515958181334,-6.76488117607731,0.0]]]]}},
{"type":"Feature","properties":{"Layer":"TG_HAB_URB","Color":3,"ESTADO":"TITULADAS POR COFOPRI","COD_HAB_UR":"0166","ID_COD_URB":"1401010166","TIPO_HAB_U":"P.J.","NOMB_HAB_U":"P.J. 4 DE NOVIEMBRE"},"geometry":{"type":"MultiPolygon","coordinates":[[[[-79.863934233402091,-6.763357992855661,0.0],[-79.866737288996688,-6.764916981158073,0.0],[-79.866610591279837,-6.763667131111484,0.0],[-79.866586222578633,-6.763669551499349,0.0],[-79.866530852773053,-6.76367505102456,0.0],[-79.866475933128314,-6.763680505831797,0.0],[-79.866422994191865,-6.763685763902196,0.0],[-79.866417075518498,-6.763686351764057,0.0],[-79.866412497166692,-6.763650644668552,0.0],[-79.866408980064605,-6.763641745994358,0.0],[-79.866367467889461,-6.763646151224877,0.0],[-79.866240831168213,-6.763659589764424,0.0],[-79.866121873048414,-6.763612942927441,0.0],[-79.865569849511061,-6.763627579760843,0.0],[-79.865364857669789,-6.763512120338335,0.0],[-79.865338436900046,-6.763559525165727,0.0],[-79.865220859524626,-6.763491744217081,0.0],[-79.86511404292186,-6.763496907897276,0.0],[-79.864995208418762,-6.763433288087091,0.0],[-79.864969148139267,-6.763480377255127,0.0],[-79.864943670903415,-6.763528293892229,0.0],[-79.864824259579166,-6.7634638351183,0.0],[-79.864734129289033,-6.763477950122094,0.0],[-79.864686443263523,-6.763451088242121,0.0],[-79.864639691644527,-6.763424360550086,0.0],[-79.864616381243295,-6.763410961545539,0.0],[-79.864592154807909,-6.763398145770291,0.0],[-79.864544628177413,-6.763373004195435,0.0],[-79.864496828627054,-6.763347718239257,0.0],[-79.864430882829936,-6.763465442156516,0.0],[-79.864381849107247,-6.763438617245709,0.0],[-79.86394670544135,-6.763334326634184,0.0],[-79.863934233402091,-6.763357992855661,0.0]]]]}},
{"type":"Feature","properties":{"Layer":"TG_HAB_URB","Color":3,"ESTADO":"TITULADAS POR COFOPRI","COD_HAB_UR":"0083","ID_COD_URB":"1401010083","TIPO_HAB_U":"P.J.","NOMB_HAB_U":"P.J. RICARDO PALMA"},"geometry":{"type":"MultiPolygon","coordinates":[[[[-79.8594447884267,-6.76420401813517,0.0],[-79.858157472181261,-6.766536418639726,0.0],[-79.858738004810434,-6.766527464102925,0.0],[-79.858829182730815,-6.766521161566701,0.0],[-79.858892374981494,-6.766516793678514,0.0],[-79.858955567636812,-6.766512425739798,0.0],[-79.859018760277181,-6.766508056888364,0.0],[-79.859081952932954,-6.766503688932858,0.0],[-79.859143819664396,-6.766499412861074,0.0],[-79.859204637782184,-6.766681495330222,0.0],[-79.85926441359311,-6.766860456478284,0.0],[-79.859309669064601,-6.766850553022176,0.0],[-79.859445877672613,-6.766820746798329,0.0],[-79.859757912057546,-6.766752464423274,0.0],[-79.859735783750395,-6.76638248268921,0.0],[-79.863981531358363,-6.76594813899956,0.0],[-79.863881546015193,-6.764969930248591,0.0],[-79.86385149174032,-6.764675893459771,0.0],[-79.86248284835888,-6.764481092905583,0.0],[-79.862452757155978,-6.764464721719108,0.0],[-79.862405314573408,-6.764438910470021,0.0],[-79.862383782600219,-6.7644271959469,0.0],[-79.862358030933024,-6.764413185686973,0.0],[-79.862344686239311,-6.764405925406298,0.0],[-79.86230995271346,-6.764387028368565,0.0],[-79.862262271741287,-6.764361087402248,0.0],[-79.862214988021123,-6.764335362790791,0.0],[-79.862168499184335,-6.764310070160173,0.0],[-79.862118831425533,-6.764283048491136,0.0],[-79.862071150573016,-6.764257107326631,0.0],[-79.862023469535188,-6.764231166525618,0.0],[-79.861998834383868,-6.764217763681973,0.0],[-79.861974199234027,-6.764204360837318,0.0],[-79.86192651830315,-6.764178419844807,0.0],[-79.861854570070705,-6.764315845895251,0.0],[-79.861802883371027,-6.764409871639439,0.0],[-79.861714641831185,-6.764570374518968,0.0],[-79.861628704369011,-6.764726686374983,0.0],[-79.861611494002247,-6.764757990334833,0.0],[-79.861539283218733,-6.764889334563381,0.0],[-79.861375101182674,-6.765187965000455,0.0],[-79.861247003566831,-6.765205820144227,0.0],[-79.8594447884267,-6.76420401813517,0.0]]]]}},
{"type":"Feature","properties":{"Layer":"TG_HAB_URB","Color":3,"ESTADO":"TITULADAS POR COFOPRI","COD_HAB_UR":"0057","ID_COD_URB":"1401010057","TIPO_HAB_U":"A.H.","NOMB_HAB_U":"A.H. AMPLIACIÓN TUPAC AMARU"},"geometry":{"type":"MultiPolygon","coordinates":[[[[-79.856627172283766,-6.764271290913817,0.0],[-79.856607281709003,-6.764318462116335,0.0],[-79.856599058395545,-6.764337963991014,0.0],[-79.856586547712098,-6.764367633509233,0.0],[-79.856570944497633,-6.76440463706481,0.0],[-79.856572193115795,-6.764421685094968,0.0],[-79.856572589502505,-6.764427097168022,0.0],[-79.856577478271873,-6.764493846069161,0.0],[-79.856578138916376,-6.764502866190945,0.0],[-79.856582763427738,-6.764566007043399,0.0],[-79.856582828858336,-6.764566909101914,0.0],[-79.856588048583376,-6.764638168017568,0.0],[-79.856603839236428,-6.764853766020959,0.0],[-79.857428818145735,-6.764782537356673,0.0],[-79.858741957041559,-6.765477434160378,0.0],[-79.8594447884267,-6.76420401813517,0.0],[-79.859790747644055,-6.763468764337719,0.0],[-79.859433097038448,-6.763282378628275,0.0],[-79.859392780419597,-6.763261867530053,0.0],[-79.859352463760999,-6.763241356797068,0.0],[-79.859312106292919,-6.763220924819171,0.0],[-79.859049498295533,-6.763435954080705,0.0],[-79.85890356099523,-6.763424142809638,0.0],[-79.858754817030686,-6.763411809529758,0.0],[-79.858745776830645,-6.763428514812961,0.0],[-79.858649623251196,-6.763381130829965,0.0],[-79.858589677757394,-6.763350322824055,0.0],[-79.858529329156468,-6.763319309107918,0.0],[-79.858472199350032,-6.763289949122258,0.0],[-79.858408632216054,-6.763257280920828,0.0],[-79.85820164205721,-6.763638408083736,0.0],[-79.858149574584473,-6.763734381978662,0.0],[-79.858083608506377,-6.763855007060576,0.0],[-79.858008826101837,-6.763991753513381,0.0],[-79.857600287796885,-6.763828601338687,0.0],[-79.857551137235362,-6.763808972659358,0.0],[-79.857506477867332,-6.763791515910588,0.0],[-79.857337952893729,-6.763725641734958,0.0],[-79.85715498140479,-6.763654120275804,0.0],[-79.857047419585456,-6.763581522519064,0.0],[-79.856938181432724,-6.763533720148169,0.0],[-79.856924792241529,-6.763565473217791,0.0],[-79.856908310680211,-6.763604559974667,0.0],[-79.856903706896944,-6.763615478050345,0.0],[-79.856882797258564,-6.763665066174259,0.0],[-79.856880196881036,-6.763671233082556,0.0],[-79.856861887615224,-6.76371465429644,0.0],[-79.85685208307244,-6.763737906187178,0.0],[-79.856839923698345,-6.763766742658082,0.0],[-79.856823969255316,-6.763804579288851,0.0],[-79.856797752986608,-6.763866752253796,0.0],[-79.8567958528471,-6.763871251299458,0.0],[-79.856787407093677,-6.763891248687806,0.0],[-79.856776667609878,-6.763916757079919,0.0],[-79.856767741594581,-6.763937925483138,0.0],[-79.856755582358133,-6.763966761595928,0.0],[-79.856739627750514,-6.764004598575548,0.0],[-79.856733969838317,-6.764018016534976,0.0],[-79.856712708736424,-6.764068438058565,0.0],[-79.85671151389748,-6.764071271664824,0.0],[-79.856691623341035,-6.764118442873601,0.0],[-79.856683400035465,-6.764137944751001,0.0],[-79.856681080641465,-6.764143445280472,0.0],[-79.856670537940602,-6.764168447686892,0.0],[-79.856655286163729,-6.764204617833806,0.0],[-79.856649276822637,-6.764218869204903,0.0],[-79.856628015701048,-6.764269290721754,0.0],[-79.856627172283766,-6.764271290913817,0.0]]]]}},
{"type":"Feature","properties":{"Layer":"TG_HAB_URB","Color":3,"ESTADO":"TITULADAS POR COFOPRI","COD_HAB_UR":"0036","ID_COD_URB":"1401010036","TIPO_HAB_U":"P.J.","NOMB_HAB_U":"P.J. TUPAC AMARU"},"geometry":{"type":"MultiPolygon","coordinates":[[[[-79.852506643379428,-6.765633762678958,0.0],[-79.852609933714049,-6.765979968080506,0.0],[-79.852617432539063,-6.766005102399722,0.0],[-79.852655726787745,-6.766149339225192,0.0],[-79.852660301159389,-6.766164321305577,0.0],[-79.852675376866031,-6.766213697579362,0.0],[-79.852684492528141,-6.766239254415962,0.0],[-79.85269048993986,-6.76625841634716,0.0],[-79.852705699847448,-6.76630701250559,0.0],[-79.852712183745354,-6.766327728771912,0.0],[-79.852721062342169,-6.766356603134944,0.0],[-79.852734513282314,-6.766400347354109,0.0],[-79.852737465671709,-6.766409753405846,0.0],[-79.852754692526688,-6.76646463663794,0.0],[-79.852757265732237,-6.766472834641754,0.0],[-79.852775439121928,-6.766531022917211,0.0],[-79.852779915072645,-6.766545354191007,0.0],[-79.852824299570429,-6.766686888559927,0.0],[-79.852826870631191,-6.766695087219245,0.0],[-79.852854267742018,-6.766783179583551,0.0],[-79.852933254465313,-6.767037152214602,0.0],[-79.858157472181261,-6.766536418639726,0.0],[-79.858741957041559,-6.765477434160378,0.0],[-79.857428818145735,-6.764782537356673,0.0],[-79.853281910132779,-6.765140566738229,0.0],[-79.852506643379428,-6.765633762678958,0.0]]]]}},
{"type":"Feature","properties":{"Layer":"TG_HAB_URB","Color":3,"ESTADO":"TITULADAS POR COFOPRI","COD_HAB_UR":"0081","ID_COD_URB":"1401010081","TIPO_HAB_U":"URB.","NOMB_HAB_U":"URB. 3 DE OCTUBRE - PAMPA Y MOLINO DE VIENTO"},"geometry":{"type":"MultiPolygon","coordinates":[[[[-79.865246324483536,-6.767829244538856,0.0],[-79.865380845476338,-6.769607808578216,0.0],[-79.868898573183884,-6.76926712199676,0.0],[-79.868810526011941,-6.768195922805684,0.0],[-79.868725273804344,-6.7672379287571,0.0],[-79.86777966481695,-6.765998308657172,0.0],[-79.867593991691919,-6.766132911639256,0.0],[-79.867520748677194,-6.76618600882321,0.0],[-79.867447505647277,-6.766239105993388,0.0],[-79.867374262602212,-6.766292203149675,0.0],[-79.867301019542069,-6.766345300292219,0.0],[-79.867227776466763,-6.766398397420953,0.0],[-79.867223381881573,-6.766401583248294,0.0],[-79.867164787409735,-6.766444060940678,0.0],[-79.867154533376294,-6.766451494535811,0.0],[-79.867106192928176,-6.766486538624191,0.0],[-79.867081290270704,-6.766504591636907,0.0],[-79.86704759843694,-6.766529016298899,0.0],[-79.867008047150023,-6.766557688724212,0.0],[-79.866989003936027,-6.766571493964718,0.0],[-79.866934804014122,-6.76661078579769,0.0],[-79.866861560863128,-6.766663882857339,0.0],[-79.866802966331448,-6.766706360495128,0.0],[-79.866788317697043,-6.766716979903196,0.0],[-79.866744371790091,-6.766748838124078,0.0],[-79.866715074515767,-6.766770076935239,0.0],[-79.866685777239027,-6.766791315744172,0.0],[-79.866641831319384,-6.766823173953436,0.0],[-79.8666271826783,-6.76683379335541,0.0],[-79.866568588107867,-6.766876270957875,0.0],[-79.866495344881216,-6.766929367948483,0.0],[-79.866401022452337,-6.766994071144468,0.0],[-79.866327640563014,-6.76704697648918,0.0],[-79.866326466454325,-6.767047822973353,0.0],[-79.866268935040566,-6.767089300755037,0.0],[-79.866253084549541,-6.76710072830408,0.0],[-79.866210229508468,-6.767131625012032,0.0],[-79.866179702629637,-6.767153633620953,0.0],[-79.866151523966707,-6.767173949260162,0.0],[-79.866106320694669,-6.767206538923961,0.0],[-79.866092818415297,-6.767216273499447,0.0],[-79.866034112854209,-6.767258597729831,0.0],[-79.865976141103161,-6.767300392898639,0.0],[-79.865959556779387,-6.767312349488461,0.0],[-79.865916701703057,-6.767343246164042,0.0],[-79.86588617479913,-6.767365254749918,0.0],[-79.865857996113007,-6.767385570367836,0.0],[-79.865812792803766,-6.767418159997523,0.0],[-79.865800024333325,-6.767427365510416,0.0],[-79.865741318724076,-6.76746968969659,0.0],[-79.865682613105136,-6.767512013873915,0.0],[-79.86566602876772,-6.767523970451198,0.0],[-79.865623907476547,-6.767554338042377,0.0],[-79.86559264672708,-6.76757687565725,0.0],[-79.865565201838308,-6.767596662201971,0.0],[-79.86551926467132,-6.767629780849465,0.0],[-79.865507228856188,-6.767638455760074,0.0],[-79.865448522411981,-6.767680778838067,0.0],[-79.865317904231119,-6.767774952626932,0.0],[-79.865246324483536,-6.767829244538856,0.0]]]]}},
{"type":"Feature","properties":{"Layer":"TG_HAB_URB","Color":3,"ESTADO":"TITULADAS POR COFOPRI","COD_HAB_UR":"0093","ID_COD_URB":"1401010093","TIPO_HAB_U":"URB.","NOMB_HAB_U":"URB. REMIGIO B. SILVA SUBPROGRAMA I"},"geometry":{"type":"MultiPolygon","coordinates":[[[[-79.870629580079196,-6.771687718368986,0.0],[-79.870635089707264,-6.771741703994879,0.0],[-79.87064059933418,-6.77179568962406,0.0],[-79.870646108965772,-6.771849675250999,0.0],[-79.870651618586336,-6.771903660874568,0.0],[-79.870657128218426,-6.771957646506879,0.0],[-79.87066263784628,-6.772011632130846,0.0],[-79.870668147475797,-6.772065617762169,0.0],[-79.870673657104845,-6.772119603389893,0.0],[-79.870700660114437,-6.772116849614696,0.0],[-79.87070616974863,-6.772170835244172,0.0],[-79.870711679379383,-6.772224820870512,0.0],[-79.870717189008047,-6.772278806501031,0.0],[-79.87072269864268,-6.772332792124983,0.0],[-79.870776704691281,-6.772327284569954,0.0],[-79.870830710730615,-6.772321777008714,0.0],[-79.870884716775379,-6.772316269447325,0.0],[-79.870914602326749,-6.772609099251903,0.0],[-79.872026895172496,-6.77249336616387,0.0],[-79.87187823005651,-6.771036722453236,0.0],[-79.87040116845256,-6.771187355869228,0.0],[-79.870439842332814,-6.771566300129347,0.0],[-79.870615361680393,-6.771548400617353,0.0],[-79.870624070452067,-6.771633732741485,0.0],[-79.870629580079196,-6.771687718368986,0.0]]]]}},
{"type":"Feature","properties":{"Layer":"TG_HAB_URB","Color":3,"ESTADO":"TITULADAS POR COFOPRI","COD_HAB_UR":"0094","ID_COD_URB":"1401010094","TIPO_HAB_U":"URB.","NOMB_HAB_U":"URB. REMIGIO B. SILVA II ETAPA"},"geometry":{"type":"MultiPolygon","coordinates":[[[[-79.87187823005651,-6.771036722453236,0.0],[-79.872026895172496,-6.77249336616387,0.0],[-79.873563319531911,-6.772333498213828,0.0],[-79.873471380546377,-6.771432694474517,0.0],[-79.873858456143935,-6.771393217837114,0.0],[-79.873764907919153,-6.77047665363265,0.0],[-79.872579895973715,-6.770593047941305,0.0],[-79.872598675871984,-6.770777053635048,0.0],[-79.872528602013148,-6.770784200114732,0.0],[-79.872474596131681,-6.770789707895005,0.0],[-79.872420590249931,-6.770795215668855,0.0],[-79.87236658436801,-6.770800723436952,0.0],[-79.872312578485761,-6.770806231198388,0.0],[-79.872258572603329,-6.770811738953873,0.0],[-79.87220456672064,-6.770817246703118,0.0],[-79.872201811814932,-6.770790253883665,0.0],[-79.872147805935086,-6.770795761626895,0.0],[-79.872093800055012,-6.770801269364171,0.0],[-79.872039794174654,-6.770806777094754,0.0],[-79.871985788294083,-6.770812284819367,0.0],[-79.87193178241327,-6.770817792537793,0.0],[-79.871877776532244,-6.770823300250281,0.0],[-79.871823770650963,-6.770828807956327,0.0],[-79.871826525535141,-6.770855800774134,0.0],[-79.87177251965052,-6.770861308473715,0.0],[-79.871718513765671,-6.77086681616714,0.0],[-79.871664507880624,-6.770872323854629,0.0],[-79.871610501995292,-6.770877831535642,0.0],[-79.871556496109676,-6.770883339210079,0.0],[-79.871502490223904,-6.770888846879036,0.0],[-79.871521297355585,-6.771073123523215,0.0],[-79.87187823005651,-6.771036722453236,0.0]]]]}},
{"type":"Feature","properties":{"Layer":"TG_HAB_URB","Color":3,"ESTADO":"TITULADAS POR COFOPRI","COD_HAB_UR":"0096","ID_COD_URB":"1401010096","TIPO_HAB_U":"URB.","NOMB_HAB_U":"URB. REMIGIO B. SILVA V ETAPA MZ-M1"},"geometry":{"type":"MultiPolygon","coordinates":[[[[-79.873471380546377,-6.771432694474517,0.0],[-79.873563319531911,-6.772333498213828,0.0],[-79.87395031504569,-6.772293229779999,0.0],[-79.873858456143935,-6.771393217837114,0.0],[-79.873471380546377,-6.771432694474517,0.0]]]]}},
{"type":"Feature","properties":{"Layer":"TG_HAB_URB","Color":3,"ESTADO":"TITULADAS POR COFOPRI","COD_HAB_UR":"0092","ID_COD_URB":"1401010092","TIPO_HAB_U":"URB.","NOMB_HAB_U":"URB. REMIGIO B. SILVA"},"geometry":{"type":"MultiPolygon","coordinates":[[[[-79.869211337268013,-6.772323276342183,0.0],[-79.869258225279282,-6.772781438915274,0.0],[-79.870914602326749,-6.772609099251903,0.0],[-79.870884716775379,-6.772316269447325,0.0],[-79.870830710730615,-6.772321777008714,0.0],[-79.870776704691281,-6.772327284569954,0.0],[-79.87072269864268,-6.772332792124983,0.0],[-79.870717189008047,-6.772278806501031,0.0],[-79.870711679379383,-6.772224820870512,0.0],[-79.87070616974863,-6.772170835244172,0.0],[-79.870700660114437,-6.772116849614696,0.0],[-79.870673657104845,-6.772119603389893,0.0],[-79.870668147475797,-6.772065617762169,0.0],[-79.87066263784628,-6.772011632130846,0.0],[-79.870657128218426,-6.771957646506879,0.0],[-79.870651618586336,-6.771903660874568,0.0],[-79.870646108965772,-6.771849675250999,0.0],[-79.87064059933418,-6.77179568962406,0.0],[-79.870635089707264,-6.771741703994879,0.0],[-79.870629580079196,-6.771687718368986,0.0],[-79.870624070452067,-6.771633732741485,0.0],[-79.870615361680393,-6.771548400617353,0.0],[-79.870439842332814,-6.771566300129347,0.0],[-79.870503647153683,-6.772191488520072,0.0],[-79.869211337268013,-6.772323276342183,0.0]]]]}},
{"type":"Feature","properties":{"Layer":"TG_HAB_URB","Color":3,"ESTADO":"TITULADAS POR COFOPRI","COD_HAB_UR":"0176","ID_COD_URB":"1401010176","TIPO_HAB_U":"UPIS","NOMB_HAB_U":"UPIS NUEVA ESPERANZA N°1"},"geometry":{"type":"MultiPolygon","coordinates":[[[[-79.876668133380278,-6.767267971957807,0.0],[-79.876353402409819,-6.767645814050974,0.0],[-79.876398032152679,-6.768556515491305,0.0],[-79.876470723484559,-6.769010569346807,0.0],[-79.876703966168137,-6.769013015174175,0.0],[-79.876710299197924,-6.769013081581988,0.0],[-79.876758249281082,-6.7690135843813,0.0],[-79.876812532395164,-6.769014153582283,0.0],[-79.876866815510368,-6.769014722777277,0.0],[-79.87692109862671,-6.769015291966262,0.0],[-79.876982167133932,-6.769015932296563,0.0],[-79.877050021032517,-6.769016643765748,0.0],[-79.877117874932878,-6.769017355225508,0.0],[-79.877186181194347,-6.769018071418793,0.0],[-79.877254939816964,-6.769018792345423,0.0],[-79.87730108047262,-6.769019276119685,0.0],[-79.877367063120317,-6.769019967925174,0.0],[-79.87738282838751,-6.768596154324041,0.0],[-79.87737680727453,-6.768404225653422,0.0],[-79.87720512330236,-6.76747816277963,0.0],[-79.877124416892514,-6.767061919085105,0.0],[-79.877110550132514,-6.766966686992811,0.0],[-79.876909243484064,-6.766967112720232,0.0],[-79.876879047568892,-6.766967176572011,0.0],[-79.876660202491877,-6.766967639281832,0.0],[-79.876668133380278,-6.767267971957807,0.0]]]]}},
{"type":"Feature","properties":{"Layer":"TG_HAB_URB","Color":3,"ESTADO":"TITULADAS POR COFOPRI","COD_HAB_UR":"0308","ID_COD_URB":"1401010308","TIPO_HAB_U":"P.J.","NOMB_HAB_U":"P.J. NUEVA ESPERANZA"},"geometry":{"type":"MultiPolygon","coordinates":[[[[-79.876633925169969,-6.765972556083377,0.0],[-79.876660202491877,-6.766967639281832,0.0],[-79.876879047568892,-6.766967176572011,0.0],[-79.876909243484064,-6.766967112720232,0.0],[-79.877110550132514,-6.766966686992811,0.0],[-79.876939578639067,-6.76592259099113,0.0],[-79.87680396221235,-6.7659447601984,0.0],[-79.876633925169969,-6.765972556083377,0.0]]]]}},
{"type":"Feature","properties":{"Layer":"TG_HAB_URB","Color":3,"ESTADO":"TITULADAS POR COFOPRI","COD_HAB_UR":"0220","ID_COD_URB":"1401010220","TIPO_HAB_U":"H.U.","NOMB_HAB_U":"H.U. COOP. DE VIVIENDA DEL MINISTERIO PÚBLICO LTDA. N°1889"},"geometry":{"type":"MultiPolygon","coordinates":[[[[-79.868941156184022,-6.768183400013235,0.0],[-79.868979507666481,-6.768580861428797,0.0],[-79.870279281177048,-6.768455535891223,0.0],[-79.87024233972555,-6.7680586607578,0.0],[-79.868941156184022,-6.768183400013235,0.0]]]]}},
{"type":"Feature","properties":{"Layer":"TG_HAB_URB","Color":3,"ESTADO":"TITULADAS POR COFOPRI","COD_HAB_UR":"0095","ID_COD_URB":"1401010095","TIPO_HAB_U":"URB.","NOMB_HAB_U":"URB. REMIGIO B. SILVA V ETAPA"},"geometry":{"type":"MultiPolygon","coordinates":[[[[-79.870044237526059,-6.769567576157527,0.0],[-79.870129635984952,-6.770404353332013,0.0],[-79.869900111241918,-6.770427760233333,0.0],[-79.869941432901584,-6.770832652404214,0.0],[-79.870833429796832,-6.770741686179421,0.0],[-79.870873992767173,-6.771139136896949,0.0],[-79.871521297355585,-6.771073123523215,0.0],[-79.871502490223904,-6.770888846879036,0.0],[-79.871556496109676,-6.770883339210079,0.0],[-79.871610501995292,-6.770877831535642,0.0],[-79.871664507880624,-6.770872323854629,0.0],[-79.871718513765671,-6.77086681616714,0.0],[-79.87177251965052,-6.770861308473715,0.0],[-79.871826525535141,-6.770855800774134,0.0],[-79.871823770650963,-6.770828807956327,0.0],[-79.871877776532244,-6.770823300250281,0.0],[-79.87193178241327,-6.770817792537793,0.0],[-79.871985788294083,-6.770812284819367,0.0],[-79.872039794174654,-6.770806777094754,0.0],[-79.872093800055012,-6.770801269364171,0.0],[-79.872147805935086,-6.770795761626895,0.0],[-79.872201811814932,-6.770790253883665,0.0],[-79.87220456672064,-6.770817246703118,0.0],[-79.872258572603329,-6.770811738953873,0.0],[-79.872312578485761,-6.770806231198388,0.0],[-79.87236658436801,-6.770800723436952,0.0],[-79.872420590249931,-6.770795215668855,0.0],[-79.872474596131681,-6.770789707895005,0.0],[-79.872528602013148,-6.770784200114732,0.0],[-79.872598675871984,-6.770777053635048,0.0],[-79.872579895973715,-6.770593047941305,0.0],[-79.873764907919153,-6.77047665363265,0.0],[-79.873606362330165,-6.768923258508885,0.0],[-79.873539603283035,-6.768962517528188,0.0],[-79.873383340721603,-6.769033566823661,0.0],[-79.873226128718315,-6.769095621677367,0.0],[-79.873176360374828,-6.769125914716695,0.0],[-79.872812361112267,-6.769302039218324,0.0],[-79.872217497479625,-6.769379182255794,0.0],[-79.872213746003766,-6.769338435709656,0.0],[-79.871419276479614,-6.76941593196787,0.0],[-79.871420419433008,-6.769427230558882,0.0],[-79.870044237526059,-6.769567576157527,0.0]]]]}},
{"type":"Feature","properties":{"Layer":"TG_HAB_URB","Color":3,"ESTADO":"TITULADAS POR COFOPRI","COD_HAB_UR":"0307","ID_COD_URB":"1401010307","TIPO_HAB_U":"A.H.","NOMB_HAB_U":"A.H. 14 DE ABRIL"},"geometry":{"type":"MultiPolygon","coordinates":[[[[-79.874813536495594,-6.767244421043102,0.0],[-79.874700973302097,-6.767143508430939,0.0],[-79.874679120949779,-6.767171125096292,0.0],[-79.874660770826694,-6.76719431569477,0.0],[-79.874627920628612,-6.767235831253006,0.0],[-79.874595782776566,-6.767229880733595,0.0],[-79.874545934681549,-6.76722889762604,0.0],[-79.874496558067008,-6.767235076807936,0.0],[-79.874436019333046,-6.767224440733582,0.0],[-79.874400614076777,-6.767248659092804,0.0],[-79.874355250682868,-6.767211266399663,0.0],[-79.874169885107094,-6.767434767182292,0.0],[-79.874272288222272,-6.767530531694454,0.0],[-79.874318403635272,-6.767489486492462,0.0],[-79.874341960362116,-6.767441323248705,0.0],[-79.874358773620173,-6.767406947453009,0.0],[-79.874366219392698,-6.767412698609575,0.0],[-79.874380488592436,-6.767389830426395,0.0],[-79.874425871117907,-6.767412351075885,0.0],[-79.874486651293381,-6.767442512654354,0.0],[-79.874538108330214,-6.767468047706456,0.0],[-79.874579453207758,-6.767488564692813,0.0],[-79.874625592714608,-6.767511460960669,0.0],[-79.874666112849241,-6.767531568666456,0.0],[-79.874707887142407,-6.767552298730613,0.0],[-79.874772001773422,-6.767584114948479,0.0],[-79.874813536495594,-6.767244421043102,0.0]]]]}},
{"type":"Feature","properties":{"Layer":"TG_HAB_URB","Color":3,"ESTADO":"TITULADAS POR COFOPRI","COD_HAB_UR":"0174","ID_COD_URB":"1401010174","TIPO_HAB_U":"P.J.","NOMB_HAB_U":"P.J. VISTA ALEGRE"},"geometry":{"type":"MultiPolygon","coordinates":[[[[-79.873438325404464,-6.765886322467994,0.0],[-79.87315164754834,-6.766599290719562,0.0],[-79.873086276979294,-6.76681504501612,0.0],[-79.873034042464866,-6.766944951894078,0.0],[-79.873133346983565,-6.767031487038242,0.0],[-79.872868323453957,-6.76731241949672,0.0],[-79.873489357740965,-6.767659739669322,0.0],[-79.873559081198962,-6.767527730599873,0.0],[-79.87385303811196,-6.76768599408605,0.0],[-79.873779531018968,-6.767825776832365,0.0],[-79.873931472788257,-6.76791757886149,0.0],[-79.873955318765638,-6.767901271929996,0.0],[-79.873981006854621,-6.767883705278554,0.0],[-79.873992357522241,-6.767875943189073,0.0],[-79.87402991899954,-6.767850256982561,0.0],[-79.874055233825217,-6.767832945576929,0.0],[-79.87406765317462,-6.767824502796079,0.0],[-79.874104686784264,-6.767799327024849,0.0],[-79.87412406396777,-6.767786154243929,0.0],[-79.874141710881574,-6.767774137278731,0.0],[-79.87418036958492,-6.767747811974485,0.0],[-79.874194277744579,-6.767738340974039,0.0],[-79.874218499738248,-6.767721835589221,0.0],[-79.8742566269474,-6.767695854887857,0.0],[-79.874260722542459,-6.767693064060814,0.0],[-79.874269613710126,-6.767687005426634,0.0],[-79.874207300176238,-6.767588374535335,0.0],[-79.874272288222272,-6.767530531694454,0.0],[-79.874169885107094,-6.767434767182292,0.0],[-79.874355250682868,-6.767211266399663,0.0],[-79.874400614076777,-6.767248659092804,0.0],[-79.874436019333046,-6.767224440733582,0.0],[-79.874496558067008,-6.767235076807936,0.0],[-79.874545934681549,-6.76722889762604,0.0],[-79.874595782776566,-6.767229880733595,0.0],[-79.874627920628612,-6.767235831253006,0.0],[-79.874660770826694,-6.76719431569477,0.0],[-79.874679120949779,-6.767171125096292,0.0],[-79.874700973302097,-6.767143508430939,0.0],[-79.874813536495594,-6.767244421043102,0.0],[-79.874772001773422,-6.767584114948479,0.0],[-79.874746817952683,-6.767790081754097,0.0],[-79.874780432164769,-6.767835094385558,0.0],[-79.8750991510353,-6.767768551728501,0.0],[-79.875168828124472,-6.767156448856174,0.0],[-79.874104349215457,-6.766267325966484,0.0],[-79.8745166560401,-6.765771427381139,0.0],[-79.874419746328357,-6.765372027912317,0.0],[-79.874029766872212,-6.764916716131206,0.0],[-79.873639299313609,-6.76467529265599,0.0],[-79.872842904512254,-6.764596064175146,0.0],[-79.872480116416455,-6.76476430193842,0.0],[-79.872284222135775,-6.764964463798814,0.0],[-79.873025765230892,-6.765239452626586,0.0],[-79.87297212418234,-6.765399634080446,0.0],[-79.873038630462915,-6.765424030313715,0.0],[-79.873030301431299,-6.765448902240151,0.0],[-79.872989727230461,-6.765570063760292,0.0],[-79.873496732433722,-6.765741063758834,0.0],[-79.873468693726068,-6.765810796244375,0.0],[-79.873438325404464,-6.765886322467994,0.0]]]]}},
{"type":"Feature","properties":{"Layer":"TG_HAB_URB","Color":3,"ESTADO":"TITULADAS POR COFOPRI","COD_HAB_UR":"0443","ID_COD_URB":"1401010443","TIPO_HAB_U":"P.I.","NOMB_HAB_U":"P.I. URB. LAS ÁNIMAS"},"geometry":{"type":"MultiPolygon","coordinates":[[[[-79.856192315072292,-6.778277454814254,0.0],[-79.856197936829915,-6.778323390818652,0.0],[-79.85620837418719,-6.77840867547223,0.0],[-79.856190801787619,-6.778410253862673,0.0],[-79.856204030668195,-6.778538737143843,0.0],[-79.857194155835799,-6.778454177983864,0.0],[-79.857193912090878,-6.778421905673948,0.0],[-79.857193859938675,-6.778415000625269,0.0],[-79.85719286854733,-6.778283738937717,0.0],[-79.857191248049986,-6.778283780599433,0.0],[-79.857195234863013,-6.778147947665763,0.0],[-79.857195784580227,-6.778129218471776,0.0],[-79.856314786144921,-6.778212114395339,0.0],[-79.856220873758161,-6.778219815565247,0.0],[-79.856220782494816,-6.778274988735446,0.0],[-79.856192315072292,-6.778277454814254,0.0]]]]}},
{"type":"Feature","properties":{"Layer":"TG_HAB_URB","Color":3,"ESTADO":"TITULADAS POR COFOPRI","COD_HAB_UR":"0426","ID_COD_URB":"1401010426","TIPO_HAB_U":"A.H.","NOMB_HAB_U":"A.H. LAS ÁNIMAS - SECTOR 1"},"geometry":{"type":"MultiPolygon","coordinates":[[[[-79.85614208758598,-6.779994373948702,0.0],[-79.856143506018157,-6.780131387123386,0.0],[-79.856146588440453,-6.780157056094889,0.0],[-79.856529149228621,-6.780124332164829,0.0],[-79.856499526553065,-6.779795316532908,0.0],[-79.85613799039821,-6.779836277612922,0.0],[-79.856140664543574,-6.77985690879205,0.0],[-79.85614208758598,-6.779994373948702,0.0]]]]}},
{"type":"Feature","properties":{"Layer":"TG_HAB_URB","Color":3,"ESTADO":"TITULADAS POR COFOPRI","COD_HAB_UR":"0091","ID_COD_URB":"1401010091","TIPO_HAB_U":"URB.","NOMB_HAB_U":"URB. REMIGIO B. SILVA SUBPROGRAMA II SEGUNDA ETAPA"},"geometry":{"type":"MultiPolygon","coordinates":[[[[-79.869603040284176,-6.771188755925458,0.0],[-79.869634031088282,-6.771492464363754,0.0],[-79.869131549545756,-6.771543636402225,0.0],[-79.869211337268013,-6.772323276342183,0.0],[-79.870503647153683,-6.772191488520072,0.0],[-79.870439842332814,-6.771566300129347,0.0],[-79.87040116845256,-6.771187355869228,0.0],[-79.870873992767173,-6.771139136896949,0.0],[-79.870833429796832,-6.770741686179421,0.0],[-79.869941432901584,-6.770832652404214,0.0],[-79.869900111241918,-6.770427760233333,0.0],[-79.869710442207975,-6.770447102570075,0.0],[-79.869718123760265,-6.770522475857201,0.0],[-79.869723625700317,-6.770576462257477,0.0],[-79.869729127640625,-6.7706304486488,0.0],[-79.869734629572093,-6.770684435049137,0.0],[-79.869740131512884,-6.770738421440456,0.0],[-79.86974563345386,-6.770792407840862,0.0],[-79.869751135395134,-6.770846394232259,0.0],[-79.869756637336621,-6.770900380623649,0.0],[-79.869762139278322,-6.770954367024125,0.0],[-79.86976764121124,-6.771008353415557,0.0],[-79.869773143153424,-6.771062339816063,0.0],[-79.869778645095863,-6.771116326207562,0.0],[-79.869784147038516,-6.771170312608149,0.0],[-79.869603040284176,-6.771188755925458,0.0]]]]}},
{"type":"Feature","properties":{"Layer":"TG_HAB_URB","Color":3,"ESTADO":"TITULADAS POR COFOPRI","COD_HAB_UR":"0090","ID_COD_URB":"1401010090","TIPO_HAB_U":"URB.","NOMB_HAB_U":"URB. REMIGIO B. SILVA SUBPROGRAMA II PRIMERA ETAPA"},"geometry":{"type":"MultiPolygon","coordinates":[[[[-79.868940836944986,-6.769680100085803,0.0],[-79.869131549545756,-6.771543636402225,0.0],[-79.869634031088282,-6.771492464363754,0.0],[-79.869603040284176,-6.771188755925458,0.0],[-79.869784147038516,-6.771170312608149,0.0],[-79.869778645095863,-6.771116326207562,0.0],[-79.869773143153424,-6.771062339816063,0.0],[-79.86976764121124,-6.771008353415557,0.0],[-79.869762139278322,-6.770954367024125,0.0],[-79.869756637336621,-6.770900380623649,0.0],[-79.869751135395134,-6.770846394232259,0.0],[-79.86974563345386,-6.770792407840862,0.0],[-79.869740131512884,-6.770738421440456,0.0],[-79.869734629572093,-6.770684435049137,0.0],[-79.869729127640625,-6.7706304486488,0.0],[-79.869723625700317,-6.770576462257477,0.0],[-79.869718123760265,-6.770522475857201,0.0],[-79.869710442207975,-6.770447102570075,0.0],[-79.870129635984952,-6.770404353332013,0.0],[-79.870044237526059,-6.769567576157527,0.0],[-79.868940836944986,-6.769680100085803,0.0]]]]}},
{"type":"Feature","properties":{"Layer":"TG_HAB_URB","Color":3,"ESTADO":"TITULADAS POR COFOPRI","COD_HAB_UR":"0217","ID_COD_URB":"1401010217","TIPO_HAB_U":"ASOC","NOMB_HAB_U":"ASOC. DE PROPIETARIOS LA CIUDADELA"},"geometry":{"type":"MultiPolygon","coordinates":[[[[-79.85274615050055,-6.779307192711591,0.0],[-79.856132269081726,-6.780925951004645,0.0],[-79.856142100150038,-6.78050605159658,0.0],[-79.856143465495123,-6.780447743718211,0.0],[-79.856145068270251,-6.780379296165453,0.0],[-79.856146794466838,-6.780305577719567,0.0],[-79.856149670862848,-6.780182725066398,0.0],[-79.856143506018157,-6.780131387123386,0.0],[-79.85614208758598,-6.779994373948702,0.0],[-79.856140664543574,-6.77985690879205,0.0],[-79.856135316252931,-6.779815646433797,0.0],[-79.856126535861193,-6.77968026633203,0.0],[-79.856123678312827,-6.779545085003813,0.0],[-79.85613438733067,-6.779477501187441,0.0],[-79.856142365875442,-6.779339804045588,0.0],[-79.856143754103456,-6.779203242793549,0.0],[-79.856159623987381,-6.779113043477592,0.0],[-79.856173354408639,-6.778974440177602,0.0],[-79.856167952513644,-6.778974978323848,0.0],[-79.856162991669208,-6.778913862139828,0.0],[-79.856156976443444,-6.77883975891855,0.0],[-79.85615989707,-6.778785774837623,0.0],[-79.856226969766382,-6.778779081077552,0.0],[-79.856220733350725,-6.778694401783256,0.0],[-79.856218898654035,-6.778669489906703,0.0],[-79.856238253543012,-6.778611111404319,0.0],[-79.856228555785393,-6.778536642662735,0.0],[-79.856204030668195,-6.778538737143843,0.0],[-79.856190801787619,-6.778410253862673,0.0],[-79.85620837418719,-6.77840867547223,0.0],[-79.856197936829915,-6.778323390818652,0.0],[-79.856192315072292,-6.778277454814254,0.0],[-79.856220782494816,-6.778274988735446,0.0],[-79.856220873758161,-6.778219815565247,0.0],[-79.856221058053123,-6.778114453372716,0.0],[-79.856221447335756,-6.77788765024397,0.0],[-79.855887303855212,-6.777930463389786,0.0],[-79.855889999195696,-6.778000239067648,0.0],[-79.855891798347315,-6.778046814652229,0.0],[-79.855895672187131,-6.778147098817932,0.0],[-79.855896523301226,-6.778170277150634,0.0],[-79.855901032110069,-6.778293065286519,0.0],[-79.85590211831898,-6.778322645964161,0.0],[-79.855688481392434,-6.778334476288115,0.0],[-79.855740767484988,-6.778860572471371,0.0],[-79.85536138225612,-6.778899271362588,0.0],[-79.855391300348316,-6.779197773331795,0.0],[-79.854367644995932,-6.779301668461295,0.0],[-79.854231545850098,-6.779283348471182,0.0],[-79.853752279001796,-6.779287497254842,0.0],[-79.853610954986124,-6.779238289143097,0.0],[-79.853401548885898,-6.779125944991222,0.0],[-79.853400082228845,-6.778971881598957,0.0],[-79.853399724950862,-6.778934349660713,0.0],[-79.853399402108934,-6.77890043525875,0.0],[-79.853399066352978,-6.778865164280617,0.0],[-79.853398717682893,-6.778828536726363,0.0],[-79.853398377621573,-6.778792813556132,0.0],[-79.85339803325526,-6.778756638193798,0.0],[-79.853396524717766,-6.778598370603588,0.0],[-79.853397336296126,-6.778515388247135,0.0],[-79.853395267196305,-6.778364378201451,0.0],[-79.853322894686301,-6.778286081244643,0.0],[-79.853038700230627,-6.77843291378996,0.0],[-79.852691816237865,-6.778515017608878,0.0],[-79.852704826335923,-6.778702379096449,0.0],[-79.852716134410088,-6.77886522936099,0.0],[-79.852719255418492,-6.778914886526668,0.0],[-79.852722612827549,-6.778962699194117,0.0],[-79.8527259111886,-6.779010973458267,0.0],[-79.852729302026916,-6.779060601206534,0.0],[-79.85274615050055,-6.779307192711591,0.0]]]]}},
{"type":"Feature","properties":{"Layer":"TG_HAB_URB","Color":3,"ESTADO":"TITULADAS POR COFOPRI","COD_HAB_UR":"0192","ID_COD_URB":"1401010192","TIPO_HAB_U":"H.U.","NOMB_HAB_U":"H.U. PROGRESIVA CERROPÓN - LA MOLINA ALTA"},"geometry":{"type":"MultiPolygon","coordinates":[[[[-79.872404658041035,-6.786499750429399,0.0],[-79.872243501898268,-6.786874602981029,0.0],[-79.872097954242179,-6.787213149203832,0.0],[-79.871954100331905,-6.787547755127871,0.0],[-79.872006671752359,-6.787568504296683,0.0],[-79.872134170244806,-6.787618826052839,0.0],[-79.8721558017251,-6.787569054141625,0.0],[-79.872177433200306,-6.787519282228614,0.0],[-79.87218824893597,-6.787494396271434,0.0],[-79.872243663452679,-6.787516465428808,0.0],[-79.8722972396247,-6.787537802253666,0.0],[-79.872347911432215,-6.787557969065017,0.0],[-79.872399626015806,-6.787578560239433,0.0],[-79.87244041976443,-6.787594803064636,0.0],[-79.872444657809865,-6.787596489211666,0.0],[-79.872495298660795,-6.78761663715592,0.0],[-79.872546077358692,-6.787636872673017,0.0],[-79.87259595904662,-6.787656680068096,0.0],[-79.872647357782782,-6.78767720547392,0.0],[-79.872696898506007,-6.787696930409034,0.0],[-79.872746722582519,-6.787716829163817,0.0],[-79.872797103481503,-6.787590861192717,0.0],[-79.872823215251557,-6.787526107649885,0.0],[-79.872852594341111,-6.787537961514342,0.0],[-79.872902941157719,-6.787558275424577,0.0],[-79.873028829896271,-6.787608978892464,0.0],[-79.873050782912998,-6.787559347657811,0.0],[-79.873072735832451,-6.787509716552289,0.0],[-79.873079497845183,-6.787494429008031,0.0],[-79.873183375962725,-6.787532645018574,0.0],[-79.873280600034164,-6.787568413029221,0.0],[-79.873330174715861,-6.787586651175794,0.0],[-79.873380581670972,-6.78760519550309,0.0],[-79.873435136150277,-6.787625265665223,0.0],[-79.873487391730606,-6.787644490073726,0.0],[-79.873507366742658,-6.787651838718391,0.0],[-79.873540966068958,-6.787648852078094,0.0],[-79.873602457931199,-6.787643386067243,0.0],[-79.873635049726005,-6.787651033410651,0.0],[-79.873678740736125,-6.787669234721551,0.0],[-79.873727852354008,-6.787535889593275,0.0],[-79.874427767423185,-6.787526458105555,0.0],[-79.874739301346494,-6.787497319350069,0.0],[-79.875446962183275,-6.787431128819945,0.0],[-79.875346503277115,-6.786384336187001,0.0],[-79.875297601420371,-6.785874773326181,0.0],[-79.875283099965344,-6.785723666499599,0.0],[-79.874757013428507,-6.785145459242875,0.0],[-79.874788643847467,-6.785072434010837,0.0],[-79.874274817171852,-6.784856013380343,0.0],[-79.873963896156127,-6.78553246516237,0.0],[-79.873804914722072,-6.785472742896334,0.0],[-79.873677782280282,-6.78542498474483,0.0],[-79.87362669982231,-6.785402859620334,0.0],[-79.873342794015883,-6.785296208323773,0.0],[-79.873292376189454,-6.785276344545614,0.0],[-79.873169671845162,-6.785223818022428,0.0],[-79.872970025229037,-6.785138354438087,0.0],[-79.872677204807388,-6.785865799206899,0.0],[-79.872404658041035,-6.786499750429399,0.0]]]]}},
{"type":"Feature","properties":{"Layer":"TG_HAB_URB","Color":3,"ESTADO":"TITULADAS POR COFOPRI","COD_HAB_UR":"0198","ID_COD_URB":"1401010198","TIPO_HAB_U":"URB.","NOMB_HAB_U":"URB. PROGRESIVA CERROPÓN VILLA EL SALVADOR"},"geometry":{"type":"MultiPolygon","coordinates":[[[[-79.868497294193475,-6.786217747968551,0.0],[-79.869181238490654,-6.786611107730397,0.0],[-79.870066365650814,-6.787049902718966,0.0],[-79.870314209775785,-6.787149664875853,0.0],[-79.870552935304289,-6.786582438716295,0.0],[-79.870709829993189,-6.786647351602334,0.0],[-79.87077452574816,-6.786495898436744,0.0],[-79.870848489551733,-6.786322748557338,0.0],[-79.870701494756986,-6.786258444023309,0.0],[-79.870859248631163,-6.785895078160519,0.0],[-79.871140838434002,-6.786026154075389,0.0],[-79.871270317073595,-6.785729804179029,0.0],[-79.870824389268208,-6.785541696186063,0.0],[-79.87086408940651,-6.785443443367082,0.0],[-79.870884420394034,-6.785393126725059,0.0],[-79.870894585885921,-6.785367968403435,0.0],[-79.870904751376585,-6.78534281008138,0.0],[-79.870925082354191,-6.785292493436015,0.0],[-79.870956142132769,-6.785215624313597,0.0],[-79.870450883613245,-6.784960744641459,0.0],[-79.869613650486386,-6.784470759706498,0.0],[-79.86924160314237,-6.785045430229253,0.0],[-79.868497294193475,-6.786217747968551,0.0]]]]}},
{"type":"Feature","properties":{"Layer":"TG_HAB_URB","Color":3,"ESTADO":"TITULADAS POR COFOPRI","COD_HAB_UR":"0017","ID_COD_URB":"1401010017","TIPO_HAB_U":"URB.","NOMB_HAB_U":"URB. LAS BRISAS"},"geometry":{"type":"MultiPolygon","coordinates":[[[[-79.86573492852105,-6.780860460890424,0.0],[-79.865544354505019,-6.781165409475855,0.0],[-79.865747547246187,-6.781292580988572,0.0],[-79.865723539691118,-6.781330909478705,0.0],[-79.865699532131941,-6.78136923796694,0.0],[-79.865675524568672,-6.781407566453315,0.0],[-79.865651517001297,-6.781445894937795,0.0],[-79.865627509429828,-6.781484223420398,0.0],[-79.865603501854238,-6.781522551901154,0.0],[-79.86557949427457,-6.781560880379999,0.0],[-79.865555486690781,-6.781599208856983,0.0],[-79.865531479102884,-6.781637537332071,0.0],[-79.865507471510895,-6.781675865805297,0.0],[-79.865483463914813,-6.781714194276647,0.0],[-79.865459456314611,-6.781752522746098,0.0],[-79.865435448710315,-6.781790851213674,0.0],[-79.865411441101912,-6.781829179679402,0.0],[-79.865387433489417,-6.781867508143202,0.0],[-79.8653634258728,-6.781905836605158,0.0],[-79.865571766073714,-6.782036229717014,0.0],[-79.865213728234053,-6.782609144122389,0.0],[-79.865352065921925,-6.782695528076328,0.0],[-79.865222030273557,-6.782903604290413,0.0],[-79.865260398622326,-6.782927563120333,0.0],[-79.865133972142402,-6.783129863916312,0.0],[-79.865172902488297,-6.7831541736836,0.0],[-79.865145083026235,-6.783198688851225,0.0],[-79.865113924040315,-6.783248547727137,0.0],[-79.865089955584878,-6.783286900706445,0.0],[-79.865065987125348,-6.783325253683913,0.0],[-79.865042018661725,-6.783363606659455,0.0],[-79.865018050193996,-6.783401959633157,0.0],[-79.864994081722145,-6.783440312604966,0.0],[-79.864970113246216,-6.783478665574902,0.0],[-79.864946144766179,-6.78351701854298,0.0],[-79.864922176282036,-6.783555371509166,0.0],[-79.864898207793786,-6.783593724473495,0.0],[-79.865090920636121,-6.783714062591295,0.0],[-79.864822850319229,-6.784143012592668,0.0],[-79.86492592677655,-6.784208404409415,0.0],[-79.864964123233165,-6.78423263627398,0.0],[-79.8650023196939,-6.784256868136101,0.0],[-79.865040516158743,-6.784281099995856,0.0],[-79.865154987941793,-6.78410277161124,0.0],[-79.86580636939388,-6.78450952070787,0.0],[-79.86568985659396,-6.784693041398248,0.0],[-79.865728053132955,-6.784717273214832,0.0],[-79.865766249647265,-6.784741505010757,0.0],[-79.865804447648443,-6.784765734532467,0.0],[-79.865861744690164,-6.784802078830948,0.0],[-79.865950316401282,-6.784847533020438,0.0],[-79.866103790554916,-6.784943368213905,0.0],[-79.866127759042186,-6.784905015187303,0.0],[-79.866151727525349,-6.784866662158863,0.0],[-79.866313788013429,-6.784967858892905,0.0],[-79.866648718804782,-6.784431920215732,0.0],[-79.866953013452701,-6.784621932974093,0.0],[-79.867154814028751,-6.784747944495136,0.0],[-79.867111202977483,-6.784817728803073,0.0],[-79.867149193224165,-6.785029737991441,0.0],[-79.867187100053627,-6.785054420272952,0.0],[-79.86722549314986,-6.785078339786494,0.0],[-79.867263645038662,-6.785102641876967,0.0],[-79.867302509043952,-6.78512578904671,0.0],[-79.867340902152407,-6.785149708552984,0.0],[-79.867230575080285,-6.785326620725567,0.0],[-79.867268968198601,-6.78535054023936,0.0],[-79.867307361320968,-6.785374459750718,0.0],[-79.867345754447456,-6.785398379259608,0.0],[-79.867384147578036,-6.785422298766101,0.0],[-79.867422540712738,-6.785446218270159,0.0],[-79.867589935115902,-6.785177751610007,0.0],[-79.867612897487646,-6.785192090093262,0.0],[-79.867651884386532,-6.785129705056275,0.0],[-79.867782311488114,-6.785210824105567,0.0],[-79.867820550974713,-6.78514939059262,0.0],[-79.867858790450853,-6.785087957074897,0.0],[-79.867897029916477,-6.785026523552414,0.0],[-79.867935269371628,-6.784965090025172,0.0],[-79.868130783940032,-6.785086690028091,0.0],[-79.867938028205572,-6.785393971114772,0.0],[-79.868026383442341,-6.785449074732779,0.0],[-79.868179858286481,-6.785544909366683,0.0],[-79.868333333196247,-6.785640743961699,0.0],[-79.868403806189107,-6.785684749503935,0.0],[-79.868389038860499,-6.785708557417959,0.0],[-79.868708879911921,-6.785884492413154,0.0],[-79.86924160314237,-6.785045430229253,0.0],[-79.867181485480586,-6.783762959808458,0.0],[-79.868079188538871,-6.782326735405211,0.0],[-79.867523398704904,-6.781979680301328,0.0],[-79.86764646784286,-6.78178274893626,0.0],[-79.867608099425979,-6.781758790289397,0.0],[-79.86775329421026,-6.781526453899835,0.0],[-79.867603908508414,-6.781433171973496,0.0],[-79.867890601586325,-6.780975456998491,0.0],[-79.868252107974314,-6.780398298388376,0.0],[-79.8689584320839,-6.780839351772697,0.0],[-79.869484751972394,-6.779991004416211,0.0],[-79.866642966972861,-6.778221511441322,0.0],[-79.86650588322567,-6.77844135688607,0.0],[-79.866467491257822,-6.778417436420442,0.0],[-79.866429099294066,-6.77839351595242,0.0],[-79.866390707334403,-6.778369595481952,0.0],[-79.866352315378833,-6.778345675009052,0.0],[-79.86631392342737,-6.778321754533725,0.0],[-79.866275531479985,-6.778297834055967,0.0],[-79.866237139536707,-6.778273913575797,0.0],[-79.866127343490263,-6.778449996558532,0.0],[-79.865800577492507,-6.778249055728594,0.0],[-79.864855138282607,-6.779753660164641,0.0],[-79.865786611616585,-6.780335313780293,0.0],[-79.865727787033876,-6.780429442642967,0.0],[-79.865703818798465,-6.780467795688235,0.0],[-79.865679850558934,-6.780506148731613,0.0],[-79.865655882315323,-6.780544501773117,0.0],[-79.86563191406762,-6.780582854812763,0.0],[-79.865607945815796,-6.780621207850521,0.0],[-79.865583977559893,-6.780659560886401,0.0],[-79.86556000929987,-6.780697913920427,0.0],[-79.865536041035753,-6.780736266952562,0.0],[-79.86573492852105,-6.780860460890424,0.0]]]]}},
{"type":"Feature","properties":{"Layer":"TG_HAB_URB","Color":3,"ESTADO":"TITULADAS POR COFOPRI","COD_HAB_UR":"0021","ID_COD_URB":"1401010021","TIPO_HAB_U":"H.U.","NOMB_HAB_U":"H.U. PROGRESIVA ESPIGA DE ORO"},"geometry":{"type":"MultiPolygon","coordinates":[[[[-79.862834212239378,-6.782969787710418,0.0],[-79.862219070052504,-6.783970613685956,0.0],[-79.862427236960386,-6.784061954394482,0.0],[-79.863566293658621,-6.78462241814683,0.0],[-79.863657615427343,-6.784332188037721,0.0],[-79.863661838306427,-6.784318346177118,0.0],[-79.86370817191515,-6.784170312889537,0.0],[-79.863736378816242,-6.784068640432309,0.0],[-79.863779437740291,-6.783948118957877,0.0],[-79.86384124667498,-6.783970080060659,0.0],[-79.863891546367896,-6.783987951850616,0.0],[-79.863976800094889,-6.784018243009504,0.0],[-79.864217253135593,-6.784103677316502,0.0],[-79.864356444270953,-6.783878229434723,0.0],[-79.864418218246783,-6.783778174033043,0.0],[-79.864482368115532,-6.783674270333313,0.0],[-79.864447911193054,-6.783660532919426,0.0],[-79.864444479525403,-6.783668410530823,0.0],[-79.86432891276263,-6.783617682309075,0.0],[-79.864311948231432,-6.783610185887085,0.0],[-79.864313730400056,-6.783607037193217,0.0],[-79.864130520508155,-6.783533994278376,0.0],[-79.863894507651153,-6.783420251654925,0.0],[-79.8633803296146,-6.783219734578418,0.0],[-79.863325659487558,-6.783202124170018,0.0],[-79.863156771134854,-6.78312768594849,0.0],[-79.863151363991975,-6.78313657219543,0.0],[-79.862834212239378,-6.782969787710418,0.0]]]]}},
{"type":"Feature","properties":{"Layer":"TG_HAB_URB","Color":3,"ESTADO":"TITULADAS POR COFOPRI","COD_HAB_UR":"0019","ID_COD_URB":"1401010019","TIPO_HAB_U":"P.I.","NOMB_HAB_U":"P.I. UPIS SAN MIGUEL"},"geometry":{"type":"MultiPolygon","coordinates":[[[[-79.866634317995874,-6.775522108024592,0.0],[-79.866698736910863,-6.776101886831928,0.0],[-79.867593054796217,-6.775973168386402,0.0],[-79.867635457479267,-6.776376425036243,0.0],[-79.870007551611963,-6.77610483433868,0.0],[-79.869683281210328,-6.775907527115542,0.0],[-79.867970676692551,-6.774865461250543,0.0],[-79.867904154746554,-6.774824724416168,0.0],[-79.867554711262159,-6.775363870057172,0.0],[-79.866634317995874,-6.775522108024592,0.0]]]]}},
{"type":"Feature","properties":{"Layer":"TG_HAB_URB","Color":3,"ESTADO":"TITULADAS POR COFOPRI","COD_HAB_UR":"0268","ID_COD_URB":"1401010268","TIPO_HAB_U":"P.J.","NOMB_HAB_U":"P.J. VIRGEN DE LA PAZ"},"geometry":{"type":"MultiPolygon","coordinates":[[[[-79.861022784992073,-6.781060384611471,0.0],[-79.861863184076057,-6.782499054044489,0.0],[-79.861991344813475,-6.78241155352983,0.0],[-79.862024219206461,-6.782389108841738,0.0],[-79.862057093596604,-6.78236666415089,0.0],[-79.862089220838783,-6.782344729563979,0.0],[-79.862123589513445,-6.782321264654121,0.0],[-79.862135234706656,-6.782319623412034,0.0],[-79.862174657368683,-6.782314067286207,0.0],[-79.862196716796788,-6.782311664311206,0.0],[-79.862227832294067,-6.782309455487271,0.0],[-79.862255379666422,-6.782307499955358,0.0],[-79.862282565379488,-6.78230648105183,0.0],[-79.862310533252156,-6.782305432988635,0.0],[-79.86233816793802,-6.782304397409632,0.0],[-79.862328541110713,-6.782114708978172,0.0],[-79.862819600980217,-6.782087762723557,0.0],[-79.86281362712414,-6.781919778202899,0.0],[-79.862868284672359,-6.781916773764894,0.0],[-79.862922490063198,-6.781913794175022,0.0],[-79.862976243284095,-6.781910839434198,0.0],[-79.863030900387216,-6.781907835002065,0.0],[-79.863082395386371,-6.781905004406504,0.0],[-79.863107713054916,-6.781904093013511,0.0],[-79.863138455924584,-6.781902986354127,0.0],[-79.863201750179044,-6.781900707928534,0.0],[-79.863215568273674,-6.781878944585428,0.0],[-79.863245628073514,-6.781831600730557,0.0],[-79.863463186184447,-6.781968836898181,0.0],[-79.863967479561211,-6.781166298918479,0.0],[-79.864276162113953,-6.780675056312789,0.0],[-79.863399714298566,-6.780766617033416,0.0],[-79.862396744488279,-6.78106530219526,0.0],[-79.861271887274157,-6.780851397497874,0.0],[-79.861022784992073,-6.781060384611471,0.0]]]]}},
{"type":"Feature","properties":{"Layer":"TG_HAB_URB","Color":3,"ESTADO":"TITULADAS POR COFOPRI","COD_HAB_UR":"0267","ID_COD_URB":"1401010267","TIPO_HAB_U":"A.H.","NOMB_HAB_U":"A.H. SAN SEBASTIÁN"},"geometry":{"type":"MultiPolygon","coordinates":[[[[-79.858068306649756,-6.780661063412058,0.0],[-79.858068433875445,-6.780718946653557,0.0],[-79.858292810048852,-6.780778212021973,0.0],[-79.858485974639777,-6.780887381191572,0.0],[-79.858736889779792,-6.780967127326964,0.0],[-79.858910633484655,-6.78102234666193,0.0],[-79.858972715614385,-6.781042077626677,0.0],[-79.859110609146754,-6.78108428610976,0.0],[-79.859175605075777,-6.781097442666031,0.0],[-79.859360217984616,-6.78113156859115,0.0],[-79.859722984799319,-6.781137721077237,0.0],[-79.859903909058659,-6.781134273112672,0.0],[-79.860051748121862,-6.781150299585564,0.0],[-79.860134590902078,-6.781163970703531,0.0],[-79.860239727825643,-6.781227880838313,0.0],[-79.860354914636758,-6.781297900009061,0.0],[-79.860448197944891,-6.781349962203722,0.0],[-79.860573968983687,-6.781428156865585,0.0],[-79.860636816104446,-6.781467230303211,0.0],[-79.860779720356263,-6.781556076970897,0.0],[-79.860825050211446,-6.781584259509016,0.0],[-79.860919551453264,-6.781643012924993,0.0],[-79.860966802083453,-6.781672389627481,0.0],[-79.861028502270983,-6.781710121093743,0.0],[-79.861107898203613,-6.781758674006221,0.0],[-79.86117808546507,-6.781803748821178,0.0],[-79.861256836575379,-6.781852709956373,0.0],[-79.861366704006812,-6.781921016693754,0.0],[-79.86139858861732,-6.781940839973949,0.0],[-79.86161609666479,-6.782076068850365,0.0],[-79.861022784992073,-6.781060384611471,0.0],[-79.861271887274157,-6.780851397497874,0.0],[-79.860929063163269,-6.780342694121251,0.0],[-79.860457525997361,-6.779422356334201,0.0],[-79.860290652427025,-6.779426294438279,0.0],[-79.860236105975886,-6.779420935732206,0.0],[-79.86007659763564,-6.779428633628241,0.0],[-79.85989314045564,-6.779437487233168,0.0],[-79.859744259534637,-6.77941736821322,0.0],[-79.859672156311277,-6.779423719095006,0.0],[-79.859591040184867,-6.779430863823852,0.0],[-79.859509924058301,-6.779438008538706,0.0],[-79.859419795028643,-6.779445947094417,0.0],[-79.859329665998814,-6.779453885632879,0.0],[-79.85922432725134,-6.779456892507101,0.0],[-79.859126755035717,-6.779461056806943,0.0],[-79.859020484556851,-6.779465592318775,0.0],[-79.858811206053446,-6.779474524035543,0.0],[-79.858790334554641,-6.779475101343359,0.0],[-79.858704432089851,-6.779475779012248,0.0],[-79.858695321137006,-6.77947605895868,0.0],[-79.858554936922857,-6.779480372432972,0.0],[-79.858503665268827,-6.779481947806183,0.0],[-79.858300185384294,-6.779488199876781,0.0],[-79.858196545234989,-6.779484160040233,0.0],[-79.858075000104492,-6.779492476723736,0.0],[-79.858074217913185,-6.779567093071261,0.0],[-79.858073805364242,-6.779635992410688,0.0],[-79.858072528628782,-6.779689803734903,0.0],[-79.858072664653434,-6.779744069150365,0.0],[-79.858073105729616,-6.779765477464924,0.0],[-79.858073240479712,-6.779772017770211,0.0],[-79.858072925381904,-6.779848084767048,0.0],[-79.858068869799069,-6.779848437835452,0.0],[-79.858068781719425,-6.779898181074913,0.0],[-79.858068693638543,-6.779947924578926,0.0],[-79.858068612763688,-6.779993598041592,0.0],[-79.858068580794082,-6.780011652516703,0.0],[-79.858068531087326,-6.780039723716656,0.0],[-79.858068394157613,-6.780117052061173,0.0],[-79.858068265233584,-6.780189858273379,0.0],[-79.858068101873727,-6.780282109622682,0.0],[-79.858068005397371,-6.780336375147523,0.0],[-79.858067842766118,-6.780428192106497,0.0],[-79.858067821592471,-6.780440383995648,0.0],[-79.858067982616802,-6.780513642057475,0.0],[-79.858068064122733,-6.780550723505907,0.0],[-79.858068145628167,-6.780587804942697,0.0],[-79.858068306649756,-6.780661063412058,0.0]]]]}},
{"type":"Feature","properties":{"Layer":"TG_HAB_URB","Color":3,"ESTADO":"TITULADAS POR COFOPRI","COD_HAB_UR":"0264","ID_COD_URB":"1401010264","TIPO_HAB_U":"UPIS","NOMB_HAB_U":"UPIS AMPLIACIÓN CRUZ DEL PERDÓN"},"geometry":{"type":"MultiPolygon","coordinates":[[[[-79.862088286827586,-6.777559368338616,0.0],[-79.861330617252364,-6.778812293460538,0.0],[-79.861759933328628,-6.779071394390018,0.0],[-79.861455045811297,-6.779593006704363,0.0],[-79.861969742017109,-6.779879872871505,0.0],[-79.862429554870133,-6.780060894606143,0.0],[-79.862662109261905,-6.779949309211661,0.0],[-79.8633371891613,-6.778848241407809,0.0],[-79.863718128329438,-6.779082313349909,0.0],[-79.863837526054738,-6.778892919495912,0.0],[-79.863947934889552,-6.778714642136126,0.0],[-79.862088286827586,-6.777559368338616,0.0]]]]}},
{"type":"Feature","properties":{"Layer":"TG_HAB_URB","Color":3,"ESTADO":"TITULADAS POR COFOPRI","COD_HAB_UR":"0265","ID_COD_URB":"1401010265","TIPO_HAB_U":"UPIS","NOMB_HAB_U":"UPIS JOSÉ CARLOS MARIÁTEGUI"},"geometry":{"type":"MultiPolygon","coordinates":[[[[-79.859840099286203,-6.778217269010982,0.0],[-79.860457525997361,-6.779422356334201,0.0],[-79.860929063163269,-6.780342694121251,0.0],[-79.861271887274157,-6.780851397497874,0.0],[-79.861901246290316,-6.780971077777449,0.0],[-79.862429554870133,-6.780060894606143,0.0],[-79.861969742017109,-6.779879872871505,0.0],[-79.861455045811297,-6.779593006704363,0.0],[-79.861759933328628,-6.779071394390018,0.0],[-79.861330617252364,-6.778812293460538,0.0],[-79.862088286827586,-6.777559368338616,0.0],[-79.861835060988611,-6.777402055318313,0.0],[-79.859676535191639,-6.777583410037447,0.0],[-79.859840099286203,-6.778217269010982,0.0]]]]}},
{"type":"Feature","properties":{"Layer":"TG_HAB_URB","Color":3,"ESTADO":"TITULADAS POR COFOPRI","COD_HAB_UR":"0263","ID_COD_URB":"1401010263","TIPO_HAB_U":"UPIS","NOMB_HAB_U":"UPIS LOS OLIVOS"},"geometry":{"type":"MultiPolygon","coordinates":[[[[-79.8633371891613,-6.778848241407809,0.0],[-79.862662109261905,-6.779949309211661,0.0],[-79.862429554870133,-6.780060894606143,0.0],[-79.861901246290316,-6.780971077777449,0.0],[-79.862396744488279,-6.78106530219526,0.0],[-79.863399714298566,-6.780766617033416,0.0],[-79.864276162113939,-6.780675056312789,0.0],[-79.864309171504061,-6.780622524532204,0.0],[-79.864855138282607,-6.779753660164641,0.0],[-79.865070010479386,-6.779411706310431,0.0],[-79.863947934889552,-6.778714642136126,0.0],[-79.863837526054738,-6.778892919495912,0.0],[-79.863718128329438,-6.779082313349909,0.0],[-79.8633371891613,-6.778848241407809,0.0]]]]}},
{"type":"Feature","properties":{"Layer":"TG_HAB_URB","Color":3,"ESTADO":"TITULADAS POR COFOPRI","COD_HAB_UR":"0208","ID_COD_URB":"1401010208","TIPO_HAB_U":"H.U.","NOMB_HAB_U":"H.U. PROGRESIVA SAN JOSÉ OBRERO"},"geometry":{"type":"MultiPolygon","coordinates":[[[[-79.855020451237166,-6.775600429045086,0.0],[-79.855258638941137,-6.778011012328886,0.0],[-79.855887303855212,-6.777930463389786,0.0],[-79.856221447335756,-6.77788765024397,0.0],[-79.857387666198846,-6.777738223017423,0.0],[-79.857399700893254,-6.777389122699463,0.0],[-79.857398499492476,-6.777389262475563,0.0],[-79.857429390738588,-6.776951783191185,0.0],[-79.857387645033356,-6.776612363224965,0.0],[-79.857290426593096,-6.776461370611433,0.0],[-79.857269221329403,-6.776290073620864,0.0],[-79.857081241414917,-6.776308988542705,0.0],[-79.857077871961621,-6.776269355438293,0.0],[-79.857076108232789,-6.776248609625115,0.0],[-79.857071513281042,-6.77619456162828,0.0],[-79.857067146245512,-6.776143194489507,0.0],[-79.857065652259678,-6.776125621520984,0.0],[-79.857062625980689,-6.776090024994978,0.0],[-79.856920651240657,-6.776055507175024,0.0],[-79.856621144980494,-6.776087125309258,0.0],[-79.856620019916463,-6.776076473064494,0.0],[-79.856604773173729,-6.77593211501738,0.0],[-79.856558813341962,-6.775937375738829,0.0],[-79.856513129375969,-6.775938184832294,0.0],[-79.856466993094045,-6.775939001932276,0.0],[-79.856420856812704,-6.775939819027815,0.0],[-79.856379473040263,-6.775942024151573,0.0],[-79.856223808519033,-6.775933233246641,0.0],[-79.856061034435513,-6.775817999860005,0.0],[-79.855974497486457,-6.775806414345753,0.0],[-79.855733008113788,-6.775831307050992,0.0],[-79.855704843282425,-6.775585129877513,0.0],[-79.855524369121966,-6.775561832451285,0.0],[-79.855020451237166,-6.775600429045086,0.0]]]]}},
{"type":"Feature","properties":{"Layer":"TG_HAB_URB","Color":3,"ESTADO":"TITULADAS POR COFOPRI","COD_HAB_UR":"0061","ID_COD_URB":"1401010061","TIPO_HAB_U":"UPIS","NOMB_HAB_U":"UPIS CRUZ DEL PERDÓN"},"geometry":{"type":"MultiPolygon","coordinates":[[[[-79.857637162194479,-6.7770248624845,0.0],[-79.857643999475002,-6.777093258254382,0.0],[-79.85764737313329,-6.777127006167173,0.0],[-79.857650791773779,-6.777161204052197,0.0],[-79.85765758407284,-6.777229149850014,0.0],[-79.857670427291467,-6.777357625152344,0.0],[-79.857809132355129,-6.777341487509749,0.0],[-79.85790273607077,-6.777577079019922,0.0],[-79.858106974341538,-6.777614645899479,0.0],[-79.858486262036124,-6.777601208197445,0.0],[-79.859081857171148,-6.77755181879061,0.0],[-79.859676535191639,-6.777583410037447,0.0],[-79.861835060988611,-6.777402055318313,0.0],[-79.862088286827586,-6.777559368338616,0.0],[-79.863947934889552,-6.778714642136126,0.0],[-79.865070010479386,-6.779411706310431,0.0],[-79.865800577492507,-6.778249055728594,0.0],[-79.862840092487914,-6.776428524726041,0.0],[-79.862483595422987,-6.776465381278021,0.0],[-79.8620570706141,-6.776249786642898,0.0],[-79.862042318274391,-6.77606445127379,0.0],[-79.85837300174309,-6.776370592263769,0.0],[-79.858418218900042,-6.776854177919808,0.0],[-79.857627897968428,-6.776932189102719,0.0],[-79.857637162194479,-6.7770248624845,0.0]]]]}},
{"type":"Feature","properties":{"Layer":"TG_HAB_URB","Color":3,"ESTADO":"TITULADAS POR COFOPRI","COD_HAB_UR":"0080","ID_COD_URB":"1401010080","TIPO_HAB_U":"URB.","NOMB_HAB_U":"URB. SANTA LILA"},"geometry":{"type":"MultiPolygon","coordinates":[[[[-79.865143710983546,-6.766472545012439,0.0],[-79.865246324483536,-6.767829244538856,0.0],[-79.865317904231119,-6.767774952626932,0.0],[-79.865448522411981,-6.767680778838067,0.0],[-79.865507228856188,-6.767638455760074,0.0],[-79.86551926467132,-6.767629780849465,0.0],[-79.865565201838308,-6.767596662201971,0.0],[-79.86559264672708,-6.76757687565725,0.0],[-79.865623907476547,-6.767554338042377,0.0],[-79.86566602876772,-6.767523970451198,0.0],[-79.865682613105136,-6.767512013873915,0.0],[-79.865741318724076,-6.76746968969659,0.0],[-79.865800024333325,-6.767427365510416,0.0],[-79.865812792803766,-6.767418159997523,0.0],[-79.865857996113007,-6.767385570367836,0.0],[-79.86588617479913,-6.767365254749918,0.0],[-79.865916701703057,-6.767343246164042,0.0],[-79.865959556779387,-6.767312349488461,0.0],[-79.865976141103161,-6.767300392898639,0.0],[-79.866034112854209,-6.767258597729831,0.0],[-79.866092818415297,-6.767216273499447,0.0],[-79.866106320694669,-6.767206538923961,0.0],[-79.866151523966707,-6.767173949260162,0.0],[-79.866179702629637,-6.767153633620953,0.0],[-79.866210229508468,-6.767131625012032,0.0],[-79.866253084549541,-6.76710072830408,0.0],[-79.866268935040566,-6.767089300755037,0.0],[-79.866326466454325,-6.767047822973353,0.0],[-79.866327640563014,-6.76704697648918,0.0],[-79.866401022452337,-6.766994071144468,0.0],[-79.866495344881216,-6.766929367948483,0.0],[-79.866568588107867,-6.766876270957875,0.0],[-79.8666271826783,-6.76683379335541,0.0],[-79.866641831319384,-6.766823173953436,0.0],[-79.866685777239027,-6.766791315744172,0.0],[-79.866715074515767,-6.766770076935239,0.0],[-79.866744371790091,-6.766748838124078,0.0],[-79.866788317697043,-6.766716979903196,0.0],[-79.866802966331448,-6.766706360495128,0.0],[-79.866861560863128,-6.766663882857339,0.0],[-79.866934804014122,-6.76661078579769,0.0],[-79.866707242978421,-6.766365333244435,0.0],[-79.865670982576574,-6.766436390445064,0.0],[-79.865437428261217,-6.766452405139033,0.0],[-79.865143710983546,-6.766472545012439,0.0]]]]}},
{"type":"Feature","properties":{"Layer":"TG_HAB_URB","Color":3,"ESTADO":"TITULADAS POR COFOPRI","COD_HAB_UR":"0064","ID_COD_URB":"1401010064","TIPO_HAB_U":"CONJ","NOMB_HAB_U":"CONJ.HAB. JOSÉ BALTA"},"geometry":{"type":"MultiPolygon","coordinates":[[[[-79.862248385238075,-6.769387114560218,0.0],[-79.86226791124713,-6.769578221385283,0.0],[-79.862376568915408,-6.770641685602269,0.0],[-79.863133525893289,-6.770559036338161,0.0],[-79.863124045647112,-6.770458275473904,0.0],[-79.863134238807305,-6.770457254976273,0.0],[-79.863121335707916,-6.770320114315582,0.0],[-79.863107243965842,-6.77017245847501,0.0],[-79.863090410567821,-6.769995533938638,0.0],[-79.863112410716056,-6.769993279821605,0.0],[-79.863065760541019,-6.769497458270672,0.0],[-79.863047734203874,-6.769305865250338,0.0],[-79.862248385238075,-6.769387114560218,0.0]]]]}},
{"type":"Feature","properties":{"Layer":"TG_HAB_URB","Color":3,"ESTADO":"TITULADAS POR COFOPRI","COD_HAB_UR":"0060","ID_COD_URB":"1401010060","TIPO_HAB_U":"A.H.","NOMB_HAB_U":"A.H. 9 DE OCTUBRE"},"geometry":{"type":"MultiPolygon","coordinates":[[[[-79.858232235248821,-6.774486370690399,0.0],[-79.858349291828276,-6.775560406692112,0.0],[-79.857352074588391,-6.775661960409218,0.0],[-79.857232788150625,-6.774564474088841,0.0],[-79.854940546122776,-6.774791746948492,0.0],[-79.855020451237166,-6.775600429045086,0.0],[-79.855524369121966,-6.775561832451285,0.0],[-79.855704843282425,-6.775585129877513,0.0],[-79.855733008113788,-6.775831307050992,0.0],[-79.855974497486457,-6.775806414345753,0.0],[-79.856061034435513,-6.775817999860005,0.0],[-79.856223808519033,-6.775933233246641,0.0],[-79.856379473040263,-6.775942024151573,0.0],[-79.856420856812704,-6.775939819027815,0.0],[-79.856466993094045,-6.775939001932276,0.0],[-79.856513129375969,-6.775938184832294,0.0],[-79.856558813341962,-6.775937375738829,0.0],[-79.856604773173729,-6.77593211501738,0.0],[-79.856620019916463,-6.776076473064494,0.0],[-79.856621144980494,-6.776087125309258,0.0],[-79.856920651240657,-6.776055507175024,0.0],[-79.857062625980689,-6.776090024994978,0.0],[-79.857065652259678,-6.776125621520984,0.0],[-79.857067146245512,-6.776143194489507,0.0],[-79.857071513281042,-6.77619456162828,0.0],[-79.857076108232789,-6.776248609625115,0.0],[-79.857077871961621,-6.776269355438293,0.0],[-79.857081241414917,-6.776308988542705,0.0],[-79.857269221329403,-6.776290073620864,0.0],[-79.857290426593096,-6.776461370611433,0.0],[-79.857387645033356,-6.776612363224965,0.0],[-79.857429390738588,-6.776951783191185,0.0],[-79.857627897968428,-6.776932189102719,0.0],[-79.858418218900042,-6.776854177919808,0.0],[-79.85837300174309,-6.776370592263769,0.0],[-79.862042318274391,-6.77606445127379,0.0],[-79.8620570706141,-6.776249786642898,0.0],[-79.862483595422987,-6.776465381278021,0.0],[-79.862840092487914,-6.776428524726041,0.0],[-79.865800577492507,-6.778249055728594,0.0],[-79.866766507249764,-6.776711828514913,0.0],[-79.866698736910863,-6.776101886831928,0.0],[-79.866634317995874,-6.775522108024592,0.0],[-79.866458465086566,-6.773939406622891,0.0],[-79.865133480235073,-6.773128000458163,0.0],[-79.864461997815184,-6.772716789770281,0.0],[-79.861346742025972,-6.773052986615453,0.0],[-79.861163275296164,-6.773071057803567,0.0],[-79.860325608123162,-6.773153565807645,0.0],[-79.860446072678187,-6.774250784753842,0.0],[-79.858232235248821,-6.774486370690399,0.0]]]]}},
{"type":"Feature","properties":{"Layer":"TG_HAB_URB","Color":3,"ESTADO":"TITULADAS POR COFOPRI","COD_HAB_UR":"0070","ID_COD_URB":"1401010070","TIPO_HAB_U":"P.J.","NOMB_HAB_U":"P.J. JOSÉ OLAYA"},"geometry":{"type":"MultiPolygon","coordinates":[[[[-79.85372594390499,-6.77380875410886,0.0],[-79.853832297735849,-6.774901624333851,0.0],[-79.854940546122776,-6.774791746948492,0.0],[-79.854821622742435,-6.77369565660162,0.0],[-79.85372594390499,-6.77380875410886,0.0]]]]}},
{"type":"Feature","properties":{"Layer":"TG_HAB_URB","Color":3,"ESTADO":"TITULADAS POR COFOPRI","COD_HAB_UR":"0070","ID_COD_URB":"1401010070","TIPO_HAB_U":"P.J.","NOMB_HAB_U":"P.J. JOSÉ OLAYA"},"geometry":{"type":"MultiPolygon","coordinates":[[[[-79.851161259115997,-6.77060779250264,0.0],[-79.851404729425809,-6.772918366453059,0.0],[-79.852946199596204,-6.772753727275354,0.0],[-79.852974152095314,-6.773000009197613,0.0],[-79.852980323046822,-6.773054379776371,0.0],[-79.852986606594428,-6.773109742405344,0.0],[-79.8529925737555,-6.77316231743554,0.0],[-79.852998693764022,-6.773216239159893,0.0],[-79.853004906264061,-6.773270975798357,0.0],[-79.853010975237652,-6.773324447861587,0.0],[-79.853017197432408,-6.773379269911138,0.0],[-79.853023010282058,-6.773430485330503,0.0],[-79.853029130873907,-6.773484412178528,0.0],[-79.853034026953281,-6.773527550182458,0.0],[-79.853039073838801,-6.773572016895503,0.0],[-79.853044066853528,-6.77361600896571,0.0],[-79.853073457143992,-6.773874958634469,0.0],[-79.85372594390499,-6.77380875410886,0.0],[-79.853616307658825,-6.7726821537278,0.0],[-79.856888012084355,-6.772332692549805,0.0],[-79.856767755240625,-6.771209866319305,0.0],[-79.855695649174081,-6.771324318709699,0.0],[-79.855611648088882,-6.770618867583365,0.0],[-79.855171240475585,-6.770664022826564,0.0],[-79.855166011022931,-6.770608663951242,0.0],[-79.855128022471291,-6.770206517902551,0.0],[-79.851161259115997,-6.77060779250264,0.0]]]]}},
{"type":"Feature","properties":{"Layer":"TG_HAB_URB","Color":3,"ESTADO":"TITULADAS POR COFOPRI","COD_HAB_UR":"0445","ID_COD_URB":"1401010445","TIPO_HAB_U":"P.A.","NOMB_HAB_U":"P.A.L. SAN PEDRO"},"geometry":{"type":"MultiPolygon","coordinates":[[[[-79.882006199504204,-6.759848674207769,0.0],[-79.88201284016057,-6.759928042382376,0.0],[-79.882017628684963,-6.759985274140624,0.0],[-79.8819637823172,-6.759992160135889,0.0],[-79.881909935948855,-6.759999046124944,0.0],[-79.881849358783811,-6.760006792855215,0.0],[-79.881802691930247,-6.760012760701312,0.0],[-79.881813626297031,-6.76014344738865,0.0],[-79.881812336562149,-6.76023956633868,0.0],[-79.881820846924754,-6.760369356607628,0.0],[-79.881829870520818,-6.760506974141864,0.0],[-79.881842339933414,-6.760591711360696,0.0],[-79.883613520343417,-6.76034439265293,0.0],[-79.883638250669961,-6.760533106422653,0.0],[-79.883662919306218,-6.760493855424393,0.0],[-79.883778058608399,-6.760563946688546,0.0],[-79.883749735726084,-6.760607676748046,0.0],[-79.883720036031107,-6.76065353257157,0.0],[-79.883690533016917,-6.760699084711355,0.0],[-79.883809058130723,-6.760765537011792,0.0],[-79.88369248908036,-6.76094698350915,0.0],[-79.883702438683883,-6.7610229161964,0.0],[-79.884208824798833,-6.761141652031285,0.0],[-79.885289031283648,-6.759588511491008,0.0],[-79.884394521162889,-6.759143150763995,0.0],[-79.883833897610415,-6.759134530072059,0.0],[-79.883391423314578,-6.759139474460824,0.0],[-79.883328979104476,-6.759140145315193,0.0],[-79.882666233501524,-6.759188088582539,0.0],[-79.882494873230186,-6.759196971126388,0.0],[-79.882302779012974,-6.759207644839977,0.0],[-79.882303071389529,-6.759251456404397,0.0],[-79.882280266487555,-6.759603703933334,0.0],[-79.882279979760312,-6.759728515584639,0.0],[-79.882195562264755,-6.759765565358839,0.0],[-79.882140886131864,-6.759789562012503,0.0],[-79.882092008978887,-6.759811013560561,0.0],[-79.882006199504204,-6.759848674207769,0.0]]]]}},
{"type":"Feature","properties":{"Layer":"TG_HAB_URB","Color":3,"ESTADO":"TITULADAS POR COFOPRI","COD_HAB_UR":"0073","ID_COD_URB":"1401010073","TIPO_HAB_U":"CONJ","NOMB_HAB_U":"CONJ.HAB. KARL WEISS"},"geometry":{"type":"MultiPolygon","coordinates":[[[[-79.846023115302572,-6.772776157989789,0.0],[-79.845364153317433,-6.77283261967413,0.0],[-79.845619271581242,-6.774628575362841,0.0],[-79.846202597846514,-6.774572054676144,0.0],[-79.846023115302572,-6.772776157989789,0.0]]]]}},
{"type":"Feature","properties":{"Layer":"TG_HAB_URB","Color":3,"ESTADO":"TITULADAS POR COFOPRI","COD_HAB_UR":"0161","ID_COD_URB":"1401010161","TIPO_HAB_U":"P.J.","NOMB_HAB_U":"P.J. SANTA TRINIDAD"},"geometry":{"type":"MultiPolygon","coordinates":[[[[-79.864472005747459,-6.758898661408385,0.0],[-79.864504866852883,-6.758917212785978,0.0],[-79.864540914586101,-6.758937563135594,0.0],[-79.864574907759931,-6.758956753602611,0.0],[-79.864603950644636,-6.758973149436314,0.0],[-79.864610965743722,-6.75897710973117,0.0],[-79.864653103945784,-6.759000898373263,0.0],[-79.86467259968812,-6.759011904470744,0.0],[-79.864687580358506,-6.759020361635322,0.0],[-79.864725505557303,-6.759035014000267,0.0],[-79.864745728200916,-6.759041310777236,0.0],[-79.864728722678834,-6.759215096631531,0.0],[-79.864883003884358,-6.759300685581588,0.0],[-79.864901926258128,-6.75926618568022,0.0],[-79.864921498606378,-6.759230500716813,0.0],[-79.865111995511157,-6.759338812578268,0.0],[-79.86518169428318,-6.759220127974776,0.0],[-79.865205514231207,-6.759266967287821,0.0],[-79.865290720116136,-6.759434533351202,0.0],[-79.865292702775037,-6.759438432452773,0.0],[-79.86530773666442,-6.759479309084823,0.0],[-79.865365246202472,-6.759635675514405,0.0],[-79.865398906248757,-6.759774104025902,0.0],[-79.865434409357661,-6.759794466090058,0.0],[-79.865470037346512,-6.75981490019362,0.0],[-79.865505979238918,-6.759835514329579,0.0],[-79.865540908630393,-6.759855547751211,0.0],[-79.86554899910513,-6.759860187915153,0.0],[-79.865575673402233,-6.759875486752977,0.0],[-79.865610909030806,-6.759895695806202,0.0],[-79.865645830763171,-6.759915724823442,0.0],[-79.865661024638186,-6.759924439138827,0.0],[-79.865851432047137,-6.759882139772535,0.0],[-79.865848000096577,-6.759864622925241,0.0],[-79.865838713032659,-6.75982031289878,0.0],[-79.865825789260541,-6.759758882641068,0.0],[-79.866003873800693,-6.759696875202646,0.0],[-79.866002968491017,-6.759692633480484,0.0],[-79.86621144893563,-6.759620617148562,0.0],[-79.866189945771112,-6.759501866811866,0.0],[-79.866551616679516,-6.759427179381387,0.0],[-79.866470088409272,-6.759188933157727,0.0],[-79.866427209147545,-6.758991407011124,0.0],[-79.866309151035949,-6.758929397750833,0.0],[-79.866258380189194,-6.75880478280455,0.0],[-79.866194888169304,-6.75869937782342,0.0],[-79.866172976418127,-6.758704986419565,0.0],[-79.866131330365548,-6.75871357508733,0.0],[-79.866105241351093,-6.758582219247613,0.0],[-79.866117913137046,-6.758579193183321,0.0],[-79.866092121311965,-6.758426117381768,0.0],[-79.865464624199276,-6.758552407062962,0.0],[-79.865397298306164,-6.758241725411464,0.0],[-79.865170651343604,-6.758295668027953,0.0],[-79.865189974911303,-6.758371897928981,0.0],[-79.865136905835271,-6.758383317671423,0.0],[-79.865092681604054,-6.758392834118698,0.0],[-79.865045803917752,-6.75840292154812,0.0],[-79.864943203694438,-6.75842499967863,0.0],[-79.864908610743868,-6.758432443591365,0.0],[-79.864857408675604,-6.758443461545803,0.0],[-79.864795936984322,-6.758456689368476,0.0],[-79.864751712744692,-6.758466205782575,0.0],[-79.864707488503967,-6.758475722192328,0.0],[-79.864664148747011,-6.75848504826967,0.0],[-79.864619924504126,-6.758494564670892,0.0],[-79.864531476015102,-6.758513597460386,0.0],[-79.864487694011416,-6.758523018684798,0.0],[-79.864443115970204,-6.758532611199823,0.0],[-79.864398891721876,-6.75854212757952,0.0],[-79.864354667807248,-6.758551644235911,0.0],[-79.86439069588576,-6.758728441016878,0.0],[-79.864389324156008,-6.758821713746168,0.0],[-79.864402822089005,-6.758859604519817,0.0],[-79.864433728698714,-6.758877052514968,0.0],[-79.864472005747459,-6.758898661408385,0.0]]]]}},
{"type":"Feature","properties":{"Layer":"TG_HAB_URB","Color":3,"ESTADO":"TITULADAS POR COFOPRI","COD_HAB_UR":"0212","ID_COD_URB":"1401010212","TIPO_HAB_U":"P.J.","NOMB_HAB_U":"P.J. 19 DE SETIEMBRE"},"geometry":{"type":"MultiPolygon","coordinates":[[[[-79.854242355546603,-6.778137148590789,0.0],[-79.854367644995932,-6.779301668461295,0.0],[-79.855391300348316,-6.779197773331795,0.0],[-79.85536138225612,-6.778899271362588,0.0],[-79.855740767484988,-6.778860572471371,0.0],[-79.855688481392434,-6.778334476288115,0.0],[-79.85590211831898,-6.778322645964161,0.0],[-79.855901032110069,-6.778293065286519,0.0],[-79.855896523301226,-6.778170277150634,0.0],[-79.855895672187131,-6.778147098817932,0.0],[-79.855891798347315,-6.778046814652229,0.0],[-79.855889999195696,-6.778000239067648,0.0],[-79.855887303855212,-6.777930463389786,0.0],[-79.855258638941137,-6.778011012328886,0.0],[-79.854316625614786,-6.77813170804701,0.0],[-79.854242355546603,-6.778137148590789,0.0]]]]}},
{"type":"Feature","properties":{"Layer":"TG_HAB_URB","Color":3,"ESTADO":"TITULADAS POR COFOPRI","COD_HAB_UR":"0449","ID_COD_URB":"1401010449","TIPO_HAB_U":"H.U.","NOMB_HAB_U":"H.U. PROGRESIVA CERROPÓN"},"geometry":{"type":"MultiPolygon","coordinates":[[[[-79.875346503277115,-6.786384336187001,0.0],[-79.875446962183275,-6.787431128819945,0.0],[-79.876486719750346,-6.787343762333831,0.0],[-79.876610208476166,-6.788731775303825,0.0],[-79.87765836011927,-6.788638599083555,0.0],[-79.877574797453576,-6.787699378178986,0.0],[-79.87744123066976,-6.786198124406093,0.0],[-79.877331190365325,-6.784961301197053,0.0],[-79.877184717042908,-6.784974827116673,0.0],[-79.877138767987489,-6.784979070222793,0.0],[-79.877093719893864,-6.784983230126397,0.0],[-79.877048671800125,-6.784987390025693,0.0],[-79.877003623706315,-6.784991549920676,0.0],[-79.876958575612406,-6.784995709811362,0.0],[-79.876913527518411,-6.784999869697736,0.0],[-79.876868479424331,-6.785004029579763,0.0],[-79.876823431330166,-6.785008189457495,0.0],[-79.876778833716841,-6.785012307732195,0.0],[-79.876733335141537,-6.785016509200024,0.0],[-79.876688287047102,-6.785020669064818,0.0],[-79.876643689433507,-6.785024787326711,0.0],[-79.876598641338873,-6.785028947182959,0.0],[-79.876554944687015,-6.785032982239327,0.0],[-79.876508545149363,-6.785037266882431,0.0],[-79.876463497054473,-6.785041426725725,0.0],[-79.876418448959484,-6.785045586564639,0.0],[-79.876374752307271,-6.785049621604341,0.0],[-79.8762833655679,-6.785058060432683,0.0],[-79.876361188311094,-6.785932788611986,0.0],[-79.876393084420144,-6.786291301027918,0.0],[-79.875346503277115,-6.786384336187001,0.0]]]]}},
{"type":"Feature","properties":{"Layer":"TG_HAB_URB","Color":3,"ESTADO":"TITULADAS POR COFOPRI","COD_HAB_UR":"0088","ID_COD_URB":"1401010088","TIPO_HAB_U":"P.J.","NOMB_HAB_U":"P.J. LAS LOMAS"},"geometry":{"type":"MultiPolygon","coordinates":[[[[-79.873489357740965,-6.767659739669322,0.0],[-79.873040843431156,-6.768508920088322,0.0],[-79.872928438958567,-6.768566453595244,0.0],[-79.872968531151926,-6.768622168356786,0.0],[-79.872935396590435,-6.768635901753729,0.0],[-79.87288525020854,-6.768656686092902,0.0],[-79.87283510382305,-6.768677470426174,0.0],[-79.872784957433979,-6.768698254753528,0.0],[-79.872734811041326,-6.768719039075015,0.0],[-79.872684664645092,-6.768739823390534,0.0],[-79.872609499766654,-6.768770977171811,0.0],[-79.872600200333153,-6.76877483153087,0.0],[-79.872511968167217,-6.768755896313465,0.0],[-79.872376658450705,-6.768766372717962,0.0],[-79.87216260286975,-6.768782945971161,0.0],[-79.872213746003766,-6.769338435709656,0.0],[-79.872217497479625,-6.769379182255794,0.0],[-79.872812361112267,-6.769302039218324,0.0],[-79.873176360374828,-6.769125914716695,0.0],[-79.873226128718315,-6.769095621677367,0.0],[-79.873383340721844,-6.769033566823577,0.0],[-79.873539603283035,-6.768962517528188,0.0],[-79.873632175503616,-6.768908078541258,0.0],[-79.873905706263685,-6.76876012451981,0.0],[-79.874582438031425,-6.768182148311464,0.0],[-79.874269613710126,-6.767687005426634,0.0],[-79.874260722542459,-6.767693064060814,0.0],[-79.8742566269474,-6.767695854887857,0.0],[-79.874218499738248,-6.767721835589221,0.0],[-79.874194277744579,-6.767738340974039,0.0],[-79.87418036958492,-6.767747811974485,0.0],[-79.874141710881574,-6.767774137278731,0.0],[-79.87412406396777,-6.767786154243929,0.0],[-79.874104686784264,-6.767799327024849,0.0],[-79.87406765317462,-6.767824502796079,0.0],[-79.874055233825217,-6.767832945576929,0.0],[-79.87402991899954,-6.767850256982561,0.0],[-79.873992357522241,-6.767875943189073,0.0],[-79.873981006854621,-6.767883705278554,0.0],[-79.873955318765638,-6.767901271929996,0.0],[-79.873931472788257,-6.76791757886149,0.0],[-79.873779531018968,-6.767825776832365,0.0],[-79.87385303811196,-6.76768599408605,0.0],[-79.873559081198962,-6.767527730599873,0.0],[-79.873489357740965,-6.767659739669322,0.0]]]]}},
{"type":"Feature","properties":{"Layer":"TG_HAB_URB","Color":3,"ESTADO":"TITULADAS POR COFOPRI","COD_HAB_UR":"0441","ID_COD_URB":"1401010441","TIPO_HAB_U":"P.J.","NOMB_HAB_U":"P.J. AMPLIACIÓN JORGE BASADRE"},"geometry":{"type":"MultiPolygon","coordinates":[[[[-79.863881546015193,-6.764969930248591,0.0],[-79.863903210123397,-6.765181881579386,0.0],[-79.863986188423723,-6.765174219009193,0.0],[-79.864122228860111,-6.765161670814435,0.0],[-79.864128613053296,-6.765161081943702,0.0],[-79.864174012179035,-6.765156932739161,0.0],[-79.864186194892866,-6.765155770656238,0.0],[-79.864218154015759,-6.76515282277783,0.0],[-79.864250160925479,-6.765149870489451,0.0],[-79.864262299590365,-6.76514875082942,0.0],[-79.864307346091863,-6.765144595776036,0.0],[-79.864314126957908,-6.765143970313976,0.0],[-79.86435239259373,-6.765140440718282,0.0],[-79.864378092990194,-6.765138070129811,0.0],[-79.864396898538658,-6.765136335516914,0.0],[-79.864442059022323,-6.76513216993697,0.0],[-79.864443604947567,-6.765132027341532,0.0],[-79.864486017796139,-6.765128115197995,0.0],[-79.864506025054268,-6.765126269735492,0.0],[-79.86453196522703,-6.765123877021716,0.0],[-79.864569991086071,-6.765120369525289,0.0],[-79.864579173961076,-6.765119522498575,0.0],[-79.864624862819852,-6.765115308163864,0.0],[-79.864633957117704,-6.76511446930643,0.0],[-79.864670354585542,-6.765111112004637,0.0],[-79.864697923149194,-6.765108569078929,0.0],[-79.86471549118049,-6.765106948601986,0.0],[-79.864760357496706,-6.765102810125556,0.0],[-79.864761889180514,-6.765102668842709,0.0],[-79.864805944557332,-6.765098605163199,0.0],[-79.864825855211677,-6.765096768597864,0.0],[-79.864853863181352,-6.765094185132064,0.0],[-79.86488982124267,-6.765090868344328,0.0],[-79.864896033468241,-6.765090295325574,0.0],[-79.864941001473781,-6.76508614745205,0.0],[-79.864953787273507,-6.765084968082086,0.0],[-79.865017753304187,-6.765079067811189,0.0],[-79.865081719154261,-6.765073166756094,0.0],[-79.865144095511624,-6.765065427980238,0.0],[-79.865185510515559,-6.765061314452388,0.0],[-79.86523052672915,-6.765056843335654,0.0],[-79.865275542942598,-6.765052372214431,0.0],[-79.865298051049294,-6.765050136652372,0.0],[-79.865320559155919,-6.765047901089034,0.0],[-79.865365575369097,-6.765043429959231,0.0],[-79.865410591582162,-6.765038958825411,0.0],[-79.865530498874108,-6.765027049282493,0.0],[-79.865515958181334,-6.76488117607731,0.0],[-79.865507735566197,-6.764798686244093,0.0],[-79.863881546015193,-6.764969930248591,0.0]]]]}},
{"type":"Feature","properties":{"Layer":"TG_HAB_URB","Color":3,"ESTADO":"TITULADAS POR COFOPRI","COD_HAB_UR":"0087","ID_COD_URB":"1401010087","TIPO_HAB_U":"UPIS","NOMB_HAB_U":"UPIS CRUZ DE LA ESPERANZA"},"geometry":{"type":"MultiPolygon","coordinates":[[[[-79.873639299313609,-6.76467529265599,0.0],[-79.874029766872212,-6.764916716131206,0.0],[-79.874419746328357,-6.765372027912317,0.0],[-79.8745166560401,-6.765771427381139,0.0],[-79.874104349215457,-6.766267325966484,0.0],[-79.875168828124472,-6.767156448856174,0.0],[-79.8750991510353,-6.767768551728501,0.0],[-79.874780432164769,-6.767835094385558,0.0],[-79.874746817952683,-6.767790081754097,0.0],[-79.874772001773422,-6.767584114948479,0.0],[-79.874707887142407,-6.767552298730613,0.0],[-79.874666112849241,-6.767531568666456,0.0],[-79.874625592714608,-6.767511460960669,0.0],[-79.874579453207758,-6.767488564692813,0.0],[-79.874538108330214,-6.767468047706456,0.0],[-79.874486651293381,-6.767442512654354,0.0],[-79.874425871117907,-6.767412351075885,0.0],[-79.874380488592436,-6.767389830426395,0.0],[-79.874366219392698,-6.767412698609575,0.0],[-79.874358773620173,-6.767406947453009,0.0],[-79.874341960362116,-6.767441323248705,0.0],[-79.874318403635272,-6.767489486492462,0.0],[-79.874272288222272,-6.767530531694454,0.0],[-79.874207300176238,-6.767588374535335,0.0],[-79.874269613710126,-6.767687005426634,0.0],[-79.874582438031425,-6.768182148311464,0.0],[-79.873905706263685,-6.76876012451981,0.0],[-79.873606362330165,-6.768923258508885,0.0],[-79.873764907919153,-6.77047665363265,0.0],[-79.873811094647138,-6.77092918076085,0.0],[-79.875385439054526,-6.771044417704939,0.0],[-79.875666170197732,-6.769819540530285,0.0],[-79.876686475480724,-6.770358224476978,0.0],[-79.876470723484559,-6.769010569346807,0.0],[-79.876398032152679,-6.768556515491305,0.0],[-79.876353402409819,-6.767645814050974,0.0],[-79.876668133380278,-6.767267971957807,0.0],[-79.876604783392295,-6.764869010298895,0.0],[-79.872812830120225,-6.763190747923486,0.0],[-79.87275783374831,-6.763195915132777,0.0],[-79.872667304728537,-6.763204420814248,0.0],[-79.87259634863382,-6.763211087503457,0.0],[-79.872575636608062,-6.7630335415068,0.0],[-79.872523754408647,-6.763038416101666,0.0],[-79.872503573733184,-6.763040312176576,0.0],[-79.872469437016591,-6.763043519489041,0.0],[-79.872431510858036,-6.763047082835342,0.0],[-79.872414669231418,-6.763048665186748,0.0],[-79.872359447982646,-6.763053853483051,0.0],[-79.872306935232544,-6.763058787297162,0.0],[-79.872287385107015,-6.763060624119782,0.0],[-79.872252437682718,-6.763063907586145,0.0],[-79.872215322231114,-6.763067394745507,0.0],[-79.8721990210759,-6.763068926309557,0.0],[-79.872143259354985,-6.763074165360222,0.0],[-79.872089665661164,-6.763079200709311,0.0],[-79.872071196478586,-6.763080935963929,0.0],[-79.872035618503759,-6.763084278656969,0.0],[-79.871999133601946,-6.763087706556627,0.0],[-79.871982111817772,-6.763089305819064,0.0],[-79.87192833489587,-6.763094358364745,0.0],[-79.87192707072505,-6.763094477138314,0.0],[-79.871874287738038,-6.76309943629392,0.0],[-79.871855007847898,-6.76310124770898,0.0],[-79.871820240580064,-6.763104514216901,0.0],[-79.871782944970491,-6.763108018268635,0.0],[-79.871764932321582,-6.763109710618359,0.0],[-79.871710524848936,-6.76311482238156,0.0],[-79.871658459419677,-6.76311971409607,0.0],[-79.87160170990235,-6.763125045889148,0.0],[-79.871547662744504,-6.76313012378085,0.0],[-79.871494606450284,-6.763135108571923,0.0],[-79.871396349179307,-6.763144340108609,0.0],[-79.871421176220949,-6.763322767217525,0.0],[-79.871565217960253,-6.763697825232706,0.0],[-79.871697675579654,-6.764746951872281,0.0],[-79.872284222135789,-6.764964463798814,0.0],[-79.872480116416455,-6.76476430193842,0.0],[-79.872842904512254,-6.764596064175146,0.0],[-79.873639299313609,-6.76467529265599,0.0]]]]}},
{"type":"Feature","properties":{"Layer":"TG_HAB_URB","Color":5,"ESTADO":"APROBADOS POR LA MPCH CON RESOLUCION","COD_HAB_UR":"0236","ID_COD_URB":"1401010236","TIPO_HAB_U":"H.U.","NOMB_HAB_U":"H.U. PROGRESIVA D4 LOS OLIVOS"},"geometry":{"type":"MultiPolygon","coordinates":[[[[-79.87766058742784,-6.75775531425687,0.0],[-79.877620602159027,-6.758367607543136,0.0],[-79.877638396163007,-6.758415754740184,0.0],[-79.877682109190118,-6.758482679682133,0.0],[-79.877750251678194,-6.758567293829577,0.0],[-79.877821598200242,-6.758653633432872,0.0],[-79.877959580002866,-6.758831184722806,0.0],[-79.87809571511194,-6.759033146530551,0.0],[-79.878233512881152,-6.75922588877953,0.0],[-79.878272466606504,-6.759286201688798,0.0],[-79.87831943631393,-6.75936443724811,0.0],[-79.878453887262737,-6.759585113132663,0.0],[-79.878556627425738,-6.759698494331706,0.0],[-79.878613927753946,-6.75971895202593,0.0],[-79.878658656507639,-6.759694472874306,0.0],[-79.878717625244846,-6.759675216816846,0.0],[-79.878815231676185,-6.759652079085273,0.0],[-79.878875927109647,-6.759636912864047,0.0],[-79.879009673188207,-6.759604483471047,0.0],[-79.879143417613875,-6.75957203016959,0.0],[-79.879218740097244,-6.759552156153736,0.0],[-79.879381661076025,-6.759521422353406,0.0],[-79.879558925083032,-6.759487982781769,0.0],[-79.879636961099834,-6.759479018459277,0.0],[-79.879770795686525,-6.759446710601252,0.0],[-79.879904630261137,-6.759414402703459,0.0],[-79.879983919627733,-6.759380452798268,0.0],[-79.880117760379321,-6.759350088599973,0.0],[-79.880251658317093,-6.759320689156076,0.0],[-79.880328489906134,-6.759297551548674,0.0],[-79.880459637211587,-6.759262646702299,0.0],[-79.880590607971385,-6.75922778880157,0.0],[-79.880664988546215,-6.759204131464814,0.0],[-79.88079901821402,-6.759174252081396,0.0],[-79.880933047874095,-6.7591443727035,0.0],[-79.880996745169924,-6.759123196856575,0.0],[-79.881272563306212,-6.759058113970227,0.0],[-79.881351663528932,-6.759040764382406,0.0],[-79.88164582803465,-6.7589645937725,0.0],[-79.881689233287432,-6.758866647996945,0.0],[-79.881575712406189,-6.758400356259276,0.0],[-79.881599231618168,-6.758075726400754,0.0],[-79.879984613189833,-6.757716912356384,0.0],[-79.87847745822819,-6.757692929558791,0.0],[-79.87766058742784,-6.75775531425687,0.0]]]]}},
{"type":"Feature","properties":{"Layer":"TG_HAB_URB","Color":5,"ESTADO":"APROBADOS POR LA MPCH CON RESOLUCION","COD_HAB_UR":"0310","ID_COD_URB":"1401010310","TIPO_HAB_U":"P.J.","NOMB_HAB_U":"P.J. AMPLIACIÓN ELÍAS AGUIRRE"},"geometry":{"type":"MultiPolygon","coordinates":[[[[-79.853510665228953,-6.775358714772795,0.0],[-79.853794319188438,-6.778169968583565,0.0],[-79.8539901863343,-6.778155620785945,0.0],[-79.853979810749848,-6.778055468771475,0.0],[-79.853973849935954,-6.777997931004155,0.0],[-79.853967889191409,-6.777940393923278,0.0],[-79.85396192844199,-6.777882856792642,0.0],[-79.853956426726995,-6.777829750614226,0.0],[-79.853953778602914,-6.777804189184404,0.0],[-79.853950925012356,-6.777776644465722,0.0],[-79.853947271826286,-6.777741381527968,0.0],[-79.853945423317668,-6.777723538306173,0.0],[-79.853940765075535,-6.777678573868887,0.0],[-79.853939462506858,-6.777666000598201,0.0],[-79.853936566828168,-6.777638049545474,0.0],[-79.853933960795416,-6.777612894371888,0.0],[-79.853928459089275,-6.777559788219382,0.0],[-79.853922957382281,-6.777506682056558,0.0],[-79.853916940321341,-6.777448601349452,0.0],[-79.853910923251036,-6.777390520627532,0.0],[-79.853905421537434,-6.777337414416357,0.0],[-79.853899919844352,-6.777284308261527,0.0],[-79.853894418134914,-6.777231202109664,0.0],[-79.853888916438265,-6.777178095959224,0.0],[-79.853886116252241,-6.777151066726123,0.0],[-79.853883414730092,-6.777124989811425,0.0],[-79.853877913026764,-6.77707188366552,0.0],[-79.853872411323891,-6.777018777521644,0.0],[-79.853866909621459,-6.776965671379818,0.0],[-79.853860903192924,-6.776907693278776,0.0],[-79.853843598031929,-6.776727447460233,0.0],[-79.853838344286359,-6.776673438995027,0.0],[-79.853837118136127,-6.776660834179563,0.0],[-79.853833090540974,-6.776619430529859,0.0],[-79.853830813372909,-6.776596021257858,0.0],[-79.853827836795759,-6.77656542206473,0.0],[-79.853824508609918,-6.776531208336135,0.0],[-79.853822583050686,-6.776511413599573,0.0],[-79.853821542488134,-6.776500716623021,0.0],[-79.853818203847169,-6.77646639541453,0.0],[-79.853817329305798,-6.776457405134456,0.0],[-79.853812075561081,-6.776403396669343,0.0],[-79.853806821816534,-6.776349388204323,0.0],[-79.853801568072143,-6.776295379739288,0.0],[-79.853796314327923,-6.776241371274245,0.0],[-79.853791060583859,-6.776187362809257,0.0],[-79.85378580683998,-6.776133354344291,0.0],[-79.853780553096257,-6.776079345879364,0.0],[-79.853775299352705,-6.776025337414392,0.0],[-79.853770045161284,-6.775971324343523,0.0],[-79.853764791866112,-6.775917320484601,0.0],[-79.853759538123057,-6.775863312019747,0.0],[-79.853754284380173,-6.775809303554899,0.0],[-79.853748851472886,-6.775753453278442,0.0],[-79.85374631418388,-6.775727369951863,0.0],[-79.853742546713036,-6.775688640357226,0.0],[-79.853738523152543,-6.775647278160524,0.0],[-79.853736241953413,-6.775623827435956,0.0],[-79.853733088633518,-6.775591411310383,0.0],[-79.853729937194046,-6.775559014514734,0.0],[-79.853723632434907,-6.775494201593615,0.0],[-79.853717327676023,-6.775429388672493,0.0],[-79.85371084778518,-6.775362775392438,0.0],[-79.853708018758383,-6.775333692995068,0.0],[-79.853510665228953,-6.775358714772795,0.0]]]]}},
{"type":"Feature","properties":{"Layer":"TG_HAB_URB","Color":5,"ESTADO":"APROBADOS POR LA MPCH CON RESOLUCION","COD_HAB_UR":"0210","ID_COD_URB":"1401010210","TIPO_HAB_U":"P.J.","NOMB_HAB_U":"P.J. ELÍAS AGUIRRE"},"geometry":{"type":"MultiPolygon","coordinates":[[[[-79.852754506862638,-6.775246867055039,0.0],[-79.853038700230627,-6.77843291378996,0.0],[-79.853506877065655,-6.778191024349232,0.0],[-79.853794319188438,-6.778169968583565,0.0],[-79.853510665228953,-6.775358714772795,0.0],[-79.853367627757649,-6.775376849950783,0.0],[-79.85336101812922,-6.775311349102721,0.0],[-79.853334777221392,-6.775308559281657,0.0],[-79.853199521400441,-6.775294179438681,0.0],[-79.853099566869673,-6.775283552659488,0.0],[-79.853032107063754,-6.775276380582067,0.0],[-79.852754506862638,-6.775246867055039,0.0]]]]}},
{"type":"Feature","properties":{"Layer":"TG_HAB_URB","Color":5,"ESTADO":"APROBADOS POR LA MPCH CON RESOLUCION","COD_HAB_UR":"0150","ID_COD_URB":"1401010150","TIPO_HAB_U":"URB.","NOMB_HAB_U":"URB. EL INGENIERO 1"},"geometry":{"type":"MultiPolygon","coordinates":[[[[-79.869258225279282,-6.772781438915274,0.0],[-79.867970676692551,-6.774865461250543,0.0],[-79.869683281210328,-6.775907527115542,0.0],[-79.869770933345393,-6.775763728785023,0.0],[-79.870122481816452,-6.77518699226917,0.0],[-79.870303353644275,-6.774901306898639,0.0],[-79.871243304696549,-6.773364920071954,0.0],[-79.871283335129789,-6.773367266413491,0.0],[-79.872013276032106,-6.773826823663188,0.0],[-79.872048699717055,-6.773770600975144,0.0],[-79.872052695259995,-6.773743719057662,0.0],[-79.872059410770532,-6.773528708556459,0.0],[-79.872064430223958,-6.773459942109072,0.0],[-79.872068986691886,-6.773397518520809,0.0],[-79.87207446691427,-6.77332243945544,0.0],[-79.872079418318208,-6.773254605161287,0.0],[-79.87209261980945,-6.773073744371437,0.0],[-79.872091869033198,-6.772951487168705,0.0],[-79.872104383979504,-6.772763621920869,0.0],[-79.872095332062372,-6.772764606847835,0.0],[-79.872096146009014,-6.772579780634516,0.0],[-79.872086501917536,-6.772487164059996,0.0],[-79.872026895172496,-6.77249336616387,0.0],[-79.870914602326749,-6.772609099251903,0.0],[-79.869258225279282,-6.772781438915274,0.0]]]]}},
{"type":"Feature","properties":{"Layer":"TG_HAB_URB","Color":5,"ESTADO":"APROBADOS POR LA MPCH CON RESOLUCION","COD_HAB_UR":"0063","ID_COD_URB":"1401010063","TIPO_HAB_U":"URB.","NOMB_HAB_U":"URB. SANTA ELENA"},"geometry":{"type":"MultiPolygon","coordinates":[[[[-79.863047734203874,-6.769305865250338,0.0],[-79.863065760541019,-6.769497458270672,0.0],[-79.863112410716056,-6.769993279821605,0.0],[-79.863090410567821,-6.769995533938638,0.0],[-79.863107243965842,-6.77017245847501,0.0],[-79.863121335707916,-6.770320114315582,0.0],[-79.863134238807305,-6.770457254976273,0.0],[-79.863124045647112,-6.770458275473904,0.0],[-79.863133525893289,-6.770559036338161,0.0],[-79.862376568915408,-6.770641685602269,0.0],[-79.86226791124713,-6.769578221385283,0.0],[-79.862248385238075,-6.769387114560218,0.0],[-79.860047012229799,-6.769610864645575,0.0],[-79.858667788772848,-6.769790773013502,0.0],[-79.860235648070926,-6.770191565342335,0.0],[-79.861104229519341,-6.770623460720995,0.0],[-79.863735072279468,-6.772271624451044,0.0],[-79.864028845391971,-6.771796132086829,0.0],[-79.865380845476338,-6.769607808578216,0.0],[-79.865340382059827,-6.769072822968949,0.0],[-79.863047734203874,-6.769305865250338,0.0]]]]}},
{"type":"Feature","properties":{"Layer":"TG_HAB_URB","Color":5,"ESTADO":"APROBADOS POR LA MPCH CON RESOLUCION","COD_HAB_UR":"0023","ID_COD_URB":"1401010023","TIPO_HAB_U":"HAB.","NOMB_HAB_U":"HAB.IND. DE LOTE ÚNICO"},"geometry":{"type":"MultiPolygon","coordinates":[[[[-79.869484751972394,-6.779991004416211,0.0],[-79.8689584320839,-6.780839351772697,0.0],[-79.868252107974314,-6.780398298388376,0.0],[-79.867890601586325,-6.780975456998491,0.0],[-79.867603908508414,-6.781433171973496,0.0],[-79.86775329421026,-6.781526453899835,0.0],[-79.867608099425979,-6.781758790289397,0.0],[-79.86764646784286,-6.78178274893626,0.0],[-79.867523398704904,-6.781979680301328,0.0],[-79.868079188538871,-6.782326735405211,0.0],[-79.867181485480586,-6.783762959808458,0.0],[-79.86924160314237,-6.785045430229253,0.0],[-79.869613650486386,-6.784470759706498,0.0],[-79.869711752616425,-6.78431922920477,0.0],[-79.870774693684112,-6.782677380775286,0.0],[-79.873610481316433,-6.778297067871303,0.0],[-79.871378289555963,-6.776938876690539,0.0],[-79.869484751972394,-6.779991004416211,0.0]]]]}},
{"type":"Feature","properties":{"Layer":"TG_HAB_URB","Color":5,"ESTADO":"APROBADOS POR LA MPCH CON RESOLUCION","COD_HAB_UR":"0369","ID_COD_URB":"1401010369","TIPO_HAB_U":"URB.","NOMB_HAB_U":"URB. EL INGENIERO II"},"geometry":{"type":"MultiPolygon","coordinates":[[[[-79.860320848928708,-6.754544106523507,0.0],[-79.857467553422723,-6.757519885024689,0.0],[-79.85761855358767,-6.757639940839328,0.0],[-79.857689716508844,-6.757696520363118,0.0],[-79.857709542997412,-6.757712283811162,0.0],[-79.857748487889552,-6.757743247725183,0.0],[-79.857760879447213,-6.757753099879179,0.0],[-79.857808912853244,-6.757792248332668,0.0],[-79.857831787204915,-6.75781071617732,0.0],[-79.857863813419812,-6.757836572869713,0.0],[-79.857902837273528,-6.757867437294953,0.0],[-79.857918876155821,-6.757879968847145,0.0],[-79.857972695522704,-6.757922019163854,0.0],[-79.857981249595156,-6.757928702657473,0.0],[-79.858024219310622,-6.75796186357889,0.0],[-79.858061819875218,-6.757993751064645,0.0],[-79.858187987567163,-6.758026225709863,0.0],[-79.858244936925999,-6.758041089617444,0.0],[-79.858326222421724,-6.758000356868965,0.0],[-79.858406767636893,-6.757960261029267,0.0],[-79.858489780294477,-6.757918936861182,0.0],[-79.858571221897407,-6.757880594039815,0.0],[-79.858659172674948,-6.757836000712789,0.0],[-79.858742291007388,-6.757793879583224,0.0],[-79.858822721098775,-6.757752462368916,0.0],[-79.858905827801465,-6.757707398868796,0.0],[-79.858981323588722,-6.757666329461039,0.0],[-79.85906033003603,-6.757622258984942,0.0],[-79.859123529459751,-6.757588887199651,0.0],[-79.859223434893096,-6.757534590756226,0.0],[-79.859315750217803,-6.757480689148937,0.0],[-79.859391587156779,-6.757433901493842,0.0],[-79.859470024532655,-6.757387038355314,0.0],[-79.859547681958844,-6.757340633626583,0.0],[-79.859624773983313,-6.75729329616343,0.0],[-79.859702705708742,-6.757246469328744,0.0],[-79.859780261126019,-6.757199895219435,0.0],[-79.859870307669226,-6.757144243034087,0.0],[-79.85992112938537,-6.757108786680538,0.0],[-79.859945539266292,-6.757085173019061,0.0],[-79.860018002756902,-6.75701507317278,0.0],[-79.860102101956471,-6.756936046102807,0.0],[-79.860166339039893,-6.756871716084867,0.0],[-79.860230576106304,-6.756807386055371,0.0],[-79.860293434976569,-6.756744236755442,0.0],[-79.860357966173495,-6.756681491996185,0.0],[-79.860423852058204,-6.756615612544135,0.0],[-79.860488113807108,-6.756553890422766,0.0],[-79.860552174053396,-6.756487486480012,0.0],[-79.8606127366414,-6.756420905642132,0.0],[-79.860673299212678,-6.756354324793582,0.0],[-79.8607364610113,-6.756288312271725,0.0],[-79.860796401038144,-6.756220565908203,0.0],[-79.860856842777238,-6.756152659973339,0.0],[-79.860918592528535,-6.756086557822597,0.0],[-79.860977158244964,-6.756022440627764,0.0],[-79.861010645112671,-6.755986884428696,0.0],[-79.861041657106739,-6.755953956040464,0.0],[-79.8611013694359,-6.755888436060323,0.0],[-79.861478315557292,-6.755481144701293,0.0],[-79.8613341856407,-6.755363736239017,0.0],[-79.861245537707504,-6.755291371785586,0.0],[-79.860959943882563,-6.755060447043324,0.0],[-79.860817850507331,-6.754945553405975,0.0],[-79.860728835273861,-6.754873641064795,0.0],[-79.860588088984144,-6.754759958997768,0.0],[-79.860320848928708,-6.754544106523507,0.0]]]]}},
{"type":"Feature","properties":{"Layer":"TG_HAB_URB","Color":5,"ESTADO":"APROBADOS POR LA MPCH CON RESOLUCION","COD_HAB_UR":"0367","ID_COD_URB":"1401010367","TIPO_HAB_U":"URB.","NOMB_HAB_U":"URB. SANTA ANA"},"geometry":{"type":"MultiPolygon","coordinates":[[[[-79.862816799469442,-6.752750943852552,0.0],[-79.862678921590117,-6.752776875875867,0.0],[-79.862582046480512,-6.752800543707349,0.0],[-79.862451239452142,-6.75282944899024,0.0],[-79.862431946789556,-6.752833712212466,0.0],[-79.862429983530049,-6.752843754611939,0.0],[-79.86242555934102,-6.752866385073935,0.0],[-79.862449389960545,-6.752941851829567,0.0],[-79.862471177960444,-6.753010850006011,0.0],[-79.862489064537627,-6.753080960143246,0.0],[-79.862506951118675,-6.753151070280443,0.0],[-79.86252483770329,-6.753221180417579,0.0],[-79.862542724291487,-6.753291290554809,0.0],[-79.862548517199741,-6.753367044622586,0.0],[-79.862571561542509,-6.753363295194203,0.0],[-79.862601289428611,-6.753542181502479,0.0],[-79.862615523233401,-6.753627832802402,0.0],[-79.862622936674398,-6.753672442854521,0.0],[-79.862630350116078,-6.75371705290659,0.0],[-79.86265052801842,-6.753805217768323,0.0],[-79.86266951513889,-6.753875038103208,0.0],[-79.862686128872468,-6.753936130896028,0.0],[-79.862697995826849,-6.753979768605271,0.0],[-79.862709862782751,-6.754023406314439,0.0],[-79.862721729740173,-6.754067044023614,0.0],[-79.862734393709971,-6.754112338413955,0.0],[-79.862749822068096,-6.754159630609707,0.0],[-79.862766983002885,-6.754205357688716,0.0],[-79.862783604002061,-6.75425128364435,0.0],[-79.862835153098132,-6.754356999854251,0.0],[-79.862914016237426,-6.754231893535853,0.0],[-79.862981936686921,-6.754135903918007,0.0],[-79.863129761010583,-6.753969577741789,0.0],[-79.863155872205922,-6.753940141146013,0.0],[-79.86327742427973,-6.753803108691617,0.0],[-79.863361735266295,-6.753709221509601,0.0],[-79.863513271349262,-6.753567981682952,0.0],[-79.863668184917259,-6.753425062126317,0.0],[-79.863759216202126,-6.75336675224201,0.0],[-79.8639226327969,-6.753263800806691,0.0],[-79.863995347420214,-6.75321799101353,0.0],[-79.864084401284956,-6.753179399309302,0.0],[-79.864195482920167,-6.7531180961957,0.0],[-79.864317192273134,-6.75302374060479,0.0],[-79.864308855232764,-6.752983900834367,0.0],[-79.864297739157166,-6.752930781030121,0.0],[-79.86428662305039,-6.752877661069808,0.0],[-79.864275506922539,-6.752824541001614,0.0],[-79.864264761371572,-6.752773191783421,0.0],[-79.864242529177872,-6.752666951908317,0.0],[-79.864231412315277,-6.75261382830075,0.0],[-79.864220666858088,-6.752562479503395,0.0],[-79.864209551006709,-6.752509361903996,0.0],[-79.864198435177741,-6.752456242024934,0.0],[-79.864187318324255,-6.752403118432725,0.0],[-79.864143662330676,-6.75219450149199,0.0],[-79.864088475755125,-6.752194015004148,0.0],[-79.864046143630262,-6.752198032427908,0.0],[-79.863993694238985,-6.752205123477951,0.0],[-79.864000583672777,-6.752236827028114,0.0],[-79.863935690635969,-6.752272203333826,0.0],[-79.863902159480162,-6.752285488920154,0.0],[-79.863910941063338,-6.752326837209218,0.0],[-79.863861397606158,-6.752337431845787,0.0],[-79.8637861703086,-6.752353518840581,0.0],[-79.863782534717188,-6.752336407244043,0.0],[-79.863744375667878,-6.7523515264595,0.0],[-79.863705686054118,-6.752366855888664,0.0],[-79.863666996438369,-6.752382185314372,0.0],[-79.863613419728054,-6.752403413230709,0.0],[-79.863558917827262,-6.752425007713314,0.0],[-79.863542721258113,-6.752429227350832,0.0],[-79.863469938408613,-6.752499837665833,0.0],[-79.863301704430341,-6.752573149965209,0.0],[-79.863258185887659,-6.752592114279807,0.0],[-79.863262088554606,-6.752609919901,0.0],[-79.863195065751441,-6.752619824687645,0.0],[-79.863127464449448,-6.752629814956215,0.0],[-79.863021650287749,-6.75265393991938,0.0],[-79.862811410248398,-6.752727499464253,0.0],[-79.862816799469442,-6.752750943852552,0.0]]]]}},
{"type":"Feature","properties":{"Layer":"TG_HAB_URB","Color":5,"ESTADO":"APROBADOS POR LA MPCH CON RESOLUCION","COD_HAB_UR":"0052","ID_COD_URB":"1401010052","TIPO_HAB_U":"URB.","NOMB_HAB_U":"URB. SAN ISIDRO"},"geometry":{"type":"MultiPolygon","coordinates":[[[[-79.856100495552511,-6.759038664275696,0.0],[-79.855871594499121,-6.759286371105241,0.0],[-79.854382611520847,-6.760897674261332,0.0],[-79.853928689695422,-6.761301293399276,0.0],[-79.854041978926276,-6.761294318309908,0.0],[-79.854060046565493,-6.761295311538977,0.0],[-79.854131915801418,-6.761286733112047,0.0],[-79.85420378503656,-6.761278154673835,0.0],[-79.854263375048745,-6.761271041896811,0.0],[-79.854275654270936,-6.761269576224612,0.0],[-79.854335244285082,-6.761262463438119,0.0],[-79.854347523504529,-6.76126099776411,0.0],[-79.854407113520637,-6.761253884968331,0.0],[-79.85441939273737,-6.761252419293002,0.0],[-79.854478982752383,-6.761245306487913,0.0],[-79.854491261969429,-6.761243840810647,0.0],[-79.854551301167021,-6.761236674380729,0.0],[-79.85456313120072,-6.761235262317114,0.0],[-79.854623619580352,-6.761228042262497,0.0],[-79.854635000431244,-6.761226683812873,0.0],[-79.854695489915059,-6.761219463624236,0.0],[-79.854706890337312,-6.761218102829518,0.0],[-79.854767359107854,-6.761210884791991,0.0],[-79.85477875378011,-6.761209524640245,0.0],[-79.854839722643575,-6.761212577911775,0.0],[-79.854851051489462,-6.761213145250425,0.0],[-79.854911946934436,-6.761207832156733,0.0],[-79.854923197309517,-6.761206827647724,0.0],[-79.85498405335035,-6.761201481516156,0.0],[-79.854995299251698,-6.761200494640594,0.0],[-79.85505608587772,-6.76119439405437,0.0],[-79.855067329681418,-6.761193265617883,0.0],[-79.855128591103764,-6.761187503560385,0.0],[-79.855139389481849,-6.761186487897938,0.0],[-79.855201515759859,-6.761180252583299,0.0],[-79.85521141092822,-6.761179259452255,0.0],[-79.855274445815212,-6.761173330735386,0.0],[-79.855283475274589,-6.761172481478556,0.0],[-79.855346507320846,-6.761166553057355,0.0],[-79.855355537645096,-6.761165703718597,0.0],[-79.855418469714564,-6.76115859126177,0.0],[-79.855427462627759,-6.761157574899985,0.0],[-79.855490566097288,-6.76115219745599,0.0],[-79.855562684285772,-6.761146051800752,0.0],[-79.855707204976966,-6.761110473376824,0.0],[-79.855728289693459,-6.761117347756229,0.0],[-79.855801979950925,-6.761141373434501,0.0],[-79.855879235726178,-6.761166561584029,0.0],[-79.855885888257617,-6.761144882967115,0.0],[-79.855948774794371,-6.761138815548697,0.0],[-79.856018719713447,-6.761132067113621,0.0],[-79.856079057420175,-6.761126245506742,0.0],[-79.85620877527802,-6.761108582507875,0.0],[-79.856209677272375,-6.761108512008218,0.0],[-79.856254325993859,-6.761105022273642,0.0],[-79.856317465600057,-6.761100087288283,0.0],[-79.856389625150129,-6.761094447294707,0.0],[-79.856461784700301,-6.761088807290149,0.0],[-79.856533944250586,-6.761083167274625,0.0],[-79.856606103800999,-6.761077527248102,0.0],[-79.856678263351526,-6.761071887210596,0.0],[-79.856750422902152,-6.76106624716211,0.0],[-79.856822582452907,-6.761060607102639,0.0],[-79.856885722059914,-6.761055672041604,0.0],[-79.85689474200376,-6.761054967032185,0.0],[-79.856966901554756,-6.761049326950768,0.0],[-79.856975921498645,-6.761048621939823,0.0],[-79.857039061105851,-6.761043686858351,0.0],[-79.857067022931943,-6.761041501319576,0.0],[-79.857111220657075,-6.761038046754952,0.0],[-79.857183380208397,-6.761032406640569,0.0],[-79.857255539759848,-6.761026766515222,0.0],[-79.857327699311398,-6.761021126378877,0.0],[-79.857399858863076,-6.761015486231565,0.0],[-79.857472018414867,-6.761009846073221,0.0],[-79.857544177966773,-6.761004205903944,0.0],[-79.857580257742754,-6.761001385815191,0.0],[-79.857679477126894,-6.760993630556934,0.0],[-79.857794223268172,-6.760992942304513,0.0],[-79.857988107880686,-6.76097722947775,0.0],[-79.857999652174797,-6.760909468689587,0.0],[-79.85801028507305,-6.760847057436502,0.0],[-79.858021677459575,-6.760780188235766,0.0],[-79.85802646226054,-6.760752103171191,0.0],[-79.858033297689047,-6.760711981650057,0.0],[-79.858039829319182,-6.760673643307282,0.0],[-79.858046360947796,-6.76063530496424,0.0],[-79.858057965977196,-6.760567187535296,0.0],[-79.858069358344309,-6.76050031833054,0.0],[-79.858100497457457,-6.760317542499199,0.0],[-79.85811527119391,-6.760167690680245,0.0],[-79.857969927133396,-6.760087619073564,0.0],[-79.858174937992558,-6.759626811859771,0.0],[-79.858186161081676,-6.759422225433484,0.0],[-79.858115829299578,-6.758803001842622,0.0],[-79.85809874928978,-6.75865262388912,0.0],[-79.856100495552511,-6.759038664275696,0.0]]]]}},
{"type":"Feature","properties":{"Layer":"TG_HAB_URB","Color":5,"ESTADO":"APROBADOS POR LA MPCH CON RESOLUCION","COD_HAB_UR":"0076","ID_COD_URB":"1401010076","TIPO_HAB_U":"URB.","NOMB_HAB_U":"URB. MIRAFLORES II ETAPA"},"geometry":{"type":"MultiPolygon","coordinates":[[[[-79.857532159682549,-6.762131920297725,0.0],[-79.857513215188263,-6.762182787516087,0.0],[-79.857506906176681,-6.762199727625718,0.0],[-79.857486044990921,-6.762239975832242,0.0],[-79.857476153422212,-6.762265223851298,0.0],[-79.857466227624442,-6.762290559235848,0.0],[-79.857449758802872,-6.76233259553958,0.0],[-79.857443155153817,-6.762349451205389,0.0],[-79.857419152231543,-6.762398117570717,0.0],[-79.857397616684594,-6.762447930300724,0.0],[-79.857391261362096,-6.762464928320099,0.0],[-79.857378611571278,-6.762498761592828,0.0],[-79.857363116652351,-6.762531588383328,0.0],[-79.857355451312387,-6.76254782780198,0.0],[-79.857336446894323,-6.762598659354283,0.0],[-79.857313273219177,-6.762647732404233,0.0],[-79.857306718325688,-6.762664825217825,0.0],[-79.85729384188825,-6.762698402114092,0.0],[-79.857272317833292,-6.762748221389301,0.0],[-79.857243946631968,-6.762814786683883,0.0],[-79.857199287784567,-6.762914493576317,0.0],[-79.857171174078331,-6.762981166716266,0.0],[-79.857150108567097,-6.763031124673241,0.0],[-79.857129023276457,-6.763081129524456,0.0],[-79.857107937980771,-6.763131134373895,0.0],[-79.857086832905665,-6.763181186117484,0.0],[-79.857065747599876,-6.763231190963452,0.0],[-79.857044662289042,-6.763281195807678,0.0],[-79.857023576973418,-6.763331200649518,0.0],[-79.857002491652196,-6.76338120549088,0.0],[-79.856981476849342,-6.763431239987209,0.0],[-79.856960321037064,-6.763481215067848,0.0],[-79.856938181432724,-6.763533720148169,0.0],[-79.857047419585456,-6.763581522519064,0.0],[-79.85715498140479,-6.763654120275804,0.0],[-79.857337952893729,-6.763725641734958,0.0],[-79.857506477867332,-6.763791515910588,0.0],[-79.857551137235362,-6.763808972659358,0.0],[-79.857600287796885,-6.763828601338687,0.0],[-79.858008826101837,-6.763991753513381,0.0],[-79.858083608506377,-6.763855007060576,0.0],[-79.858149574584473,-6.763734381978662,0.0],[-79.85820164205721,-6.763638408083736,0.0],[-79.858408632216054,-6.763257280920828,0.0],[-79.858472199350032,-6.763289949122258,0.0],[-79.858529329156468,-6.763319309107918,0.0],[-79.858589677757394,-6.763350322824055,0.0],[-79.858649623251196,-6.763381130829965,0.0],[-79.858745776830645,-6.763428514812961,0.0],[-79.858754817030686,-6.763411809529758,0.0],[-79.85890356099523,-6.763424142809638,0.0],[-79.859049498295533,-6.763435954080705,0.0],[-79.859312106292919,-6.763220924819171,0.0],[-79.859352463760999,-6.763241356797068,0.0],[-79.859392780419597,-6.763261867530053,0.0],[-79.859433097038448,-6.763282378628275,0.0],[-79.859790747644055,-6.763468764337719,0.0],[-79.860778981569425,-6.761635145909803,0.0],[-79.85811527119391,-6.760167690680245,0.0],[-79.858100497457457,-6.760317542499199,0.0],[-79.858069358344309,-6.76050031833054,0.0],[-79.858057965977196,-6.760567187535296,0.0],[-79.858046360947796,-6.76063530496424,0.0],[-79.858039829319182,-6.760673643307282,0.0],[-79.858033297689047,-6.760711981650057,0.0],[-79.85802646226054,-6.760752103171191,0.0],[-79.858021677459575,-6.760780188235766,0.0],[-79.85801028507305,-6.760847057436502,0.0],[-79.857999652174797,-6.760909468689587,0.0],[-79.857988107880686,-6.760977229477732,0.0],[-79.857987543568314,-6.76100435332001,0.0],[-79.857986471251223,-6.761055894518049,0.0],[-79.857985982059162,-6.761079407642362,0.0],[-79.857985474183423,-6.761103818789779,0.0],[-79.857984486456374,-6.761151294049831,0.0],[-79.857968948578446,-6.761183967079676,0.0],[-79.857949526227699,-6.761224808365652,0.0],[-79.857926607849052,-6.761273001081382,0.0],[-79.857885820891227,-6.761358767774013,0.0],[-79.857852608642077,-6.761428606362085,0.0],[-79.857821532843559,-6.761493952405718,0.0],[-79.857805994940747,-6.761526625426214,0.0],[-79.857764431039044,-6.761614025751623,0.0],[-79.85772364401619,-6.761699792419877,0.0],[-79.857684799217324,-6.761781474955405,0.0],[-79.857650227333849,-6.7618541724073,0.0],[-79.857616044198664,-6.761926053138224,0.0],[-79.857601282650435,-6.761957091972762,0.0],[-79.857564792513656,-6.762047565464576,0.0],[-79.857535422966265,-6.762123484814613,0.0],[-79.857532159682549,-6.762131920297725,0.0]]]]}},
{"type":"Feature","properties":{"Layer":"TG_HAB_URB","Color":5,"ESTADO":"APROBADOS POR LA MPCH CON RESOLUCION","COD_HAB_UR":"0162","ID_COD_URB":"1401010162","TIPO_HAB_U":"P.J.","NOMB_HAB_U":"P.J. CHRISTIAN"},"geometry":{"type":"MultiPolygon","coordinates":[[[[-79.865838713032659,-6.75982031289878,0.0],[-79.865848000096577,-6.759864622925241,0.0],[-79.865851432047137,-6.759882139772535,0.0],[-79.865661024638186,-6.759924439138827,0.0],[-79.865780994408084,-6.759993246735414,0.0],[-79.865863219742323,-6.760103611473154,0.0],[-79.865915209726495,-6.760323659361769,0.0],[-79.86606069913681,-6.760386129761208,0.0],[-79.86622829167527,-6.7606467670602,0.0],[-79.86631375814288,-6.760670304960004,0.0],[-79.866362180420921,-6.760716854362839,0.0],[-79.866340042519099,-6.760489658277948,0.0],[-79.86684973790976,-6.760436252521718,0.0],[-79.866800269471995,-6.760037964284478,0.0],[-79.86697989639093,-6.759966349625274,0.0],[-79.867043905279942,-6.759972288163614,0.0],[-79.867226787836216,-6.759989255370948,0.0],[-79.867356788043821,-6.759995487182612,0.0],[-79.867539915765008,-6.760008164418498,0.0],[-79.867662584674108,-6.760016656282251,0.0],[-79.867885360983593,-6.75999433329035,0.0],[-79.867805692757045,-6.75917884701237,0.0],[-79.866551616679516,-6.759427179381387,0.0],[-79.866189945771112,-6.759501866811866,0.0],[-79.86621144893563,-6.759620617148562,0.0],[-79.866002968491017,-6.759692633480484,0.0],[-79.866003873800693,-6.759696875202646,0.0],[-79.865825789260541,-6.759758882641068,0.0],[-79.865838713032659,-6.75982031289878,0.0]]]]}},
{"type":"Feature","properties":{"Layer":"TG_HAB_URB","Color":5,"ESTADO":"APROBADOS POR LA MPCH CON RESOLUCION","COD_HAB_UR":"0266","ID_COD_URB":"1401010266","TIPO_HAB_U":"URB.","NOMB_HAB_U":"URB.PROG. SAN PABLO"},"geometry":{"type":"MultiPolygon","coordinates":[[[[-79.858013380988581,-6.777980339292516,0.0],[-79.858075000104492,-6.779492476723736,0.0],[-79.858196545234989,-6.779484160040233,0.0],[-79.858300185384294,-6.779488199876781,0.0],[-79.858503665268827,-6.779481947806183,0.0],[-79.858554936922857,-6.779480372432972,0.0],[-79.858695321137006,-6.77947605895868,0.0],[-79.858704432089851,-6.779475779012248,0.0],[-79.858790334554641,-6.779475101343359,0.0],[-79.858811206053446,-6.779474524035543,0.0],[-79.859020484556851,-6.779465592318775,0.0],[-79.859126755035717,-6.779461056806943,0.0],[-79.85922432725134,-6.779456892507101,0.0],[-79.85926867264385,-6.779455626679236,0.0],[-79.859249887965362,-6.779317215257857,0.0],[-79.859170783623,-6.779256586541272,0.0],[-79.859154809844412,-6.779121865479316,0.0],[-79.859138836068553,-6.778987144417587,0.0],[-79.85913277592249,-6.778932952008065,0.0],[-79.85911691976608,-6.778798217063953,0.0],[-79.859101063612286,-6.778663482120099,0.0],[-79.85909602891914,-6.778608343632905,0.0],[-79.859088340487986,-6.778524592458549,0.0],[-79.859068029549533,-6.77830334250326,0.0],[-79.858844762632174,-6.778328232973476,0.0],[-79.858576352643595,-6.778274040483084,0.0],[-79.858013380988581,-6.777980339292516,0.0]]]]}},
{"type":"Feature","properties":{"Layer":"TG_HAB_URB","Color":5,"ESTADO":"APROBADOS POR LA MPCH CON RESOLUCION","COD_HAB_UR":"0311","ID_COD_URB":"1401010311","TIPO_HAB_U":"URB.","NOMB_HAB_U":"URB. SAN FRANCISCO"},"geometry":{"type":"MultiPolygon","coordinates":[[[[-79.859138836068553,-6.778987144417587,0.0],[-79.859154809844412,-6.779121865479316,0.0],[-79.859170783623,-6.779256586541272,0.0],[-79.859249887965362,-6.779317215257857,0.0],[-79.85926867264385,-6.779455626679236,0.0],[-79.859329665998814,-6.779453885632879,0.0],[-79.859419795028643,-6.779445947094417,0.0],[-79.859509924058301,-6.779438008538706,0.0],[-79.859591040184867,-6.779430863823852,0.0],[-79.859672156311277,-6.779423719095006,0.0],[-79.859744259534637,-6.77941736821322,0.0],[-79.859809787914841,-6.779426223395121,0.0],[-79.859653855471905,-6.778238032350523,0.0],[-79.859068029549533,-6.77830334250326,0.0],[-79.859088340487986,-6.778524592458549,0.0],[-79.85909602891914,-6.778608343632905,0.0],[-79.859101063612286,-6.778663482120099,0.0],[-79.85911691976608,-6.778798217063953,0.0],[-79.85913277592249,-6.778932952008065,0.0],[-79.859138836068553,-6.778987144417587,0.0]]]]}},
{"type":"Feature","properties":{"Layer":"TG_HAB_URB","Color":5,"ESTADO":"APROBADOS POR LA MPCH CON RESOLUCION","COD_HAB_UR":"0038","ID_COD_URB":"1401010038","TIPO_HAB_U":"URB.","NOMB_HAB_U":"URB. CHICLAYO II ETAPA"},"geometry":{"type":"MultiPolygon","coordinates":[[[[-79.849099440006498,-6.767357914244544,0.0],[-79.849312757992308,-6.769616677660681,0.0],[-79.85035219693205,-6.76949454927291,0.0],[-79.850322110189154,-6.769189445999319,0.0],[-79.850313678311792,-6.76910394011045,0.0],[-79.850286048641337,-6.768823753421614,0.0],[-79.850434432048687,-6.768810084600163,0.0],[-79.850378251573602,-6.768723617331701,0.0],[-79.850326938456973,-6.76862925286294,0.0],[-79.850237392398114,-6.76844676782663,0.0],[-79.85013809076618,-6.768298784787722,0.0],[-79.85002059959281,-6.768127095120584,0.0],[-79.849965778448222,-6.767945243736981,0.0],[-79.849848120160473,-6.767852836382845,0.0],[-79.849836978213247,-6.767742151164169,0.0],[-79.849833354815956,-6.767706155971124,0.0],[-79.849829731418751,-6.767670160778124,0.0],[-79.849822484624639,-6.767598170392127,0.0],[-79.849786250659449,-6.767238218462819,0.0],[-79.849757108837309,-6.766948727191139,0.0],[-79.849742860095205,-6.766807181921167,0.0],[-79.849535450203007,-6.766831757648411,0.0],[-79.849519096106121,-6.766496341538638,0.0],[-79.849441391490615,-6.766303370772952,0.0],[-79.849458183986954,-6.766297004427319,0.0],[-79.849412836188534,-6.766093986231458,0.0],[-79.849198156499099,-6.765966740816722,0.0],[-79.84856826736987,-6.766574894225843,0.0],[-79.848627851636223,-6.767409511564703,0.0],[-79.849099440006498,-6.767357914244544,0.0]]]]}},
{"type":"Feature","properties":{"Layer":"TG_HAB_URB","Color":5,"ESTADO":"APROBADOS POR LA MPCH CON RESOLUCION","COD_HAB_UR":"0067","ID_COD_URB":"1401010067","TIPO_HAB_U":"H.U.","NOMB_HAB_U":"H.U. LAS VIÑAS"},"geometry":{"type":"MultiPolygon","coordinates":[[[[-79.861199030088784,-6.771573187229915,0.0],[-79.861207115043911,-6.771654183510114,0.0],[-79.861215334748792,-6.771736529728337,0.0],[-79.861223599370547,-6.771819325925941,0.0],[-79.861231459744957,-6.771898072309621,0.0],[-79.861239589618378,-6.771979518569355,0.0],[-79.861247584742955,-6.772059614891148,0.0],[-79.861319845383846,-6.772051234253152,0.0],[-79.861369641247578,-6.772045459026465,0.0],[-79.861445054116373,-6.772036712779568,0.0],[-79.861521275942422,-6.772027872698833,0.0],[-79.861600553831423,-6.772018678167711,0.0],[-79.861676056582041,-6.772009921458912,0.0],[-79.86175317724792,-6.77200097709377,0.0],[-79.86186346519176,-6.771988186004036,0.0],[-79.861947057519714,-6.771978491028717,0.0],[-79.862033076720692,-6.771968514570781,0.0],[-79.86209599567583,-6.771961217256091,0.0],[-79.862077208257219,-6.771774886924263,0.0],[-79.862069949660423,-6.771702897424021,0.0],[-79.862062691064011,-6.771630907923807,0.0],[-79.862055432467983,-6.771558918423637,0.0],[-79.862048627534577,-6.77149142826728,0.0],[-79.86201888796397,-6.771196476294809,0.0],[-79.861104229519341,-6.770623460720995,0.0],[-79.861126355345931,-6.770845120669337,0.0],[-79.861134440296951,-6.770926116949044,0.0],[-79.861142615081235,-6.771008013187465,0.0],[-79.861150385618359,-6.771085859611937,0.0],[-79.861158470570743,-6.771166855891818,0.0],[-79.861166555523582,-6.771247852171735,0.0],[-79.861174730309699,-6.771329748410383,0.0],[-79.861182815263462,-6.771410744690391,0.0],[-79.861190990050503,-6.771492640929146,0.0],[-79.861199030088784,-6.771573187229915,0.0]]]]}},
{"type":"Feature","properties":{"Layer":"TG_HAB_URB","Color":5,"ESTADO":"APROBADOS POR LA MPCH CON RESOLUCION","COD_HAB_UR":"0072","ID_COD_URB":"1401010072","TIPO_HAB_U":"URB.","NOMB_HAB_U":"URB. LURIN"},"geometry":{"type":"MultiPolygon","coordinates":[[[[-79.84608899581778,-6.773435356595916,0.0],[-79.846202597846514,-6.774572054676144,0.0],[-79.847078979195629,-6.774483145360907,0.0],[-79.84696253989253,-6.773349871070351,0.0],[-79.84608899581778,-6.773435356595916,0.0]]]]}},
{"type":"Feature","properties":{"Layer":"TG_HAB_URB","Color":5,"ESTADO":"APROBADOS POR LA MPCH CON RESOLUCION","COD_HAB_UR":"0071","ID_COD_URB":"1401010071","TIPO_HAB_U":"URB.","NOMB_HAB_U":"URB. LOS PARQUES"},"geometry":{"type":"MultiPolygon","coordinates":[[[[-79.847163232730281,-6.772155945132795,0.0],[-79.847404926281257,-6.774450077451295,0.0],[-79.851522113774351,-6.774032361932565,0.0],[-79.851404729425809,-6.772918366453059,0.0],[-79.851279913140502,-6.771733839599707,0.0],[-79.847163232730281,-6.772155945132795,0.0]]]]}},
{"type":"Feature","properties":{"Layer":"TG_HAB_URB","Color":5,"ESTADO":"APROBADOS POR LA MPCH CON RESOLUCION","COD_HAB_UR":"0317","ID_COD_URB":"1401010317","TIPO_HAB_U":"URB.","NOMB_HAB_U":"URB. 15 DE SETIEMBRE"},"geometry":{"type":"MultiPolygon","coordinates":[[[[-79.875666170197732,-6.769819540530285,0.0],[-79.875385439054526,-6.771044417704939,0.0],[-79.87689493860691,-6.771122471638509,0.0],[-79.876757670992035,-6.770396555816436,0.0],[-79.876686475480724,-6.770358224476978,0.0],[-79.875666170197732,-6.769819540530285,0.0]]]]}},
{"type":"Feature","properties":{"Layer":"TG_HAB_URB","Color":5,"ESTADO":"APROBADOS POR LA MPCH CON RESOLUCION","COD_HAB_UR":"0352","ID_COD_URB":"1401010352","TIPO_HAB_U":"H.U.","NOMB_HAB_U":"H.U. CONJ.RES. LAS VILLAS DE CHICLAYO  OESTE"},"geometry":{"type":"MultiPolygon","coordinates":[[[[-79.871893166956582,-6.755957228415781,0.0],[-79.871858802540132,-6.756209693319654,0.0],[-79.871839683948565,-6.756429179557435,0.0],[-79.871827899186769,-6.756518689020956,0.0],[-79.871905344458924,-6.756800193103413,0.0],[-79.871947756720161,-6.757107610466855,0.0],[-79.872005492861476,-6.75757175181275,0.0],[-79.872015727023722,-6.757804303377146,0.0],[-79.87203412225729,-6.757852120205007,0.0],[-79.872479031958306,-6.757761293520933,0.0],[-79.872697130155444,-6.757716686730175,0.0],[-79.873045338952451,-6.757571791881388,0.0],[-79.873297864562019,-6.75746439712927,0.0],[-79.87359680813509,-6.757401970798097,0.0],[-79.873830870710123,-6.757331403083537,0.0],[-79.873903965178968,-6.757305020881424,0.0],[-79.873920455637617,-6.757273583982574,0.0],[-79.873952926285625,-6.7571620388794,0.0],[-79.873985637372471,-6.756502738350584,0.0],[-79.873999739084297,-6.75597022713793,0.0],[-79.873966745534986,-6.755415539409748,0.0],[-79.87394214284943,-6.755425298466035,0.0],[-79.87378486364608,-6.755417398992448,0.0],[-79.87359363969658,-6.755368592325924,0.0],[-79.87350182254535,-6.755286998953203,0.0],[-79.873423830031683,-6.755167285775996,0.0],[-79.873351514875637,-6.75514929111911,0.0],[-79.872947889525733,-6.755268081204107,0.0],[-79.872786455279595,-6.755306415469008,0.0],[-79.872654465092651,-6.755467810910301,0.0],[-79.872464553692183,-6.755518970638474,0.0],[-79.872133484973233,-6.755538962998099,0.0],[-79.872044573717105,-6.755580686424143,0.0],[-79.871931237755206,-6.755726435015585,0.0],[-79.871893166956582,-6.755957228415781,0.0]]]]}},
{"type":"Feature","properties":{"Layer":"TG_HAB_URB","Color":5,"ESTADO":"APROBADOS POR LA MPCH CON RESOLUCION","COD_HAB_UR":"0439","ID_COD_URB":"1401010439","TIPO_HAB_U":"P.J.","NOMB_HAB_U":"P.J. LAS PALMERAS"},"geometry":{"type":"MultiPolygon","coordinates":[[[[-79.87658098244097,-6.763585981606005,0.0],[-79.876846496867984,-6.764863028821141,0.0],[-79.876912421600849,-6.764985949347129,0.0],[-79.877077460738803,-6.7655042348445,0.0],[-79.877089270072403,-6.765652235850171,0.0],[-79.876918860430266,-6.765701809585846,0.0],[-79.876927788950454,-6.765796955422045,0.0],[-79.87707646281045,-6.765784630926674,0.0],[-79.877149960176354,-6.765778538258384,0.0],[-79.877157754364987,-6.765829585873821,0.0],[-79.877245708253,-6.765826723595391,0.0],[-79.87845428549393,-6.76559782490838,0.0],[-79.878399990495254,-6.765338352199464,0.0],[-79.878405410909039,-6.765076697853313,0.0],[-79.877864900370994,-6.762861193646161,0.0],[-79.877701913976054,-6.762856423657923,0.0],[-79.876667375580254,-6.762980900840348,0.0],[-79.876642227141687,-6.762844596050936,0.0],[-79.87649355646306,-6.762860088598133,0.0],[-79.87658098244097,-6.763585981606005,0.0]]]]}},
{"type":"Feature","properties":{"Layer":"TG_HAB_URB","Color":5,"ESTADO":"APROBADOS POR LA MPCH CON RESOLUCION","COD_HAB_UR":"0400","ID_COD_URB":"1401010400","TIPO_HAB_U":"H.U.","NOMB_HAB_U":"H.U. SAN PEDRO"},"geometry":{"type":"MultiPolygon","coordinates":[[[[-79.876947765758786,-6.758968483026715,0.0],[-79.876969888647906,-6.759102333317886,0.0],[-79.877025963772738,-6.759093071660894,0.0],[-79.877048086683942,-6.75922692195233,0.0],[-79.877087828217427,-6.759324541753888,0.0],[-79.877109855142521,-6.759458407866945,0.0],[-79.877163826969536,-6.759449533331835,0.0],[-79.877185853916089,-6.75958339944517,0.0],[-79.877316312509052,-6.759804363565224,0.0],[-79.877335817463035,-6.759921669657506,0.0],[-79.878556627425738,-6.759698494331706,0.0],[-79.878453887262737,-6.759585113132663,0.0],[-79.87831943631393,-6.75936443724811,0.0],[-79.878272466606504,-6.759286201688798,0.0],[-79.878233512881152,-6.75922588877953,0.0],[-79.87809571511194,-6.759033146530551,0.0],[-79.877959580002866,-6.758831184722806,0.0],[-79.877821598200242,-6.758653633432872,0.0],[-79.877750251678194,-6.758567293829577,0.0],[-79.877682109190118,-6.758482679682133,0.0],[-79.877638396163007,-6.758415754740184,0.0],[-79.877620602159027,-6.758367607543136,0.0],[-79.877596693161109,-6.758415387346557,0.0],[-79.877585908683002,-6.758433357096355,0.0],[-79.877485168203179,-6.758476348114258,0.0],[-79.877425824864275,-6.75849058891679,0.0],[-79.87715794679761,-6.758543864705787,0.0],[-79.876942274903641,-6.758572122553447,0.0],[-79.876861366819853,-6.758588122050741,0.0],[-79.876839768907402,-6.758604258335431,0.0],[-79.876834355886501,-6.758622240452403,0.0],[-79.876845016004495,-6.75865816381895,0.0],[-79.876880266073911,-6.758652504103189,0.0],[-79.876897461780061,-6.758757414820557,0.0],[-79.876915746627461,-6.758868970345492,0.0],[-79.876947765758786,-6.758968483026715,0.0]]]]}},
{"type":"Feature","properties":{"Layer":"TG_HAB_URB","Color":5,"ESTADO":"APROBADOS POR LA MPCH CON RESOLUCION","COD_HAB_UR":"0186","ID_COD_URB":"1401010186","TIPO_HAB_U":"H.U.","NOMB_HAB_U":"H.U. RICARDO ARIZOLA TIRADO"},"geometry":{"type":"MultiPolygon","coordinates":[[[[-79.877005943787125,-6.782339822222786,0.0],[-79.877090426801715,-6.783031825972212,0.0],[-79.877172710439837,-6.78375637781537,0.0],[-79.87722364706319,-6.783752543122677,0.0],[-79.878546401112189,-6.783652959509883,0.0],[-79.877233212745978,-6.781516188527151,0.0],[-79.876297531170295,-6.782124472851152,0.0],[-79.876491773509755,-6.782280856964896,0.0],[-79.876631433310223,-6.782393296686651,0.0],[-79.877005943787125,-6.782339822222786,0.0]]]]}},
{"type":"Feature","properties":{"Layer":"TG_HAB_URB","Color":5,"ESTADO":"APROBADOS POR LA MPCH CON RESOLUCION","COD_HAB_UR":"0375","ID_COD_URB":"1401010375","TIPO_HAB_U":"H.U.","NOMB_HAB_U":"H.U. EL SANTUARIO II ETAPA"},"geometry":{"type":"MultiPolygon","coordinates":[[[[-79.869758931799083,-6.789149420485835,0.0],[-79.869753039816914,-6.790113524556278,0.0],[-79.870136670233435,-6.790115867026727,0.0],[-79.870267204108728,-6.790122496053455,0.0],[-79.870322681808602,-6.790129141815563,0.0],[-79.870375054707807,-6.790148603132857,0.0],[-79.870418654238975,-6.79017500477923,0.0],[-79.870597756561608,-6.790295423939384,0.0],[-79.870597317792445,-6.790367237168621,0.0],[-79.870661488446416,-6.790406564084765,0.0],[-79.870680504619784,-6.790416082091479,0.0],[-79.870712539027892,-6.790428652489298,0.0],[-79.87074577334144,-6.790437583549419,0.0],[-79.870779795184262,-6.790442764453785,0.0],[-79.871000915901334,-6.790445115938841,0.0],[-79.87143668281162,-6.790447775659747,0.0],[-79.871482038317836,-6.790448052466431,0.0],[-79.871481660233286,-6.789132874958976,0.0],[-79.869759071509677,-6.78912655898695,0.0],[-79.869758931799083,-6.789149420485835,0.0]]]]}},
{"type":"Feature","properties":{"Layer":"TG_HAB_URB","Color":5,"ESTADO":"APROBADOS POR LA MPCH CON RESOLUCION","COD_HAB_UR":"0402","ID_COD_URB":"1401010402","TIPO_HAB_U":"H.U.","NOMB_HAB_U":"H.U. SANTA ROSALÍA Y SAN JUAN"},"geometry":{"type":"MultiPolygon","coordinates":[[[[-79.873992178317252,-6.760206766603281,0.0],[-79.873980842726581,-6.760346894748006,0.0],[-79.874148995495815,-6.760357586212821,0.0],[-79.874267358893889,-6.760365111942359,0.0],[-79.874343210479481,-6.760359753097401,0.0],[-79.87440345523197,-6.760616702982544,0.0],[-79.874436160207296,-6.760748701521879,0.0],[-79.874657042648423,-6.761735921180462,0.0],[-79.874676851208278,-6.761874431400527,0.0],[-79.874932629991946,-6.761867093640667,0.0],[-79.875023172775613,-6.761864496124613,0.0],[-79.875116431844688,-6.761861820665294,0.0],[-79.875170418019437,-6.7618558844043,0.0],[-79.875224379706225,-6.761849618519423,0.0],[-79.875278341455797,-6.761843353443404,0.0],[-79.875332303173352,-6.761837087953634,0.0],[-79.875386264890494,-6.761830822457663,0.0],[-79.875444273735965,-6.76182408704254,0.0],[-79.875498235452255,-6.761817821533655,0.0],[-79.875545002272702,-6.761812391420944,0.0],[-79.875591769092836,-6.76180696130355,0.0],[-79.875617178628801,-6.761804010988453,0.0],[-79.875710090486763,-6.761955113888045,0.0],[-79.875764507114283,-6.762052449257406,0.0],[-79.875850706699836,-6.762226871854754,0.0],[-79.875852041558588,-6.762229487429709,0.0],[-79.875900581221742,-6.762192099556805,0.0],[-79.875961354123703,-6.762145288965569,0.0],[-79.875995781811412,-6.762118770881754,0.0],[-79.876087696653642,-6.762047973025743,0.0],[-79.876100890334286,-6.762037810525381,0.0],[-79.876173360687972,-6.761981989847494,0.0],[-79.876275132562029,-6.761944878048546,0.0],[-79.876272630472158,-6.761888003302181,0.0],[-79.876270406391825,-6.761837447972032,0.0],[-79.876268297663472,-6.761789514703531,0.0],[-79.876268352659878,-6.761735000198255,0.0],[-79.876268407655232,-6.761680485692827,0.0],[-79.8762684626858,-6.76162593527784,0.0],[-79.87626850950258,-6.76157952618969,0.0],[-79.876268564745928,-6.761524762954722,0.0],[-79.876268620043092,-6.761469945363008,0.0],[-79.876268679789078,-6.761410716363241,0.0],[-79.876256125190423,-6.761318752325887,0.0],[-79.876291772502469,-6.761307927648779,0.0],[-79.876258701160779,-6.761219781176436,0.0],[-79.876228173777079,-6.761138415201441,0.0],[-79.876202554231824,-6.76107001184927,0.0],[-79.876194230047375,-6.761072490519578,0.0],[-79.876174989157448,-6.761005622361624,0.0],[-79.876144064097957,-6.760958261380892,0.0],[-79.876113248717374,-6.760916524687159,0.0],[-79.876090355886078,-6.760872661578503,0.0],[-79.876069037175498,-6.760831654031963,0.0],[-79.876052426799248,-6.760789342591625,0.0],[-79.876034832709664,-6.760744425273408,0.0],[-79.876015979140774,-6.760684613780683,0.0],[-79.875999304914387,-6.760553204092201,0.0],[-79.875990891901367,-6.760426109861759,0.0],[-79.875938475014166,-6.760271552977875,0.0],[-79.875926278576046,-6.76024155364761,0.0],[-79.875951523157369,-6.760232963783218,0.0],[-79.875888266286211,-6.760092259784937,0.0],[-79.875832863570309,-6.759909761945232,0.0],[-79.875823553073275,-6.759806719778756,0.0],[-79.875802069498491,-6.759673918494839,0.0],[-79.875237612071231,-6.759766528234032,0.0],[-79.875158424379208,-6.759666742734032,0.0],[-79.87507265904371,-6.759724827583955,0.0],[-79.87493141253735,-6.759837893069002,0.0],[-79.874897634958046,-6.7597954116587,0.0],[-79.874863857162666,-6.759752929968076,0.0],[-79.874577467510377,-6.759982179806626,0.0],[-79.87397099025408,-6.75921867494989,0.0],[-79.873994113786338,-6.75948155926436,0.0],[-79.873992178317252,-6.760206766603281,0.0]]]]}},
{"type":"Feature","properties":{"Layer":"TG_HAB_URB","Color":5,"ESTADO":"APROBADOS POR LA MPCH CON RESOLUCION","COD_HAB_UR":"0182","ID_COD_URB":"1401010182","TIPO_HAB_U":"H.U.","NOMB_HAB_U":"H.U. LA MOLINA"},"geometry":{"type":"MultiPolygon","coordinates":[[[[-79.874976924454046,-6.77308908306885,0.0],[-79.875079510536779,-6.773336754392217,0.0],[-79.875267421840135,-6.77355903639095,0.0],[-79.875426988414617,-6.773747786029365,0.0],[-79.875490960333906,-6.773820894754497,0.0],[-79.875517921086697,-6.773848747594418,0.0],[-79.875544921518383,-6.77387664142195,0.0],[-79.875572064471001,-6.773876780694702,0.0],[-79.875626350378155,-6.773877059235649,0.0],[-79.875680636286361,-6.773877337770556,0.0],[-79.875734922195647,-6.773877616299407,0.0],[-79.875789208105985,-6.773877894822184,0.0],[-79.875843494017388,-6.773878173338923,0.0],[-79.875897779929844,-6.773878451849604,0.0],[-79.875952065843379,-6.773878730354212,0.0],[-79.876006351757894,-6.77387900885278,0.0],[-79.875654503573955,-6.774437799734865,0.0],[-79.876144847730217,-6.774547847511236,0.0],[-79.876610728693549,-6.77385865198394,0.0],[-79.877215571510234,-6.773719660532223,0.0],[-79.877259773749643,-6.773710035250752,0.0],[-79.877368301236601,-6.773706883723972,0.0],[-79.877449659524757,-6.773703469417898,0.0],[-79.877526262556643,-6.773696651528046,0.0],[-79.87759281788766,-6.773683422658987,0.0],[-79.87771135592493,-6.773673899518434,0.0],[-79.877866857504685,-6.77362551743698,0.0],[-79.877924014498319,-6.77360773384426,0.0],[-79.877873557922825,-6.773485093783417,0.0],[-79.877865309444829,-6.773308129299328,0.0],[-79.87801217018729,-6.773266029140635,0.0],[-79.878151144317201,-6.773258828737318,0.0],[-79.878495519153077,-6.773237566227366,0.0],[-79.878510336799025,-6.772971607501447,0.0],[-79.878527472448042,-6.772489778331715,0.0],[-79.877246409983627,-6.772671636817699,0.0],[-79.876893531278867,-6.772660151071692,0.0],[-79.876527585316467,-6.772666582961691,0.0],[-79.876229858072037,-6.772672791699407,0.0],[-79.874860319497131,-6.772788732496338,0.0],[-79.874935761718206,-6.772980465795312,0.0],[-79.874976924454046,-6.77308908306885,0.0]]]]}},
{"type":"Feature","properties":{"Layer":"TG_HAB_URB","Color":5,"ESTADO":"APROBADOS POR LA MPCH CON RESOLUCION","COD_HAB_UR":"0153","ID_COD_URB":"1401010153","TIPO_HAB_U":"A.H.","NOMB_HAB_U":"A.H. AMPLIACIÓN NUEVO PROGRESO"},"geometry":{"type":"MultiPolygon","coordinates":[[[[-79.876631433310223,-6.782393296686651,0.0],[-79.87676953279373,-6.783797695836415,0.0],[-79.877172710439837,-6.78375637781537,0.0],[-79.877090426801715,-6.783031825972212,0.0],[-79.877005943787125,-6.782339822222786,0.0],[-79.876631433310223,-6.782393296686651,0.0]]]]}},
{"type":"Feature","properties":{"Layer":"TG_HAB_URB","Color":5,"ESTADO":"APROBADOS POR LA MPCH CON RESOLUCION","COD_HAB_UR":"0159","ID_COD_URB":"1401010159","TIPO_HAB_U":"P.J.","NOMB_HAB_U":"P.J. SEÑOR DE SIPÁN"},"geometry":{"type":"MultiPolygon","coordinates":[[[[-79.87410660486249,-6.780827188207279,0.0],[-79.874081903580034,-6.780865073823064,0.0],[-79.874057202293429,-6.780902959436893,0.0],[-79.874032501002688,-6.780940845048754,0.0],[-79.874007799707798,-6.780978730658696,0.0],[-79.873983098408772,-6.78101661626665,0.0],[-79.873953891100641,-6.781061413086674,0.0],[-79.873929496872236,-6.781098827645544,0.0],[-79.87390509779793,-6.781136249628737,0.0],[-79.873880448553791,-6.781174055353679,0.0],[-79.873855894334596,-6.781211715335472,0.0],[-79.87382987788547,-6.781251617819278,0.0],[-79.873806021309079,-6.781288207957713,0.0],[-79.873780802672272,-6.781326886962947,0.0],[-79.873756423958739,-6.781364277730278,0.0],[-79.873741025268714,-6.781387895413538,0.0],[-79.873745477782919,-6.78139649572569,0.0],[-79.873816437926223,-6.781550795235798,0.0],[-79.873871264646226,-6.781670013311781,0.0],[-79.873946881222736,-6.78183443784831,0.0],[-79.874023567758499,-6.781733406135474,0.0],[-79.874046071995835,-6.781701365141668,0.0],[-79.874070596943639,-6.781666447101849,0.0],[-79.874078914449115,-6.781672450084543,0.0],[-79.874117539269037,-6.781620979001572,0.0],[-79.87415546163632,-6.781561922880666,0.0],[-79.874178477395049,-6.781510182414606,0.0],[-79.874211884997266,-6.781458469368951,0.0],[-79.874241382021069,-6.781412809660819,0.0],[-79.874263961384742,-6.781364537045605,0.0],[-79.874282303161053,-6.781314765426292,0.0],[-79.874303321918021,-6.781267286056996,0.0],[-79.874253517033878,-6.781227026436201,0.0],[-79.874283532885059,-6.781186017143163,0.0],[-79.874319333110094,-6.781115993207639,0.0],[-79.875260622339738,-6.781706330183042,0.0],[-79.875582959852082,-6.78117937273996,0.0],[-79.875241894805924,-6.780843809576362,0.0],[-79.875254715147392,-6.780813518691208,0.0],[-79.87516145046574,-6.780723224864706,0.0],[-79.875096465507511,-6.780660309911273,0.0],[-79.874993230108572,-6.780832545295736,0.0],[-79.874740296939692,-6.78067823822081,0.0],[-79.874777548409199,-6.780618325388999,0.0],[-79.874715484370526,-6.780581092635941,0.0],[-79.874665057346732,-6.780550841019351,0.0],[-79.874586313623254,-6.780503601948081,0.0],[-79.874525025416546,-6.780466834584926,0.0],[-79.874459082420614,-6.780427274756857,0.0],[-79.874393139436393,-6.780387714921505,0.0],[-79.874332414791013,-6.780482279985303,0.0],[-79.874306321021336,-6.780522011329723,0.0],[-79.874228760253416,-6.780640108191688,0.0],[-79.874203927875087,-6.780677918862093,0.0],[-79.874179226608945,-6.780715804485567,0.0],[-79.874154525338668,-6.780753690107074,0.0],[-79.874132294191853,-6.780787787164796,0.0],[-79.87410660486249,-6.780827188207279,0.0]]]]}},
{"type":"Feature","properties":{"Layer":"TG_HAB_URB","Color":5,"ESTADO":"APROBADOS POR LA MPCH CON RESOLUCION","COD_HAB_UR":"0059","ID_COD_URB":"1401010059","TIPO_HAB_U":"URB.","NOMB_HAB_U":"URB. FELIPE SANTIAGO SALAVERRY"},"geometry":{"type":"MultiPolygon","coordinates":[[[[-79.857998501337832,-6.77222920031961,0.0],[-79.858118195274557,-6.773370982973802,0.0],[-79.858232235248821,-6.774486370690399,0.0],[-79.860446072678187,-6.774250784753842,0.0],[-79.860325608123162,-6.773153565807645,0.0],[-79.859225356506627,-6.77326193541177,0.0],[-79.859105420341251,-6.772117867408836,0.0],[-79.857998501337832,-6.77222920031961,0.0]]]]}},
{"type":"Feature","properties":{"Layer":"TG_HAB_URB","Color":5,"ESTADO":"APROBADOS POR LA MPCH CON RESOLUCION","COD_HAB_UR":"0020","ID_COD_URB":"1401010020","TIPO_HAB_U":"H.U.","NOMB_HAB_U":"H.U. PROGRESIVA SANTA ALEJANDRINA"},"geometry":{"type":"MultiPolygon","coordinates":[[[[-79.863463186184447,-6.781968836898181,0.0],[-79.863277409937567,-6.782264482311261,0.0],[-79.863120086995551,-6.782271168214704,0.0],[-79.863064837563357,-6.782273516190313,0.0],[-79.863001562891938,-6.782276205212504,0.0],[-79.86296051847151,-6.782277949497804,0.0],[-79.862947484437399,-6.782334590229264,0.0],[-79.862934501588953,-6.782391008509505,0.0],[-79.862923198954689,-6.782440125234065,0.0],[-79.862830848764645,-6.782536726752663,0.0],[-79.862831501988396,-6.782582848533095,0.0],[-79.86279622238095,-6.782582171357569,0.0],[-79.862795895194438,-6.782672612961402,0.0],[-79.862787187417752,-6.782945058164734,0.0],[-79.862834212239363,-6.782969787710418,0.0],[-79.863151363991975,-6.78313657219543,0.0],[-79.863156771134854,-6.78312768594849,0.0],[-79.863325659487558,-6.783202124170018,0.0],[-79.8633803296146,-6.783219734578418,0.0],[-79.863894507651153,-6.783420251654925,0.0],[-79.864130520508155,-6.783533994278376,0.0],[-79.864313730400056,-6.783607037193217,0.0],[-79.864311948231432,-6.783610185887085,0.0],[-79.864328912763881,-6.783617682309633,0.0],[-79.864444479525403,-6.783668410530823,0.0],[-79.864447911193054,-6.783660532919426,0.0],[-79.864482368115517,-6.783674270333313,0.0],[-79.864501733553908,-6.783642113447575,0.0],[-79.864596502859655,-6.783683555411636,0.0],[-79.864576993619977,-6.783714815667618,0.0],[-79.864601052890592,-6.783730088777802,0.0],[-79.864752790018144,-6.783826413259223,0.0],[-79.864778365291073,-6.78378548926695,0.0],[-79.864802333799815,-6.783747136312011,0.0],[-79.864826302304465,-6.783708783355181,0.0],[-79.864850270805007,-6.783670430396511,0.0],[-79.864874239301457,-6.783632077435914,0.0],[-79.864898207793786,-6.783593724473495,0.0],[-79.864922176282036,-6.783555371509166,0.0],[-79.864946144766179,-6.78351701854298,0.0],[-79.864970113246216,-6.783478665574902,0.0],[-79.864994081722145,-6.783440312604966,0.0],[-79.865018050193996,-6.783401959633157,0.0],[-79.865042018661725,-6.783363606659455,0.0],[-79.865065987125348,-6.783325253683913,0.0],[-79.865089955584878,-6.783286900706445,0.0],[-79.865113924040315,-6.783248547727137,0.0],[-79.865145083026235,-6.783198688851225,0.0],[-79.865172902488297,-6.7831541736836,0.0],[-79.864910426433951,-6.782990272348476,0.0],[-79.864962779567279,-6.78290067081295,0.0],[-79.864985595465271,-6.782861621760745,0.0],[-79.865007455014208,-6.782824109184694,0.0],[-79.865030270904313,-6.78278506012907,0.0],[-79.865053421432165,-6.782746208373603,0.0],[-79.865076623020954,-6.782707387065479,0.0],[-79.865099824973797,-6.782668565975364,0.0],[-79.865123026922561,-6.782629744883475,0.0],[-79.864970101818912,-6.782533037937703,0.0],[-79.864982862776444,-6.782511686534082,0.0],[-79.865030534640312,-6.782449930412922,0.0],[-79.865045828374818,-6.782425890032324,0.0],[-79.865070710946441,-6.782387044875124,0.0],[-79.865095900885635,-6.782346256274879,0.0],[-79.865119664975012,-6.782307776461457,0.0],[-79.865143191419463,-6.782269681444298,0.0],[-79.865167430782279,-6.782230432030803,0.0],[-79.865191194859349,-6.782191952211776,0.0],[-79.865215196573047,-6.782153087592683,0.0],[-79.865248228627635,-6.782099600638561,0.0],[-79.865291402998366,-6.782020821979686,0.0],[-79.865315410627289,-6.781982493523365,0.0],[-79.865339418252105,-6.781944165065219,0.0],[-79.8653634258728,-6.781905836605158,0.0],[-79.865387433489417,-6.781867508143202,0.0],[-79.865411441101912,-6.781829179679402,0.0],[-79.865435448710315,-6.781790851213674,0.0],[-79.865459456314611,-6.781752522746098,0.0],[-79.865483463914813,-6.781714194276647,0.0],[-79.865507471510895,-6.781675865805297,0.0],[-79.865531479102884,-6.781637537332071,0.0],[-79.865555486690781,-6.781599208856983,0.0],[-79.86557949427457,-6.781560880379999,0.0],[-79.865603501854238,-6.781522551901154,0.0],[-79.865627509429828,-6.781484223420398,0.0],[-79.865651517001297,-6.781445894937795,0.0],[-79.865675524568672,-6.781407566453315,0.0],[-79.865472449571556,-6.781280468610323,0.0],[-79.865441675797072,-6.78132971143722,0.0],[-79.86505154069836,-6.781086093925799,0.0],[-79.864667274680116,-6.781709923346796,0.0],[-79.864219184616758,-6.781430115311939,0.0],[-79.864195216211783,-6.781468468253037,0.0],[-79.864171247802702,-6.781506821192242,0.0],[-79.864147279389513,-6.781545174129608,0.0],[-79.864123310972232,-6.781583527065083,0.0],[-79.863823102435262,-6.781396062629168,0.0],[-79.863463186184447,-6.781968836898181,0.0]]]]}},
{"type":"Feature","properties":{"Layer":"TG_HAB_URB","Color":5,"ESTADO":"APROBADOS POR LA MPCH CON RESOLUCION","COD_HAB_UR":"0203","ID_COD_URB":"1401010203","TIPO_HAB_U":"H.U.","NOMB_HAB_U":"H.U. EL SANTUARIO"},"geometry":{"type":"MultiPolygon","coordinates":[[[[-79.867892727638207,-6.787207354940797,0.0],[-79.86531034210492,-6.791471533608708,0.0],[-79.865645380881389,-6.791669879169663,0.0],[-79.865673059589071,-6.791678970701588,0.0],[-79.865730325349205,-6.791674310108833,0.0],[-79.865937499107716,-6.791668337701007,0.0],[-79.866003777718205,-6.791661868783559,0.0],[-79.866093777924135,-6.791653778074933,0.0],[-79.866156726057582,-6.791646777722083,0.0],[-79.86640258668622,-6.791626391921336,0.0],[-79.866597781458793,-6.791534468946413,0.0],[-79.866665628835733,-6.791533132871907,0.0],[-79.866676811240055,-6.791532912663124,0.0],[-79.867135367899806,-6.79146904032585,0.0],[-79.867849645745707,-6.791406586306034,0.0],[-79.867911793031439,-6.791398711157004,0.0],[-79.86801381955982,-6.791383876434559,0.0],[-79.868054966971229,-6.79137878827739,0.0],[-79.868170202447118,-6.79134939943901,0.0],[-79.868326942654335,-6.791309425476661,0.0],[-79.868432273936506,-6.791223056060233,0.0],[-79.868536263575905,-6.791208080117652,0.0],[-79.868736262603761,-6.791183666020509,0.0],[-79.868855430360213,-6.791192274575555,0.0],[-79.86894431558791,-6.791222686734576,0.0],[-79.869004510054467,-6.791257733926893,0.0],[-79.869067698555071,-6.791301213795389,0.0],[-79.869201069838695,-6.791232313450323,0.0],[-79.869351208266124,-6.791157754092016,0.0],[-79.869413054408795,-6.791128185455771,0.0],[-79.869580073538927,-6.791065764138428,0.0],[-79.869606998695104,-6.791057032515535,0.0],[-79.869636393396078,-6.79105145937653,0.0],[-79.869847758794648,-6.791000541012406,0.0],[-79.869934245213528,-6.790979604700744,0.0],[-79.870076698907809,-6.790924901819006,0.0],[-79.870197838285364,-6.790876669358036,0.0],[-79.870544091662964,-6.790826523657274,0.0],[-79.870639678309445,-6.790815510577117,0.0],[-79.870811065477071,-6.790795024367449,0.0],[-79.870869881362822,-6.790787993986512,0.0],[-79.870892140519658,-6.790785333302828,0.0],[-79.870928697715271,-6.790780001190045,0.0],[-79.871482110473778,-6.790699281858575,0.0],[-79.871482038317836,-6.790448052466431,0.0],[-79.87143668281162,-6.790447775659747,0.0],[-79.871000915901334,-6.790445115938841,0.0],[-79.870779795184262,-6.790442764453785,0.0],[-79.87074577334144,-6.790437583549419,0.0],[-79.870712539027892,-6.790428652489298,0.0],[-79.870680504619784,-6.790416082091479,0.0],[-79.870661488446416,-6.790406564084765,0.0],[-79.870597317792445,-6.790367237168621,0.0],[-79.870597756561608,-6.790295423939384,0.0],[-79.870418654238975,-6.79017500477923,0.0],[-79.870375054707807,-6.790148603132857,0.0],[-79.870322681808602,-6.790129141815563,0.0],[-79.870267204108728,-6.790122496053455,0.0],[-79.870136670233435,-6.790115867026727,0.0],[-79.869753039816914,-6.790113524556278,0.0],[-79.869758931799083,-6.789149420485835,0.0],[-79.869759071509677,-6.78912655898695,0.0],[-79.871481660233286,-6.789132874958976,0.0],[-79.871481544397966,-6.788730347860932,0.0],[-79.871427237775336,-6.788666360239604,0.0],[-79.871400941961369,-6.788635376781196,0.0],[-79.871367538273446,-6.788617118997402,0.0],[-79.871320722240796,-6.78859698831206,0.0],[-79.871313146648646,-6.788606658654825,0.0],[-79.871283372442491,-6.788689227368687,0.0],[-79.871297509168258,-6.788884080524346,0.0],[-79.871269932562598,-6.788965168780694,0.0],[-79.871017499674124,-6.789040755329268,0.0],[-79.870949523848637,-6.789040597029932,0.0],[-79.870803085515888,-6.788973513984198,0.0],[-79.870655384086717,-6.788821679076211,0.0],[-79.870556615471813,-6.788718519626666,0.0],[-79.870527702043887,-6.788691768691462,0.0],[-79.870432316792304,-6.78868232079784,0.0],[-79.870402842443696,-6.788672900958912,0.0],[-79.870319810145674,-6.788646364284272,0.0],[-79.870249076352366,-6.788620060967836,0.0],[-79.870146704943849,-6.788581314401876,0.0],[-79.870080919072905,-6.788557141025139,0.0],[-79.869992995682836,-6.788469103860947,0.0],[-79.869956433634812,-6.78843249448846,0.0],[-79.8698603352329,-6.788370790429339,0.0],[-79.869839338247544,-6.788302778560623,0.0],[-79.869736603822716,-6.788108779813188,0.0],[-79.869728459987897,-6.788107652272647,0.0],[-79.869600869172174,-6.788123751146743,0.0],[-79.8695329941648,-6.788132315316136,0.0],[-79.869465125038346,-6.788148629330889,0.0],[-79.869350657908242,-6.788172768828483,0.0],[-79.869285858068295,-6.78818834503688,0.0],[-79.869214864714948,-6.788248864271741,0.0],[-79.86918114512352,-6.788277608979158,0.0],[-79.869126976600128,-6.788299389975613,0.0],[-79.869079102571192,-6.78829250470637,0.0],[-79.868992483277083,-6.788275002298491,0.0],[-79.868921161309828,-6.788264645237263,0.0],[-79.86884519218232,-6.788245042975903,0.0],[-79.868724939373081,-6.78811760070212,0.0],[-79.868633496362804,-6.788065320497795,0.0],[-79.868590592208918,-6.787978536662309,0.0],[-79.868587678556167,-6.787967567376754,0.0],[-79.868579588076855,-6.787958445152951,0.0],[-79.868567733706314,-6.787916614041464,0.0],[-79.868545215162655,-6.78788010562247,0.0],[-79.868508761340067,-6.787823852556756,0.0],[-79.868481405724879,-6.787782472948527,0.0],[-79.868420464378971,-6.787726954500967,0.0],[-79.868376526460537,-6.78768918765029,0.0],[-79.868330601593343,-6.787647514052392,0.0],[-79.868283116567625,-6.787599849059458,0.0],[-79.868235631423218,-6.787552184336684,0.0],[-79.868181124592553,-6.787317160069512,0.0],[-79.867892727638207,-6.787207354940797,0.0]]]]}},
{"type":"Feature","properties":{"Layer":"TG_HAB_URB","Color":5,"ESTADO":"APROBADOS POR LA MPCH CON RESOLUCION","COD_HAB_UR":"0374","ID_COD_URB":"1401010374","TIPO_HAB_U":"H.U.","NOMB_HAB_U":"H.U. CAMPO REAL - I ETAPA"},"geometry":{"type":"MultiPolygon","coordinates":[[[[-79.865067752774166,-6.792711923023085,0.0],[-79.865086109238504,-6.792791393445218,0.0],[-79.865122057114604,-6.792955086529332,0.0],[-79.865135830994603,-6.793017807570818,0.0],[-79.865149604876905,-6.793080528612346,0.0],[-79.86516337876148,-6.793143249653932,0.0],[-79.865177152648343,-6.793205970695513,0.0],[-79.865190926537494,-6.793268691737167,0.0],[-79.865204700428933,-6.793331412778899,0.0],[-79.865218474322631,-6.793394133820607,0.0],[-79.865232248218632,-6.793456854862422,0.0],[-79.865246022116921,-6.79351957590423,0.0],[-79.865259796017483,-6.793582296946082,0.0],[-79.865273569920348,-6.79364501798801,0.0],[-79.865287343825472,-6.793707739029946,0.0],[-79.865301117732898,-6.793770460071922,0.0],[-79.865314891642598,-6.793833181113976,0.0],[-79.865328665554586,-6.793895902156056,0.0],[-79.865342439468861,-6.793958623198177,0.0],[-79.865356213385425,-6.794021344240342,0.0],[-79.865369987304263,-6.794084065282533,0.0],[-79.865383761225388,-6.794146786324798,0.0],[-79.865397535148801,-6.794209507367072,0.0],[-79.865411309074503,-6.794272228409405,0.0],[-79.865422875795332,-6.794324898700523,0.0],[-79.865427798988563,-6.794347316981266,0.0],[-79.865564630314609,-6.794346090874892,0.0],[-79.865677334331934,-6.794368403605599,0.0],[-79.865751556504378,-6.794362384429145,0.0],[-79.865827912624212,-6.794361891731081,0.0],[-79.865904116463952,-6.794363943043995,0.0],[-79.865977466903217,-6.794356877724602,0.0],[-79.866049318668431,-6.794350101627402,0.0],[-79.866122133614624,-6.794349601779424,0.0],[-79.866195150608718,-6.79434899539427,0.0],[-79.866267520739271,-6.794339184178315,0.0],[-79.866338982395874,-6.794327268934125,0.0],[-79.866411311488406,-6.794327442030498,0.0],[-79.866484471574992,-6.794326005094526,0.0],[-79.86655591049788,-6.794321985614541,0.0],[-79.866671492409409,-6.79431462902488,0.0],[-79.86684951181519,-6.794301036118854,0.0],[-79.86652372214634,-6.793386869179279,0.0],[-79.866532067791525,-6.793363059658594,0.0],[-79.866780783825533,-6.793274116327553,0.0],[-79.866995250890525,-6.793250475002405,0.0],[-79.867339588458648,-6.793211761861252,0.0],[-79.867557808119884,-6.793006943410529,0.0],[-79.867597343736875,-6.792953249275961,0.0],[-79.867643186846252,-6.792912203861836,0.0],[-79.867668744540254,-6.792889320894277,0.0],[-79.867968080359049,-6.792693006196055,0.0],[-79.867967977107114,-6.79268492395491,0.0],[-79.867879660261011,-6.792527794236078,0.0],[-79.867850135507766,-6.792496381278124,0.0],[-79.867835727474088,-6.792485465495666,0.0],[-79.867818159942743,-6.792476052731433,0.0],[-79.867795221054607,-6.79246990417175,0.0],[-79.867768955241971,-6.792466822000062,0.0],[-79.867750533339034,-6.792466407234727,0.0],[-79.867727169616714,-6.792468975494013,0.0],[-79.867501308437966,-6.792490491267041,0.0],[-79.867433883028085,-6.792498161903096,0.0],[-79.867366457617607,-6.792505832529407,0.0],[-79.867299032206532,-6.79251350314598,0.0],[-79.867231606794846,-6.79252117375281,0.0],[-79.867164181382563,-6.7925288443499,0.0],[-79.867091631638274,-6.792537097901499,0.0],[-79.867080559644222,-6.792503567299895,0.0],[-79.867068003741835,-6.792441470350551,0.0],[-79.867054215374935,-6.792374862983563,0.0],[-79.867044165264772,-6.792323206411631,0.0],[-79.867037981061628,-6.792291421092582,0.0],[-79.867030911677176,-6.792255085012305,0.0],[-79.867030377096938,-6.792252337311753,0.0],[-79.867007713128544,-6.792135848665771,0.0],[-79.866981212483637,-6.792035604328182,0.0],[-79.866957062152139,-6.791901707493296,0.0],[-79.86693120115109,-6.791904366955141,0.0],[-79.86688244739986,-6.791909380629614,0.0],[-79.866805942526682,-6.791917248127472,0.0],[-79.866729437653021,-6.791925115612838,0.0],[-79.866652932778862,-6.791932983085655,0.0],[-79.866576427904178,-6.791940850546045,0.0],[-79.866459233183804,-6.791952902365695,0.0],[-79.86640258668622,-6.791626391921336,0.0],[-79.866156726057582,-6.791646777722083,0.0],[-79.866093777924135,-6.791653778074933,0.0],[-79.866003777718205,-6.791661868783559,0.0],[-79.865937499107716,-6.791668337701007,0.0],[-79.865730325349205,-6.791674310108833,0.0],[-79.865673059589071,-6.791678970701588,0.0],[-79.865645380881389,-6.791669879169663,0.0],[-79.865613901522451,-6.791721453874619,0.0],[-79.865562064238873,-6.79180638227393,0.0],[-79.865529078480037,-6.791860428598445,0.0],[-79.865496049809266,-6.791914448732635,0.0],[-79.86546407514814,-6.791969098817199,0.0],[-79.865252350673899,-6.792317267919496,0.0],[-79.865120489656491,-6.79253519620925,0.0],[-79.865083029116647,-6.792597107644681,0.0],[-79.865052349385593,-6.79264523730342,0.0],[-79.865067752774166,-6.792711923023085,0.0]]]]}},
{"type":"Feature","properties":{"Layer":"TG_HAB_URB","Color":5,"ESTADO":"APROBADOS POR LA MPCH CON RESOLUCION","COD_HAB_UR":"0399","ID_COD_URB":"1401010399","TIPO_HAB_U":"H.U.","NOMB_HAB_U":"H.U. SAN JOSÉ"},"geometry":{"type":"MultiPolygon","coordinates":[[[[-79.864513540977086,-6.793581757255692,0.0],[-79.864462450567871,-6.79366185154831,0.0],[-79.864365174772161,-6.793814350440782,0.0],[-79.864368608179234,-6.793835757746476,0.0],[-79.864377205102514,-6.793889359590702,0.0],[-79.864385802026746,-6.793942961434978,0.0],[-79.86439439895193,-6.793996563279298,0.0],[-79.864402990318098,-6.794050165752378,0.0],[-79.864411581685218,-6.794103768225474,0.0],[-79.864420173053276,-6.794157370698651,0.0],[-79.864428764422257,-6.794210973171857,0.0],[-79.864429970143021,-6.794218349659422,0.0],[-79.864431505507397,-6.794265237162611,0.0],[-79.864435945546361,-6.794400828729446,0.0],[-79.864510660005124,-6.794397381339983,0.0],[-79.864578424384817,-6.794394121687742,0.0],[-79.864646219092435,-6.794391126497189,0.0],[-79.864714631965953,-6.794397262812613,0.0],[-79.864839708363746,-6.794384128041047,0.0],[-79.86490799328898,-6.794377506417577,0.0],[-79.864976222524504,-6.794370535181534,0.0],[-79.865238324032561,-6.794343755197768,0.0],[-79.865422875795332,-6.794324898700523,0.0],[-79.865411309074503,-6.794272228409405,0.0],[-79.865397535148801,-6.794209507367072,0.0],[-79.865383761225388,-6.794146786324798,0.0],[-79.865379113418072,-6.794125622031722,0.0],[-79.865369987304263,-6.794084065282533,0.0],[-79.865356213385425,-6.794021344240342,0.0],[-79.865349577648928,-6.793991127686541,0.0],[-79.865335414694655,-6.793926635113182,0.0],[-79.865328665554586,-6.793895902156056,0.0],[-79.865314891642598,-6.793833181113976,0.0],[-79.865301117732898,-6.793770460071922,0.0],[-79.865300513581317,-6.793767708999769,0.0],[-79.865288962909815,-6.793715111713731,0.0],[-79.865287343825472,-6.793707739029946,0.0],[-79.865277412239891,-6.793662514427706,0.0],[-79.865273569920348,-6.79364501798801,0.0],[-79.865265861571601,-6.793609917141728,0.0],[-79.865259796017483,-6.793582296946082,0.0],[-79.865254310904902,-6.79355731985578,0.0],[-79.865246022116921,-6.79351957590423,0.0],[-79.865242760239823,-6.793504722569861,0.0],[-79.865232248218632,-6.793456854862422,0.0],[-79.865231209576351,-6.793452125283972,0.0],[-79.865219658914484,-6.793399527998097,0.0],[-79.865218474322631,-6.793394133820607,0.0],[-79.865208108254194,-6.793346930712267,0.0],[-79.865204700428933,-6.793331412778899,0.0],[-79.865196557595539,-6.793294333426451,0.0],[-79.865190926537494,-6.793268691737167,0.0],[-79.865185006938489,-6.793241736140683,0.0],[-79.865177152648343,-6.793205970695513,0.0],[-79.865173456283046,-6.793189138854943,0.0],[-79.86516337876148,-6.793143249653932,0.0],[-79.865161905629208,-6.793136541569233,0.0],[-79.865150354976961,-6.793083944283553,0.0],[-79.865149604876905,-6.793080528612346,0.0],[-79.865138804326349,-6.793031346997903,0.0],[-79.865135830994603,-6.793017807570818,0.0],[-79.865127253677315,-6.792978749712282,0.0],[-79.865122057114604,-6.792955086529332,0.0],[-79.8651157030299,-6.792926152426693,0.0],[-79.865086109238504,-6.792791393445218,0.0],[-79.865067752774166,-6.792711923023085,0.0],[-79.86502567469816,-6.792776128340507,0.0],[-79.864928183996923,-6.792924884378051,0.0],[-79.864513540977086,-6.793581757255692,0.0]]]]}},
{"type":"Feature","properties":{"Layer":"TG_HAB_URB","Color":5,"ESTADO":"APROBADOS POR LA MPCH CON RESOLUCION","COD_HAB_UR":"0018","ID_COD_URB":"1401010018","TIPO_HAB_U":"URB.","NOMB_HAB_U":"URB. EL PARAÍSO"},"geometry":{"type":"MultiPolygon","coordinates":[[[[-79.866766507249764,-6.776711828514913,0.0],[-79.866955897773664,-6.778416365257771,0.0],[-79.869484751972394,-6.779991004416211,0.0],[-79.871378289555963,-6.776938876690539,0.0],[-79.870007551611963,-6.77610483433868,0.0],[-79.867635457479267,-6.776376425036243,0.0],[-79.867593054796217,-6.775973168386402,0.0],[-79.866698736910863,-6.776101886831928,0.0],[-79.866766507249764,-6.776711828514913,0.0]]]]}},
{"type":"Feature","properties":{"Layer":"TG_HAB_URB","Color":5,"ESTADO":"APROBADOS POR LA MPCH CON RESOLUCION","COD_HAB_UR":"0056","ID_COD_URB":"1401010056","TIPO_HAB_U":"URB.","NOMB_HAB_U":"URB. LA PRIMAVERA II ETAPA"},"geometry":{"type":"MultiPolygon","coordinates":[[[[-79.851586178387763,-6.763689997166967,0.0],[-79.850927913338666,-6.764310634274072,0.0],[-79.852871179193713,-6.765401858823756,0.0],[-79.853281910132779,-6.765140566738229,0.0],[-79.856603839236428,-6.764853766020959,0.0],[-79.856588048583376,-6.764638168017568,0.0],[-79.856582828858336,-6.764566909101914,0.0],[-79.856582763427738,-6.764566007043399,0.0],[-79.856578138916376,-6.764502866190945,0.0],[-79.856577478271873,-6.764493846069161,0.0],[-79.856572589502505,-6.764427097168022,0.0],[-79.856572193115795,-6.764421685094968,0.0],[-79.856570944497633,-6.76440463706481,0.0],[-79.856586547712098,-6.764367633509233,0.0],[-79.856599058395545,-6.764337963991014,0.0],[-79.856607281709003,-6.764318462116335,0.0],[-79.856627172283766,-6.764271290913817,0.0],[-79.856628015701048,-6.764269290721754,0.0],[-79.856649276822637,-6.764218869204903,0.0],[-79.856655286163729,-6.764204617833806,0.0],[-79.856670537940602,-6.764168447686892,0.0],[-79.856681080641465,-6.764143445280472,0.0],[-79.856683400035465,-6.764137944751001,0.0],[-79.856691623341035,-6.764118442873601,0.0],[-79.85671151389748,-6.764071271664824,0.0],[-79.856712708736424,-6.764068438058565,0.0],[-79.856733969838317,-6.764018016534976,0.0],[-79.856739627750514,-6.764004598575548,0.0],[-79.856755582358133,-6.763966761595928,0.0],[-79.856767741594581,-6.763937925483138,0.0],[-79.856776667609878,-6.763916757079919,0.0],[-79.856787407093677,-6.763891248687806,0.0],[-79.8567958528471,-6.763871251299458,0.0],[-79.856797752986608,-6.763866752253796,0.0],[-79.856823969255316,-6.763804579288851,0.0],[-79.856839923698345,-6.763766742658082,0.0],[-79.85685208307244,-6.763737906187178,0.0],[-79.856861887615224,-6.76371465429644,0.0],[-79.856880196881036,-6.763671233082556,0.0],[-79.856882797258564,-6.763665066174259,0.0],[-79.856903706896944,-6.763615478050345,0.0],[-79.856908310680211,-6.763604559974667,0.0],[-79.856924792241529,-6.763565473217791,0.0],[-79.856936424470433,-6.76353788686366,0.0],[-79.856769681760369,-6.76346762764741,0.0],[-79.85665278595414,-6.763424745377716,0.0],[-79.856486328973006,-6.763353812490226,0.0],[-79.856419746196352,-6.763325439321534,0.0],[-79.856353163428736,-6.763297066144951,0.0],[-79.85628658067013,-6.763268692960581,0.0],[-79.856219997920562,-6.763240319768357,0.0],[-79.856153415180017,-6.763211946568295,0.0],[-79.856086832448497,-6.763183573360413,0.0],[-79.856020249726001,-6.763155200144658,0.0],[-79.855953667012542,-6.763126826921082,0.0],[-79.855887084308108,-6.763098453689669,0.0],[-79.855820501612698,-6.763070080450419,0.0],[-79.855753918926311,-6.763041707203332,0.0],[-79.855687336248948,-6.763013333948407,0.0],[-79.855612430747726,-6.762981414027234,0.0],[-79.855537525257915,-6.762949494096159,0.0],[-79.85546261977953,-6.762917574155166,0.0],[-79.855379391483609,-6.762882107542432,0.0],[-79.855354422997578,-6.762871467556228,0.0],[-79.855333615926867,-6.76286260090021,0.0],[-79.855285044834787,-6.762867872323598,0.0],[-79.855204093014095,-6.76287665801807,0.0],[-79.855114146545873,-6.76288641988445,0.0],[-79.855033194723745,-6.76289520554944,0.0],[-79.854950199300873,-6.762904212990918,0.0],[-79.854878242124457,-6.762912022446494,0.0],[-79.8548062849475,-6.762919831890988,0.0],[-79.854734327770004,-6.762927641324479,0.0],[-79.854662370591967,-6.762935450746904,0.0],[-79.854590413413391,-6.762943260158326,0.0],[-79.854477931929537,-6.762958347944219,0.0],[-79.854405937708947,-6.762965808392691,0.0],[-79.854333943487916,-6.762973268830185,0.0],[-79.854261949266458,-6.762980729256603,0.0],[-79.854189955044546,-6.76298818967201,0.0],[-79.854117960822222,-6.762995650076372,0.0],[-79.854045966599458,-6.763003110469739,0.0],[-79.853973972376266,-6.763010570852059,0.0],[-79.853901978152635,-6.763018031223337,0.0],[-79.853829983928577,-6.763025491583583,0.0],[-79.853757989704079,-6.763032951932837,0.0],[-79.853685995479168,-6.763040412271028,0.0],[-79.853614001253817,-6.763047872598225,0.0],[-79.853542007028011,-6.763055332914377,0.0],[-79.853470012801793,-6.763062793219484,0.0],[-79.853398018575149,-6.763070253513593,0.0],[-79.853326024348064,-6.763077713796661,0.0],[-79.853254030120553,-6.763085174068664,0.0],[-79.853182035892601,-6.76309263432969,0.0],[-79.853110041664223,-6.763100094579687,0.0],[-79.853038047435419,-6.763107554818639,0.0],[-79.852966053206188,-6.763115015046562,0.0],[-79.852894058976517,-6.763122475263456,0.0],[-79.85282206474642,-6.763129935469322,0.0],[-79.852750070515881,-6.763137395664125,0.0],[-79.852678076284917,-6.763144855847966,0.0],[-79.852606082053541,-6.763152316020745,0.0],[-79.852534087821709,-6.763159776182477,0.0],[-79.852462093589466,-6.7631672363332,0.0],[-79.852390099356782,-6.763174696472874,0.0],[-79.852318105123672,-6.763182156601555,0.0],[-79.852246110890121,-6.76318961671919,0.0],[-79.852192115214677,-6.763195211800181,0.0],[-79.852174116656144,-6.763197076825795,0.0],[-79.852057744377603,-6.763209135401456,0.0],[-79.851586178387763,-6.763689997166967,0.0]]]]}},
{"type":"Feature","properties":{"Layer":"TG_HAB_URB","Color":5,"ESTADO":"APROBADOS POR LA MPCH CON RESOLUCION","COD_HAB_UR":"0082","ID_COD_URB":"1401010082","TIPO_HAB_U":"URB.","NOMB_HAB_U":"URB. BANCARIOS"},"geometry":{"type":"MultiPolygon","coordinates":[[[[-79.857333206676103,-6.768077189375509,0.0],[-79.856669007073918,-6.768830732676127,0.0],[-79.856791672600821,-6.768944079276281,0.0],[-79.856897977950098,-6.769042308524025,0.0],[-79.856988552351851,-6.769033631640826,0.0],[-79.857079131590424,-6.769024954281078,0.0],[-79.857116180857219,-6.769021596847328,0.0],[-79.857109649908736,-6.768949466321636,0.0],[-79.857643516479172,-6.768903723554761,0.0],[-79.857752169730091,-6.769879393960056,0.0],[-79.858667788772848,-6.769790773013502,0.0],[-79.860041373152171,-6.769611600225337,0.0],[-79.859757912057546,-6.766752464423274,0.0],[-79.859445877672613,-6.766820746798329,0.0],[-79.859309669064601,-6.766850553022176,0.0],[-79.85926441359311,-6.766860456478284,0.0],[-79.859204637782184,-6.766681495330222,0.0],[-79.859143819664396,-6.766499412861074,0.0],[-79.859081952932954,-6.766503688932858,0.0],[-79.859018760277181,-6.766508056888364,0.0],[-79.858955567636812,-6.766512425739798,0.0],[-79.858892374981494,-6.766516793678514,0.0],[-79.858829182730815,-6.766521161566701,0.0],[-79.858738004810434,-6.766527464102925,0.0],[-79.858157472181261,-6.766536418639726,0.0],[-79.857333206676103,-6.768077189375509,0.0]]]]}},
{"type":"Feature","properties":{"Layer":"TG_HAB_URB","Color":5,"ESTADO":"APROBADOS POR LA MPCH CON RESOLUCION","COD_HAB_UR":"0054","ID_COD_URB":"1401010054","TIPO_HAB_U":"URB.","NOMB_HAB_U":"URB. LA PRIMAVERA IV ETAPA"},"geometry":{"type":"MultiPolygon","coordinates":[[[[-79.853928689695422,-6.761301293399276,0.0],[-79.852057744377618,-6.763209135401456,0.0],[-79.852174116656144,-6.763197076825795,0.0],[-79.852192115214677,-6.763195211800181,0.0],[-79.852246110890121,-6.76318961671919,0.0],[-79.852318105123672,-6.763182156601555,0.0],[-79.852390099356782,-6.763174696472874,0.0],[-79.852462093589466,-6.7631672363332,0.0],[-79.852534087821709,-6.763159776182477,0.0],[-79.852606082053541,-6.763152316020745,0.0],[-79.852678076284917,-6.763144855847966,0.0],[-79.852750070515881,-6.763137395664125,0.0],[-79.85282206474642,-6.763129935469322,0.0],[-79.852894058976517,-6.763122475263456,0.0],[-79.852966053206188,-6.763115015046562,0.0],[-79.853038047435419,-6.763107554818639,0.0],[-79.853110041664223,-6.763100094579687,0.0],[-79.853182035892601,-6.76309263432969,0.0],[-79.853254030120553,-6.763085174068664,0.0],[-79.853326024348064,-6.763077713796661,0.0],[-79.853398018575149,-6.763070253513593,0.0],[-79.853470012801793,-6.763062793219484,0.0],[-79.853542007028011,-6.763055332914377,0.0],[-79.853614001253817,-6.763047872598225,0.0],[-79.853685995479168,-6.763040412271028,0.0],[-79.853757989704079,-6.763032951932837,0.0],[-79.853829983928577,-6.763025491583583,0.0],[-79.853901978152635,-6.763018031223337,0.0],[-79.853973972376266,-6.763010570852059,0.0],[-79.854045966599458,-6.763003110469739,0.0],[-79.854117960822222,-6.762995650076372,0.0],[-79.854189955044546,-6.76298818967201,0.0],[-79.854261949266458,-6.762980729256603,0.0],[-79.854333943487916,-6.762973268830185,0.0],[-79.854405937708947,-6.762965808392691,0.0],[-79.854477931929537,-6.762958347944219,0.0],[-79.854590413413391,-6.762943260158326,0.0],[-79.854662370591967,-6.762935450746904,0.0],[-79.854734327770004,-6.762927641324479,0.0],[-79.8548062849475,-6.762919831890988,0.0],[-79.854878242124457,-6.762912022446494,0.0],[-79.854950199300873,-6.762904212990918,0.0],[-79.855033194723745,-6.76289520554944,0.0],[-79.855114146545873,-6.76288641988445,0.0],[-79.855204093014095,-6.76287665801807,0.0],[-79.855285044834787,-6.762867872323598,0.0],[-79.855333615926867,-6.76286260090021,0.0],[-79.855354422997578,-6.762871467556228,0.0],[-79.855425381630369,-6.76270507059839,0.0],[-79.855398938500642,-6.762693802213117,0.0],[-79.855460429354864,-6.76249711413838,0.0],[-79.855487417294995,-6.762410788940321,0.0],[-79.855514405223403,-6.76232446373892,0.0],[-79.855541393139774,-6.762238138534061,0.0],[-79.855574184567843,-6.762143922604793,0.0],[-79.855599804283429,-6.762064861000448,0.0],[-79.855605887136932,-6.762045321775633,0.0],[-79.855621317447529,-6.76199575658352,0.0],[-79.855627394155249,-6.761976235630422,0.0],[-79.855642824806367,-6.76192667078758,0.0],[-79.85564889736149,-6.7619071638575,0.0],[-79.855664335056417,-6.761857575677906,0.0],[-79.855670405187922,-6.761838077959561,0.0],[-79.8556919122164,-6.761768991840379,0.0],[-79.855713419632437,-6.761699905828595,0.0],[-79.855734927040871,-6.761630819814625,0.0],[-79.855756434441702,-6.761561733798467,0.0],[-79.855777942230119,-6.761492647889709,0.0],[-79.855799449220555,-6.761423561759688,0.0],[-79.855820956993753,-6.761354475846573,0.0],[-79.855842463968997,-6.761285389712212,0.0],[-79.855863971331814,-6.761216303685234,0.0],[-79.855879235726178,-6.761166561584029,0.0],[-79.855801979950925,-6.761141373434501,0.0],[-79.855728289693459,-6.761117347756229,0.0],[-79.855707204976966,-6.761110473376824,0.0],[-79.855562684285772,-6.761146051800752,0.0],[-79.855490566097288,-6.76115219745599,0.0],[-79.855427462627659,-6.761157574900001,0.0],[-79.855355537645096,-6.761165703718597,0.0],[-79.855346507320846,-6.761166553057355,0.0],[-79.855283475274589,-6.761172481478556,0.0],[-79.855274445815212,-6.761173330735386,0.0],[-79.85521141092822,-6.761179259452255,0.0],[-79.855201515759859,-6.761180252583299,0.0],[-79.855139389481849,-6.761186487897938,0.0],[-79.855128591103764,-6.761187503560385,0.0],[-79.855067329681418,-6.761193265617883,0.0],[-79.85505608587772,-6.76119439405437,0.0],[-79.854995299251698,-6.761200494640594,0.0],[-79.85498405335035,-6.761201481516156,0.0],[-79.854923197309517,-6.761206827647724,0.0],[-79.854911946934436,-6.761207832156733,0.0],[-79.854851051489462,-6.761213145250425,0.0],[-79.854839722643575,-6.761212577911775,0.0],[-79.85477875378011,-6.761209524640245,0.0],[-79.854767359107854,-6.761210884791991,0.0],[-79.854706890337312,-6.761218102829518,0.0],[-79.854695489915059,-6.761219463624236,0.0],[-79.854635000431244,-6.761226683812873,0.0],[-79.854623619580352,-6.761228042262497,0.0],[-79.85456313120072,-6.761235262317114,0.0],[-79.854551301167021,-6.761236674380729,0.0],[-79.854491261969429,-6.761243840810647,0.0],[-79.854478982752383,-6.761245306487913,0.0],[-79.85441939273737,-6.761252419293002,0.0],[-79.854407113520637,-6.761253884968331,0.0],[-79.854347523504529,-6.76126099776411,0.0],[-79.854335244285082,-6.761262463438119,0.0],[-79.854275654270936,-6.761269576224612,0.0],[-79.854263375048745,-6.761271041896811,0.0],[-79.85420378503656,-6.761278154673835,0.0],[-79.854131915801418,-6.761286733112047,0.0],[-79.854060046565493,-6.761295311538977,0.0],[-79.854041978926276,-6.761294318309908,0.0],[-79.853928689695422,-6.761301293399276,0.0]]]]}},
{"type":"Feature","properties":{"Layer":"TG_HAB_URB","Color":5,"ESTADO":"APROBADOS POR LA MPCH CON RESOLUCION","COD_HAB_UR":"0100","ID_COD_URB":"1401010100","TIPO_HAB_U":"H.U.","NOMB_HAB_U":"H.U. CIUDAD DEL CHOFER"},"geometry":{"type":"MultiPolygon","coordinates":[[[[-79.866362180420921,-6.760716854362839,0.0],[-79.866649280136059,-6.763663288391331,0.0],[-79.866610591279837,-6.763667131111484,0.0],[-79.866737288996688,-6.764916981158073,0.0],[-79.86688170004193,-6.766353370362983,0.0],[-79.866707242978407,-6.766365333244435,0.0],[-79.866934804014122,-6.76661078579769,0.0],[-79.866989003936027,-6.766571493964718,0.0],[-79.867008047150023,-6.766557688724212,0.0],[-79.86704759843694,-6.766529016298899,0.0],[-79.867081290270704,-6.766504591636907,0.0],[-79.867106192928176,-6.766486538624191,0.0],[-79.867164787409735,-6.766444060940678,0.0],[-79.867223381881573,-6.766401583248294,0.0],[-79.867227776466763,-6.766398397420953,0.0],[-79.867301019542069,-6.766345300292219,0.0],[-79.867374262602212,-6.766292203149675,0.0],[-79.867447505647277,-6.766239105993388,0.0],[-79.867520748677194,-6.76618600882321,0.0],[-79.867593991691919,-6.766132911639256,0.0],[-79.86777966481695,-6.765998308657172,0.0],[-79.867856082948322,-6.765950477328331,0.0],[-79.86794965296788,-6.765886977846296,0.0],[-79.868084393755922,-6.765795538553064,0.0],[-79.868048796021384,-6.765773918565341,0.0],[-79.870663246527428,-6.763866844931774,0.0],[-79.871565217960253,-6.763697825232706,0.0],[-79.871421176220949,-6.763322767217525,0.0],[-79.871396349179307,-6.763144340108609,0.0],[-79.871494606450284,-6.763135108571923,0.0],[-79.871547662744504,-6.76313012378085,0.0],[-79.87160170990235,-6.763125045889148,0.0],[-79.871658459419677,-6.76311971409607,0.0],[-79.871710524848936,-6.76311482238156,0.0],[-79.871764932321582,-6.763109710618359,0.0],[-79.871782944970491,-6.763108018268635,0.0],[-79.871820240580064,-6.763104514216901,0.0],[-79.871855007847898,-6.76310124770898,0.0],[-79.871874287738038,-6.76309943629392,0.0],[-79.87192833489587,-6.763094358364745,0.0],[-79.871982111817772,-6.763089305819064,0.0],[-79.871999133601946,-6.763087706556627,0.0],[-79.872035618503759,-6.763084278656969,0.0],[-79.872071196478586,-6.763080935963929,0.0],[-79.872089665661164,-6.763079200709311,0.0],[-79.872143259354985,-6.763074165360222,0.0],[-79.8721990210759,-6.763068926309557,0.0],[-79.872215322231114,-6.763067394745507,0.0],[-79.872252437682718,-6.763063907586145,0.0],[-79.872287385107015,-6.763060624119782,0.0],[-79.872306935232544,-6.763058787297162,0.0],[-79.872359447982646,-6.763053853483051,0.0],[-79.872414669231418,-6.763048665186748,0.0],[-79.872431510858036,-6.763047082835342,0.0],[-79.872469437016591,-6.763043519489041,0.0],[-79.872503573733184,-6.763040312176576,0.0],[-79.872523754408647,-6.763038416101666,0.0],[-79.872575636608062,-6.7630335415068,0.0],[-79.87259634863382,-6.763211087503457,0.0],[-79.872667304728537,-6.763204420814248,0.0],[-79.87275783374831,-6.763195915132777,0.0],[-79.872812830120225,-6.763190747923486,0.0],[-79.876604783392295,-6.764869010298895,0.0],[-79.876912421600849,-6.764985949347129,0.0],[-79.876846496867984,-6.764863028821141,0.0],[-79.87658098244097,-6.763585981606005,0.0],[-79.87649355646306,-6.762860088598133,0.0],[-79.876402092501408,-6.762869619773128,0.0],[-79.876354082391913,-6.762886799537968,0.0],[-79.876223335519597,-6.762881525789318,0.0],[-79.876175379774253,-6.762797043193465,0.0],[-79.876146793613842,-6.762746683561348,0.0],[-79.876119994093301,-6.762699471405529,0.0],[-79.87609319457745,-6.762652259248986,0.0],[-79.876066395066275,-6.762605047091739,0.0],[-79.876039595559803,-6.762557834933768,0.0],[-79.87601279405672,-6.762510619929641,0.0],[-79.875984999289741,-6.762463943355347,0.0],[-79.875957202759153,-6.762417263810446,0.0],[-79.875947518743189,-6.762400423925008,0.0],[-79.875931037367764,-6.762371763862879,0.0],[-79.875903969726195,-6.762324694950959,0.0],[-79.875876902089317,-6.762277626038276,0.0],[-79.875874298522888,-6.762273098600067,0.0],[-79.875852041558588,-6.762229487429709,0.0],[-79.875850706699609,-6.762226871854333,0.0],[-79.875764507114283,-6.762052449257406,0.0],[-79.875710090486763,-6.761955113888045,0.0],[-79.875617178628801,-6.761804010988453,0.0],[-79.875591769092836,-6.76180696130355,0.0],[-79.875545002272702,-6.761812391420944,0.0],[-79.875498235452255,-6.761817821533655,0.0],[-79.875444273735965,-6.76182408704254,0.0],[-79.875386264890494,-6.761830822457663,0.0],[-79.875332303173352,-6.761837087953634,0.0],[-79.875278341455797,-6.761843353443404,0.0],[-79.875224379706225,-6.761849618519423,0.0],[-79.875170418019437,-6.7618558844043,0.0],[-79.875116431844688,-6.761861820665294,0.0],[-79.875023172775613,-6.761864496124613,0.0],[-79.874932629991946,-6.761867093640667,0.0],[-79.874676851208278,-6.761874431400527,0.0],[-79.874588571504546,-6.761877016579496,0.0],[-79.87457940074124,-6.761877285134806,0.0],[-79.874540360901804,-6.761878428369887,0.0],[-79.874492059556587,-6.761879842812711,0.0],[-79.874449149140432,-6.761881099385076,0.0],[-79.874389203034553,-6.761882854817737,0.0],[-79.874353264255546,-6.761883907227928,0.0],[-79.874308036959775,-6.761885231633826,0.0],[-79.874280483142144,-6.761886038499315,0.0],[-79.874244254217544,-6.761887099397806,0.0],[-79.874203496677737,-6.761888292905352,0.0],[-79.87417597325863,-6.76188909887473,0.0],[-79.874101708193265,-6.76189127357377,0.0],[-79.874016545455476,-6.761892545557909,0.0],[-79.873970784196118,-6.761893504624883,0.0],[-79.87394314929837,-6.761894083796501,0.0],[-79.873925228196711,-6.76189445938571,0.0],[-79.873883238073148,-6.761895339409299,0.0],[-79.873843446059865,-6.761896172950092,0.0],[-79.873829790635341,-6.761896459548484,0.0],[-79.873808892035385,-6.761896896602702,0.0],[-79.873757241092733,-6.761897980015752,0.0],[-79.873733196857273,-6.761898481778283,0.0],[-79.873748267550781,-6.761681115132371,0.0],[-79.872113950778697,-6.761800764636789,0.0],[-79.872055147572453,-6.759949705446575,0.0],[-79.871896135613298,-6.760007347549241,0.0],[-79.871825827665532,-6.760032402699868,0.0],[-79.871755364977915,-6.760057019631627,0.0],[-79.871598087429931,-6.76011557439621,0.0],[-79.87146593318181,-6.760145643958092,0.0],[-79.871290311283317,-6.760208705236087,0.0],[-79.87111467209877,-6.760271772636797,0.0],[-79.870994104881902,-6.760334667403348,0.0],[-79.870806675546703,-6.760396063344265,0.0],[-79.870818034567861,-6.760467521272662,0.0],[-79.870857911833639,-6.760592395031333,0.0],[-79.870630983511631,-6.76075037037323,0.0],[-79.870639335242302,-6.760793730323089,0.0],[-79.870685623866393,-6.761034048386962,0.0],[-79.869646867711722,-6.761155926154268,0.0],[-79.869537715736399,-6.760900959278218,0.0],[-79.869480309516206,-6.760725114693564,0.0],[-79.8694311967526,-6.760601356906365,0.0],[-79.869370841412191,-6.760425368771097,0.0],[-79.869310486106102,-6.760249380634397,0.0],[-79.869283153399195,-6.760116349868335,0.0],[-79.869262988708016,-6.76002612076975,0.0],[-79.869304570502166,-6.759932711694948,0.0],[-79.869341230479122,-6.759850358918939,0.0],[-79.869344329916515,-6.759747377704997,0.0],[-79.86930163419926,-6.759613277343128,0.0],[-79.869282643875792,-6.759515788439105,0.0],[-79.869216254964911,-6.759440770426417,0.0],[-79.869137125299517,-6.759449570548141,0.0],[-79.869065189239421,-6.75945757064719,0.0],[-79.868993253178687,-6.759465570735276,0.0],[-79.868921317117341,-6.759473570812351,0.0],[-79.868849381055384,-6.759481570878318,0.0],[-79.868777444992801,-6.759489570933337,0.0],[-79.868705508929594,-6.75949757097725,0.0],[-79.868633572865789,-6.759505571010184,0.0],[-79.868609294444113,-6.759508271018817,0.0],[-79.868471027629042,-6.759599178503541,0.0],[-79.868356910917683,-6.759781264183413,0.0],[-79.86831399702038,-6.759809685225456,0.0],[-79.868191260621657,-6.759952016456102,0.0],[-79.868109342579231,-6.760047012619463,0.0],[-79.868019266993215,-6.760055500549596,0.0],[-79.867885360983593,-6.75999433329035,0.0],[-79.867662584674108,-6.760016656282251,0.0],[-79.867539915765008,-6.760008164418498,0.0],[-79.867356788043821,-6.759995487182612,0.0],[-79.867226787836216,-6.759989255370948,0.0],[-79.867043905279942,-6.759972288163614,0.0],[-79.86697989639093,-6.759966349625274,0.0],[-79.866800269471995,-6.760037964284478,0.0],[-79.86684973790976,-6.760436252521718,0.0],[-79.866340042519099,-6.760489658277948,0.0],[-79.866362180420921,-6.760716854362839,0.0]]]]}},
{"type":"Feature","properties":{"Layer":"TG_HAB_URB","Color":2,"ESTADO":"INFORMAL O SIN DOCUMENTACION","COD_HAB_UR":"0183","ID_COD_URB":"1401010183","TIPO_HAB_U":"URB.","NOMB_HAB_U":"URB. DEL INGENIERO III"},"geometry":{"type":"MultiPolygon","coordinates":[[[[-79.876063720669123,-6.775224649300215,0.0],[-79.876463464854595,-6.775504677127673,0.0],[-79.876606487026265,-6.775694624131168,0.0],[-79.876730317993577,-6.776009360183774,0.0],[-79.877296450876841,-6.776144069970378,0.0],[-79.877649015367993,-6.776004800968302,0.0],[-79.877946323769848,-6.775513447588296,0.0],[-79.878171904807672,-6.774935799031556,0.0],[-79.878246303221047,-6.774643090078664,0.0],[-79.877982268094485,-6.774597114196331,0.0],[-79.877950746029711,-6.774489693417356,0.0],[-79.878015460511008,-6.774357725558771,0.0],[-79.87801140576596,-6.774278691552896,0.0],[-79.878006285941595,-6.77416484799928,0.0],[-79.878005644617573,-6.774066266907925,0.0],[-79.878006926851,-6.773990305365033,0.0],[-79.878003907218243,-6.773915750737402,0.0],[-79.877972673561942,-6.773849477877262,0.0],[-79.877941439910543,-6.773783205017515,0.0],[-79.877910492092127,-6.773709873278245,0.0],[-79.877866857504685,-6.77362551743698,0.0],[-79.87771135592493,-6.773673899518434,0.0],[-79.87759281788766,-6.773683422658987,0.0],[-79.877526262556643,-6.773696651528046,0.0],[-79.877449659524757,-6.773703469417898,0.0],[-79.877368301236601,-6.773706883723972,0.0],[-79.877259773749643,-6.773710035250752,0.0],[-79.877215571510234,-6.773719660532223,0.0],[-79.876610728693549,-6.77385865198394,0.0],[-79.87573285628433,-6.775157319905148,0.0],[-79.876063720669123,-6.775224649300215,0.0]]]]}},
{"type":"Feature","properties":{"Layer":"TG_HAB_URB","Color":2,"ESTADO":"INFORMAL O SIN DOCUMENTACION","COD_HAB_UR":"0432","ID_COD_URB":"1401010432","TIPO_HAB_U":"H.U.","NOMB_HAB_U":"H.U. CONDOMINIO NUESTRA SEÑORA DE LA PAZ"},"geometry":{"type":"MultiPolygon","coordinates":[[[[-79.864850709800976,-6.796188927196186,0.0],[-79.864649229620397,-6.795216682286887,0.0],[-79.864219877234518,-6.795153511857611,0.0],[-79.86404068181065,-6.794986848411038,0.0],[-79.863923042228308,-6.794785584557293,0.0],[-79.863847973348498,-6.794726629304375,0.0],[-79.863802310398711,-6.794709334252505,0.0],[-79.86365584370067,-6.794686987259531,0.0],[-79.863570296196755,-6.794841814436585,0.0],[-79.863902642274411,-6.796301233576406,0.0],[-79.864029533099696,-6.796431008402633,0.0],[-79.864049419425982,-6.796636355223248,0.0],[-79.864073790315643,-6.796579641295505,0.0],[-79.864662393551086,-6.796548208299234,0.0],[-79.86461619282251,-6.796287583019719,0.0],[-79.864850709800976,-6.796188927196186,0.0]]]]}},
{"type":"Feature","properties":{"Layer":"TG_HAB_URB","Color":2,"ESTADO":"INFORMAL O SIN DOCUMENTACION","COD_HAB_UR":"0440","ID_COD_URB":"1401010440","TIPO_HAB_U":"P.J.","NOMB_HAB_U":"P.J. LAS PALMERAS II"},"geometry":{"type":"MultiPolygon","coordinates":[[[[-79.876447341339002,-6.761608271048275,0.0],[-79.876452495804102,-6.761657838199539,0.0],[-79.876465934659194,-6.761793534499555,0.0],[-79.876475802720663,-6.761847248620055,0.0],[-79.876508289907008,-6.762118654169354,0.0],[-79.876667375580254,-6.762980900840348,0.0],[-79.877701913976054,-6.762856423657923,0.0],[-79.877648684809387,-6.762150449660123,0.0],[-79.87756866786016,-6.760987154839913,0.0],[-79.877340040020059,-6.760995998861505,0.0],[-79.877204792531742,-6.761006340361397,0.0],[-79.876457076520083,-6.761062080933975,0.0],[-79.876437969008194,-6.761299485185591,0.0],[-79.876456948286403,-6.761337538578619,0.0],[-79.876455570100958,-6.761473225472334,0.0],[-79.876450728249537,-6.761522168840219,0.0],[-79.876447341339002,-6.761608271048275,0.0]]]]}},
{"type":"Feature","properties":{"Layer":"TG_HAB_URB","Color":2,"ESTADO":"INFORMAL O SIN DOCUMENTACION","COD_HAB_UR":"0431","ID_COD_URB":"1401010431","TIPO_HAB_U":"H.U.","NOMB_HAB_U":"H.U. CONDOMINIO VIRGEN DEL CARMEN"},"geometry":{"type":"MultiPolygon","coordinates":[[[[-79.86187593982315,-6.80028732515534,0.0],[-79.861829368741382,-6.80041626894593,0.0],[-79.861817289932986,-6.800450806893792,0.0],[-79.861763108104753,-6.800600659288864,0.0],[-79.861724666174112,-6.800705796458136,0.0],[-79.861720804759358,-6.800716252906965,0.0],[-79.861708767667068,-6.800748779961673,0.0],[-79.861756108058017,-6.800766539523266,0.0],[-79.861771398562794,-6.800772236723597,0.0],[-79.861714758471891,-6.800931804082132,0.0],[-79.861663046783079,-6.801076140613796,0.0],[-79.861656367652799,-6.80109917679678,0.0],[-79.861652368557756,-6.801111195252966,0.0],[-79.861604753784135,-6.801243491475197,0.0],[-79.861560560900557,-6.801366814271832,0.0],[-79.861548233756764,-6.801400447550989,0.0],[-79.861502634096638,-6.801526385469745,0.0],[-79.861464452210413,-6.80162776559328,0.0],[-79.861465697987924,-6.801628138687013,0.0],[-79.861454207343598,-6.801655635379388,0.0],[-79.861442163945625,-6.801689846119908,0.0],[-79.861395964457259,-6.801819019986861,0.0],[-79.861349860729845,-6.801946696792219,0.0],[-79.861337741854285,-6.801980331154206,0.0],[-79.861330472471991,-6.802000268070448,0.0],[-79.861328063185283,-6.802007047947392,0.0],[-79.861329362616488,-6.802007406935011,0.0],[-79.861309755227794,-6.802060740125873,0.0],[-79.861437000439054,-6.802142306221819,0.0],[-79.861845000506918,-6.802402793401136,0.0],[-79.8618797245461,-6.802282216059028,0.0],[-79.861907362094641,-6.802179628791932,0.0],[-79.862007939366606,-6.801830365828248,0.0],[-79.862035462767565,-6.801734093627504,0.0],[-79.862136039805108,-6.801384830600038,0.0],[-79.862163811217741,-6.801287228000014,0.0],[-79.86226438802025,-6.800937964908726,0.0],[-79.86229183151741,-6.800842120490459,0.0],[-79.862392408085725,-6.80049285733543,0.0],[-79.862418947795632,-6.800401859415126,0.0],[-79.862469235986779,-6.800227227812326,0.0],[-79.862488469071508,-6.800160438639286,0.0],[-79.862519524131983,-6.800052596197028,0.0],[-79.862548948378659,-6.799946128597261,0.0],[-79.862635374798074,-6.799646001942543,0.0],[-79.862439199714828,-6.799604174161233,0.0],[-79.862435975316444,-6.799603606167614,0.0],[-79.862433716979353,-6.799612390330922,0.0],[-79.862359171547638,-6.799596583174735,0.0],[-79.862360980730656,-6.799589105137511,0.0],[-79.862327400590999,-6.799582049480835,0.0],[-79.862143456366965,-6.799545854577593,0.0],[-79.862134656851609,-6.799570604943948,0.0],[-79.862130752663958,-6.799581434120111,0.0],[-79.862085032337987,-6.799707829325056,0.0],[-79.862038567850149,-6.799836289394177,0.0],[-79.862026250407254,-6.799870718809145,0.0],[-79.861979520099595,-6.799999876886034,0.0],[-79.861933782914932,-6.800126851957589,0.0],[-79.861921702597115,-6.800160521085553,0.0],[-79.86187593982315,-6.80028732515534,0.0]]]]}},
{"type":"Feature","properties":{"Layer":"TG_HAB_URB","Color":2,"ESTADO":"INFORMAL O SIN DOCUMENTACION","COD_HAB_UR":"0405","ID_COD_URB":"1401010405","TIPO_HAB_U":"H.U.","NOMB_HAB_U":"H.U. EL MANGO"},"geometry":{"type":"MultiPolygon","coordinates":[[[[-79.862007939366606,-6.801830365828248,0.0],[-79.861907362094641,-6.802179628791932,0.0],[-79.8618797245461,-6.802282216059028,0.0],[-79.861845000506918,-6.802402793401136,0.0],[-79.861999426905783,-6.802490900665221,0.0],[-79.862045831005119,-6.802516533815776,0.0],[-79.862097375474619,-6.802542911693124,0.0],[-79.862157999392906,-6.802568188731882,0.0],[-79.862234654745606,-6.802596284677818,0.0],[-79.862296888873431,-6.802616642517997,0.0],[-79.862346765973584,-6.802628133262725,0.0],[-79.862392668523412,-6.802635368632182,0.0],[-79.86245731209371,-6.802639485087942,0.0],[-79.862557203921185,-6.802625113002787,0.0],[-79.862597701330898,-6.80262636765406,0.0],[-79.862656728102692,-6.802633047296766,0.0],[-79.862723508039878,-6.802639378861781,0.0],[-79.862788393783958,-6.802640956883984,0.0],[-79.862850461627815,-6.802639882961093,0.0],[-79.862898091343936,-6.802637222234461,0.0],[-79.862961090760109,-6.802634409289862,0.0],[-79.863029928897944,-6.802611753157001,0.0],[-79.863089599999398,-6.802569036305326,0.0],[-79.863130731016327,-6.80253856847477,0.0],[-79.863165180081239,-6.802516567257262,0.0],[-79.863174056366901,-6.802509501404411,0.0],[-79.86294509240868,-6.802340718289239,0.0],[-79.862775641576818,-6.802190723629304,0.0],[-79.862764748850267,-6.802180559086459,0.0],[-79.862757645433064,-6.802162714341603,0.0],[-79.862747538767735,-6.802150903504633,0.0],[-79.86274433731073,-6.802137496478695,0.0],[-79.862740939190459,-6.802118486758732,0.0],[-79.862732705832087,-6.80207262810293,0.0],[-79.862727363097051,-6.802043078057434,0.0],[-79.862723906671008,-6.802017918051405,0.0],[-79.862725417228248,-6.801994641498171,0.0],[-79.862726802882761,-6.801979416231379,0.0],[-79.862729820258011,-6.801960266551061,0.0],[-79.862728434749556,-6.801941122743856,0.0],[-79.862731921485334,-6.801922957993671,0.0],[-79.862735848157627,-6.801904421851906,0.0],[-79.862737938942274,-6.801887282462499,0.0],[-79.862745653256169,-6.801871377237686,0.0],[-79.86274902483558,-6.801844441787373,0.0],[-79.862744204061187,-6.801814880428466,0.0],[-79.862988440735052,-6.800355402442961,0.0],[-79.86308911926929,-6.799779472190855,0.0],[-79.863069855924323,-6.799675175063874,0.0],[-79.862649524485917,-6.799596865316342,0.0],[-79.862548948378659,-6.799946128597261,0.0],[-79.862519524131983,-6.800052596197028,0.0],[-79.862488469071508,-6.800160438639286,0.0],[-79.862469235986779,-6.800227227812326,0.0],[-79.862418947795632,-6.800401859415126,0.0],[-79.862392408085725,-6.80049285733543,0.0],[-79.86229183151741,-6.800842120490459,0.0],[-79.86226438802025,-6.800937964908726,0.0],[-79.862163811217741,-6.801287228000014,0.0],[-79.862136039805108,-6.801384830600038,0.0],[-79.862035462767565,-6.801734093627504,0.0],[-79.862007939366606,-6.801830365828248,0.0]]]]}},
{"type":"Feature","properties":{"Layer":"TG_HAB_URB","Color":2,"ESTADO":"INFORMAL O SIN DOCUMENTACION","COD_HAB_UR":"0458","ID_COD_URB":"1401010458","TIPO_HAB_U":"H.U.","NOMB_HAB_U":"H.U. SIN DENOMINACION 028"},"geometry":{"type":"MultiPolygon","coordinates":[[[[-79.880577851728049,-6.761158701161179,0.0],[-79.880130492760372,-6.761912999266732,0.0],[-79.881011420780652,-6.762427373928266,0.0],[-79.880848701568425,-6.761456689148858,0.0],[-79.88084366824755,-6.761226593836306,0.0],[-79.880700700702633,-6.761201754523276,0.0],[-79.880577851728049,-6.761158701161179,0.0]]]]}},
{"type":"Feature","properties":{"Layer":"TG_HAB_URB","Color":2,"ESTADO":"INFORMAL O SIN DOCUMENTACION","COD_HAB_UR":"0253","ID_COD_URB":"1401010253","TIPO_HAB_U":"P.J.","NOMB_HAB_U":"P.J. LLAMPALLEC"},"geometry":{"type":"MultiPolygon","coordinates":[[[[-79.877864900370994,-6.762861193646161,0.0],[-79.878405410909039,-6.765076697853313,0.0],[-79.879731374537229,-6.764947855621151,0.0],[-79.87960685258389,-6.763708644154521,0.0],[-79.87986405929756,-6.763685386956579,0.0],[-79.879709374676395,-6.762910960447751,0.0],[-79.879530958745093,-6.762909949678868,0.0],[-79.877864900370994,-6.762861193646161,0.0]]]]}},
{"type":"Feature","properties":{"Layer":"TG_HAB_URB","Color":2,"ESTADO":"INFORMAL O SIN DOCUMENTACION","COD_HAB_UR":"0409","ID_COD_URB":"1401010409","TIPO_HAB_U":"H.U.","NOMB_HAB_U":"H.U. LOS ROBLES"},"geometry":{"type":"MultiPolygon","coordinates":[[[[-79.87756866786016,-6.760987154839913,0.0],[-79.877648684809387,-6.762150449660123,0.0],[-79.877701913976054,-6.762856423657923,0.0],[-79.877864900370994,-6.762861193646161,0.0],[-79.879027528196744,-6.762895217735714,0.0],[-79.878924941156242,-6.761248046660909,0.0],[-79.87889946479396,-6.761073187694602,0.0],[-79.878812738102539,-6.760724425468754,0.0],[-79.878792561546874,-6.760616935193404,0.0],[-79.878779765344149,-6.760550190440997,0.0],[-79.878753196715863,-6.760412264760737,0.0],[-79.878749325612446,-6.760391787109016,0.0],[-79.87867117654551,-6.76038736587204,0.0],[-79.878074993761388,-6.760353636773803,0.0],[-79.878000804398511,-6.760349439452537,0.0],[-79.877993818915698,-6.760460095015533,0.0],[-79.877989811536139,-6.760539712602244,0.0],[-79.877982267592969,-6.760675167833405,0.0],[-79.877974723639383,-6.760810623063036,0.0],[-79.877972619484879,-6.760872408666349,0.0],[-79.87796708729492,-6.760971742502889,0.0],[-79.877839043609143,-6.760976695742035,0.0],[-79.877720989149694,-6.76098126252804,0.0],[-79.877621096916727,-6.760985126708942,0.0],[-79.87756866786016,-6.760987154839913,0.0]]]]}},
{"type":"Feature","properties":{"Layer":"TG_HAB_URB","Color":2,"ESTADO":"INFORMAL O SIN DOCUMENTACION","COD_HAB_UR":"0254","ID_COD_URB":"1401010254","TIPO_HAB_U":"H.U.","NOMB_HAB_U":"H.U. SIN DENOMINACION 011"},"geometry":{"type":"MultiPolygon","coordinates":[[[[-79.878924941156242,-6.761248046660909,0.0],[-79.879027528196744,-6.762895217735714,0.0],[-79.879530958745093,-6.762909949678868,0.0],[-79.87943820917576,-6.761052201597051,0.0],[-79.87943665455002,-6.761021062953453,0.0],[-79.879303314122609,-6.761018669766507,0.0],[-79.879230586072467,-6.761004465898762,0.0],[-79.878964554695813,-6.761059678782225,0.0],[-79.87889946479396,-6.761073187694602,0.0],[-79.878924941156242,-6.761248046660909,0.0]]]]}},
{"type":"Feature","properties":{"Layer":"TG_HAB_URB","Color":2,"ESTADO":"INFORMAL O SIN DOCUMENTACION","COD_HAB_UR":"0451","ID_COD_URB":"1401010451","TIPO_HAB_U":"H.U.","NOMB_HAB_U":"H.U. EL TRÉBOL"},"geometry":{"type":"MultiPolygon","coordinates":[[[[-79.879437763714819,-6.761043279160114,0.0],[-79.879530958745093,-6.762909949678868,0.0],[-79.879709374676395,-6.762910960447751,0.0],[-79.879707305587971,-6.762675651213804,0.0],[-79.879704936307832,-6.762603034789482,0.0],[-79.879705049830648,-6.762553753641489,0.0],[-79.879733710268724,-6.762483650107578,0.0],[-79.879936920804042,-6.762100265282279,0.0],[-79.880389960002745,-6.761337219412706,0.0],[-79.880546184154866,-6.761076794029968,0.0],[-79.879437763714819,-6.761043279160114,0.0]]]]}},
{"type":"Feature","properties":{"Layer":"TG_HAB_URB","Color":2,"ESTADO":"INFORMAL O SIN DOCUMENTACION","COD_HAB_UR":"0098","ID_COD_URB":"1401010098","TIPO_HAB_U":"A.H.","NOMB_HAB_U":"A.H. SIMÓN BOLÍVAR (AMPLIACIÓN INFORMAL)"},"geometry":{"type":"MultiPolygon","coordinates":[[[[-79.868810526011941,-6.768195922805684,0.0],[-79.868898573183884,-6.76926712199676,0.0],[-79.868939916165786,-6.769671102742285,0.0],[-79.868940836944986,-6.769680100085803,0.0],[-79.870044237526059,-6.769567576157527,0.0],[-79.869934143120275,-6.768488814818686,0.0],[-79.868979507666481,-6.768580861428797,0.0],[-79.868941156184022,-6.768183400013235,0.0],[-79.868810526011941,-6.768195922805684,0.0]]]]}},
{"type":"Feature","properties":{"Layer":"TG_HAB_URB","Color":2,"ESTADO":"INFORMAL O SIN DOCUMENTACION","COD_HAB_UR":"0322","ID_COD_URB":"1401010322","TIPO_HAB_U":"URB.","NOMB_HAB_U":"URB. REMIGIO B. SILVA SUBPROGRAMA II PRIMERA ETAPA REMANENTE"},"geometry":{"type":"MultiPolygon","coordinates":[[[[-79.869934143120275,-6.768488814818686,0.0],[-79.870044237526059,-6.769567576157527,0.0],[-79.871420419433008,-6.769427230558882,0.0],[-79.871419276479614,-6.76941593196787,0.0],[-79.871271990947278,-6.767959949664734,0.0],[-79.87024233972555,-6.7680586607578,0.0],[-79.870279281177048,-6.768455535891223,0.0],[-79.869934143120275,-6.768488814818686,0.0]]]]}},
{"type":"Feature","properties":{"Layer":"TG_HAB_URB","Color":2,"ESTADO":"INFORMAL O SIN DOCUMENTACION","COD_HAB_UR":"0252","ID_COD_URB":"1401010252","TIPO_HAB_U":"P.J.","NOMB_HAB_U":"P.J. SAN JUAN I Y II"},"geometry":{"type":"MultiPolygon","coordinates":[[[[-79.876313067154115,-6.760081044115466,0.0],[-79.876396582968283,-6.760377137813829,0.0],[-79.876418859438459,-6.760468388984417,0.0],[-79.876429900474548,-6.760521520679323,0.0],[-79.876439101339102,-6.760565797091778,0.0],[-79.876448302204679,-6.760610073504254,0.0],[-79.876494223793415,-6.760600537504015,0.0],[-79.876489687146844,-6.760656904036454,0.0],[-79.876485906606419,-6.760703876146529,0.0],[-79.876481748010235,-6.760755545467369,0.0],[-79.87647751380139,-6.760808154230129,0.0],[-79.87647222103773,-6.760873915183091,0.0],[-79.876466550216307,-6.760944373346493,0.0],[-79.876460524983116,-6.761019234918428,0.0],[-79.876457076520083,-6.761062080933975,0.0],[-79.877204792531742,-6.761006340361397,0.0],[-79.877340040020059,-6.760995998861505,0.0],[-79.87756866786016,-6.760987154839913,0.0],[-79.877621096916727,-6.760985126708942,0.0],[-79.877720989149694,-6.76098126252804,0.0],[-79.877839043609143,-6.760976695742035,0.0],[-79.87796708729492,-6.760971742502889,0.0],[-79.877972619484879,-6.760872408666349,0.0],[-79.877974723639383,-6.760810623063036,0.0],[-79.877982267592969,-6.760675167833405,0.0],[-79.877989811536139,-6.760539712602244,0.0],[-79.877993818915698,-6.760460095015533,0.0],[-79.878000804398511,-6.760349439452537,0.0],[-79.878074993761388,-6.760353636773803,0.0],[-79.87867117654551,-6.76038736587204,0.0],[-79.878749325612446,-6.760391787109016,0.0],[-79.878753196715863,-6.760412264760737,0.0],[-79.878779765344149,-6.760550190440997,0.0],[-79.878792561546874,-6.760616935193404,0.0],[-79.878812738102539,-6.760724425468754,0.0],[-79.87889946479396,-6.761073187694602,0.0],[-79.878964554695813,-6.761059678782225,0.0],[-79.879230586072467,-6.761004465898762,0.0],[-79.879303314122609,-6.761018669766507,0.0],[-79.87943665455002,-6.761021062953453,0.0],[-79.879480016730227,-6.761021841207708,0.0],[-79.879478541540877,-6.760994748311681,0.0],[-79.880006135489054,-6.761018927207142,0.0],[-79.880083378090745,-6.76100006574064,0.0],[-79.880353580609793,-6.760974328900244,0.0],[-79.880444526526702,-6.760954810726415,0.0],[-79.880607082781054,-6.760944939706262,0.0],[-79.88063506872534,-6.761160193510103,0.0],[-79.880770531751764,-6.761151959243843,0.0],[-79.880837333068641,-6.761147757971832,0.0],[-79.880972669388242,-6.761138160914363,0.0],[-79.881108079161393,-6.761128558609625,0.0],[-79.881191967849361,-6.761128957059181,0.0],[-79.881327301904861,-6.761118338939384,0.0],[-79.881462638547205,-6.761107720578021,0.0],[-79.881543276352303,-6.761108572239528,0.0],[-79.881678621001782,-6.761098089788294,0.0],[-79.88181396823839,-6.761087607098111,0.0],[-79.881839800290734,-6.761085606392359,0.0],[-79.881761808867225,-6.760554262411268,0.0],[-79.88171491455536,-6.759968132984949,0.0],[-79.88164582803465,-6.7589645937725,0.0],[-79.881351663528932,-6.759040764382406,0.0],[-79.881272563306212,-6.759058113970227,0.0],[-79.880996745169924,-6.759123196856575,0.0],[-79.880933047874095,-6.7591443727035,0.0],[-79.88079901821402,-6.759174252081396,0.0],[-79.880664988546215,-6.759204131464814,0.0],[-79.880590607971385,-6.75922778880157,0.0],[-79.880459637211587,-6.759262646702299,0.0],[-79.880328489906134,-6.759297551548674,0.0],[-79.880251658317093,-6.759320689156076,0.0],[-79.880117760379321,-6.759350088599973,0.0],[-79.879983919627733,-6.759380452798268,0.0],[-79.879904630261137,-6.759414402703459,0.0],[-79.879770795686525,-6.759446710601252,0.0],[-79.879636961099834,-6.759479018459277,0.0],[-79.879558925083032,-6.759487982781769,0.0],[-79.879381661076025,-6.759521422353406,0.0],[-79.879218740097244,-6.759552156153736,0.0],[-79.879143417613875,-6.75957203016959,0.0],[-79.879009673188207,-6.759604483471047,0.0],[-79.878875927109647,-6.759636912864047,0.0],[-79.878815231676185,-6.759652079085273,0.0],[-79.878717625244846,-6.759675216816846,0.0],[-79.878658656507639,-6.759694472874306,0.0],[-79.878613927753946,-6.75971895202593,0.0],[-79.878556627425738,-6.759698494331706,0.0],[-79.877335817463035,-6.759921669657506,0.0],[-79.876313067154115,-6.760081044115466,0.0]]]]}},
{"type":"Feature","properties":{"Layer":"TG_HAB_URB","Color":2,"ESTADO":"INFORMAL O SIN DOCUMENTACION","COD_HAB_UR":"0422","ID_COD_URB":"1401010422","TIPO_HAB_U":"A.H.","NOMB_HAB_U":"A.H. INDEPENDENCIA"},"geometry":{"type":"MultiPolygon","coordinates":[[[[-79.875999304914387,-6.760553204092201,0.0],[-79.876015979140774,-6.760684613780683,0.0],[-79.876034832709664,-6.760744425273408,0.0],[-79.876052426799248,-6.760789342591625,0.0],[-79.876069037175498,-6.760831654031963,0.0],[-79.876090355886078,-6.760872661578503,0.0],[-79.876113248717374,-6.760916524687159,0.0],[-79.876144064097957,-6.760958261380892,0.0],[-79.876174989157448,-6.761005622361624,0.0],[-79.876194230047375,-6.761072490519578,0.0],[-79.876202554231824,-6.76107001184927,0.0],[-79.876228173777079,-6.761138415201441,0.0],[-79.876258701160779,-6.761219781176436,0.0],[-79.876291772502469,-6.761307927648779,0.0],[-79.876256125190423,-6.761318752325887,0.0],[-79.876268679789078,-6.761410716363241,0.0],[-79.876268620043092,-6.761469945363008,0.0],[-79.876268564745928,-6.761524762954722,0.0],[-79.87626850950258,-6.76157952618969,0.0],[-79.8762684626858,-6.76162593527784,0.0],[-79.876268407655232,-6.761680485692827,0.0],[-79.876268352659878,-6.761735000198255,0.0],[-79.876268297663472,-6.761789514703531,0.0],[-79.876270406391825,-6.761837447972032,0.0],[-79.876272630472158,-6.761888003302181,0.0],[-79.876275132562029,-6.761944878048546,0.0],[-79.876173360687972,-6.761981989847494,0.0],[-79.876100890334286,-6.762037810525381,0.0],[-79.876087696653642,-6.762047973025743,0.0],[-79.875995781811412,-6.762118770881754,0.0],[-79.875961354123703,-6.762145288965569,0.0],[-79.875900581221742,-6.762192099556805,0.0],[-79.875852041558588,-6.762229487429709,0.0],[-79.875874298522888,-6.762273098600067,0.0],[-79.875876902089317,-6.762277626038276,0.0],[-79.875903969726195,-6.762324694950959,0.0],[-79.875931037367764,-6.762371763862879,0.0],[-79.875947518743189,-6.762400423925008,0.0],[-79.875957202759153,-6.762417263810446,0.0],[-79.875984999289741,-6.762463943355347,0.0],[-79.87601279405672,-6.762510619929641,0.0],[-79.876039595559803,-6.762557834933768,0.0],[-79.876066395066275,-6.762605047091739,0.0],[-79.87609319457745,-6.762652259248986,0.0],[-79.876119994093301,-6.762699471405529,0.0],[-79.876146793613842,-6.762746683561348,0.0],[-79.876175379774253,-6.762797043193465,0.0],[-79.876223335519597,-6.762881525789318,0.0],[-79.876354082391913,-6.762886799537968,0.0],[-79.876402092501408,-6.762869619773128,0.0],[-79.876642227141687,-6.762844596050936,0.0],[-79.876508289907008,-6.762118654169354,0.0],[-79.876475802720663,-6.761847248620055,0.0],[-79.876465934659194,-6.761793534499555,0.0],[-79.876452495804102,-6.761657838199539,0.0],[-79.876447341339002,-6.761608271048275,0.0],[-79.876450728249537,-6.761522168840219,0.0],[-79.876455570100958,-6.761473225472334,0.0],[-79.876456948286403,-6.761337538578619,0.0],[-79.876437969008194,-6.761299485185591,0.0],[-79.876457076520083,-6.761062080933975,0.0],[-79.876460524983116,-6.761019234918428,0.0],[-79.876466550216307,-6.760944373346493,0.0],[-79.87647222103773,-6.760873915183091,0.0],[-79.87647751380139,-6.760808154230129,0.0],[-79.876481748010235,-6.760755545467369,0.0],[-79.876485906606419,-6.760703876146529,0.0],[-79.876489687146844,-6.760656904036454,0.0],[-79.876494223793415,-6.760600537504015,0.0],[-79.876448302204679,-6.760610073504254,0.0],[-79.876439101339102,-6.760565797091778,0.0],[-79.876429900474548,-6.760521520679323,0.0],[-79.876418859438459,-6.760468388984417,0.0],[-79.876396582968283,-6.760377137813829,0.0],[-79.876313067154115,-6.760081044115466,0.0],[-79.875937346322615,-6.760139591846657,0.0],[-79.875951523157369,-6.760232963783218,0.0],[-79.875926278576046,-6.76024155364761,0.0],[-79.875938475014166,-6.760271552977875,0.0],[-79.875990891901367,-6.760426109861759,0.0],[-79.875999304914387,-6.760553204092201,0.0]]]]}},
{"type":"Feature","properties":{"Layer":"TG_HAB_URB","Color":2,"ESTADO":"INFORMAL O SIN DOCUMENTACION","COD_HAB_UR":"0362","ID_COD_URB":"1401010362","TIPO_HAB_U":"H.U.","NOMB_HAB_U":"H.U. SIN DENOMINACION 058"},"geometry":{"type":"MultiPolygon","coordinates":[[[[-79.868558582456529,-6.750545378475759,0.0],[-79.865216607813451,-6.75425089519893,0.0],[-79.863380606386869,-6.757054723100398,0.0],[-79.862841439088143,-6.757725736525678,0.0],[-79.862955517021533,-6.757786577063995,0.0],[-79.862905218227269,-6.758281561691257,0.0],[-79.863484484861303,-6.758356023240188,0.0],[-79.86418001669945,-6.758186881406795,0.0],[-79.864230572308472,-6.757968301108901,0.0],[-79.864340141734544,-6.757791737886925,0.0],[-79.864480427799492,-6.757607424787871,0.0],[-79.864757595862685,-6.757591362250272,0.0],[-79.864749089888235,-6.757445452364609,0.0],[-79.867250112119763,-6.757039277533192,0.0],[-79.867135577059656,-6.755772702630975,0.0],[-79.867113906328925,-6.754937680081859,0.0],[-79.868183366452996,-6.754971862400573,0.0],[-79.868176323502979,-6.754706224944396,0.0],[-79.868166899875618,-6.754643493292476,0.0],[-79.868150056293828,-6.754534519742117,0.0],[-79.868152773332994,-6.754504396853193,0.0],[-79.868153663264906,-6.754494530479359,0.0],[-79.868324937627193,-6.754462092461201,0.0],[-79.868490919597718,-6.754433098646414,0.0],[-79.868654533312153,-6.75440498914039,0.0],[-79.868734210945149,-6.754382451964813,0.0],[-79.868780882740381,-6.754369250631017,0.0],[-79.868922771293754,-6.754330099051921,0.0],[-79.869046861151006,-6.754290279072445,0.0],[-79.869057524126319,-6.754281886982016,0.0],[-79.868822065931226,-6.753933416737468,0.0],[-79.868777986557731,-6.753348602904362,0.0],[-79.86881045911835,-6.752895346528154,0.0],[-79.868828042360775,-6.751834697017646,0.0],[-79.868835870423368,-6.751172996553486,0.0],[-79.868746922051329,-6.750971669522143,0.0],[-79.868558582456529,-6.750545378475759,0.0]]]]}},
{"type":"Feature","properties":{"Layer":"TG_HAB_URB","Color":2,"ESTADO":"INFORMAL O SIN DOCUMENTACION","COD_HAB_UR":"0365","ID_COD_URB":"1401010365","TIPO_HAB_U":"A.H.","NOMB_HAB_U":"A.H. VIRGEN DE GUADALUPE"},"geometry":{"type":"MultiPolygon","coordinates":[[[[-79.866851871712782,-6.750546335309895,0.0],[-79.866277223602395,-6.751189582772769,0.0],[-79.866236983945257,-6.751154042540508,0.0],[-79.866207342773549,-6.751187690005479,0.0],[-79.866180434216091,-6.751218235510446,0.0],[-79.866150473588135,-6.751252245595206,0.0],[-79.866119177875177,-6.751287771206145,0.0],[-79.866088471006563,-6.75132262837723,0.0],[-79.866054405208089,-6.751361298457873,0.0],[-79.866003599024737,-6.751533266412329,0.0],[-79.865912764974112,-6.751630759694303,0.0],[-79.865949904321596,-6.751858120607095,0.0],[-79.867364531370427,-6.751658939933237,0.0],[-79.868586942308426,-6.750358475127853,0.0],[-79.867949829526452,-6.749742685754359,0.0],[-79.867770826123902,-6.749934412153449,0.0],[-79.86774304703161,-6.749964165674051,0.0],[-79.867715267935907,-6.749993919192485,0.0],[-79.867687489009271,-6.750023672869679,0.0],[-79.86765970951113,-6.750053426096774,0.0],[-79.867631930901737,-6.750083179985043,0.0],[-79.867604098144085,-6.750112883349151,0.0],[-79.867576265383022,-6.750142586711069,0.0],[-79.867548432618506,-6.750172290070798,0.0],[-79.867520637335517,-6.750202028485023,0.0],[-79.867492842049103,-6.75023176689708,0.0],[-79.867465046759236,-6.75026150530695,0.0],[-79.867437251465958,-6.750291243714632,0.0],[-79.86740945615955,-6.750320982111062,0.0],[-79.867381660839115,-6.750350720495423,0.0],[-79.867353865520926,-6.750380458882865,0.0],[-79.867326070196455,-6.750410197265506,0.0],[-79.867298583703871,-6.750439605221303,0.0],[-79.867270788761886,-6.750469343963201,0.0],[-79.867242995066491,-6.750499083870421,0.0],[-79.867215201367685,-6.750528823775455,0.0],[-79.867187407665426,-6.750558563678301,0.0],[-79.867159613959743,-6.750588303578962,0.0],[-79.867132609727676,-6.750618761656983,0.0],[-79.866851871712782,-6.750546335309895,0.0]]]]}},
{"type":"Feature","properties":{"Layer":"TG_HAB_URB","Color":2,"ESTADO":"INFORMAL O SIN DOCUMENTACION","COD_HAB_UR":"0360","ID_COD_URB":"1401010360","TIPO_HAB_U":"H.U.","NOMB_HAB_U":"H.U. RESIDENCIAL DERRAMA MAGISTERIAL"},"geometry":{"type":"MultiPolygon","coordinates":[[[[-79.868828042360775,-6.751834697017646,0.0],[-79.86881045911835,-6.752895346528154,0.0],[-79.868777986557731,-6.753348602904362,0.0],[-79.868822065931226,-6.753933416737468,0.0],[-79.869057524126319,-6.754281886982016,0.0],[-79.869046861151006,-6.754290279072445,0.0],[-79.868922771293754,-6.754330099051921,0.0],[-79.868780882740381,-6.754369250631017,0.0],[-79.868734210945149,-6.754382451964813,0.0],[-79.868654533312153,-6.75440498914039,0.0],[-79.868588255220232,-6.754416375995146,0.0],[-79.868490919597718,-6.754433098646414,0.0],[-79.868324937627193,-6.754462092461201,0.0],[-79.868153663264906,-6.754494530479359,0.0],[-79.868152773332994,-6.754504396853193,0.0],[-79.868150056293828,-6.754534519742117,0.0],[-79.868166899875618,-6.754643493292476,0.0],[-79.868176323502979,-6.754706224944396,0.0],[-79.868183366452996,-6.754971862400573,0.0],[-79.868194553082915,-6.755308341953507,0.0],[-79.8689077149279,-6.755638213578771,0.0],[-79.868993702529878,-6.755865679647707,0.0],[-79.870178311227235,-6.755810342000085,0.0],[-79.870563673951324,-6.755514349735747,0.0],[-79.870819041310241,-6.755488694587215,0.0],[-79.871282075959002,-6.755568163011959,0.0],[-79.871725241490779,-6.755638759537746,0.0],[-79.871897590620094,-6.755683533912187,0.0],[-79.872102415498915,-6.755497544520384,0.0],[-79.872245242529786,-6.755475459673065,0.0],[-79.872449332019073,-6.755447331148687,0.0],[-79.872578307788942,-6.755346940783655,0.0],[-79.872713158687787,-6.755243131641328,0.0],[-79.872829694093483,-6.755156433579627,0.0],[-79.873428169588522,-6.755009371178943,0.0],[-79.873403157057808,-6.754722365214096,0.0],[-79.873413258510297,-6.754246869456616,0.0],[-79.873413746019892,-6.754036154520493,0.0],[-79.87337228651289,-6.754001617797864,0.0],[-79.873338908957891,-6.754001540625716,0.0],[-79.873085616457104,-6.754126686677162,0.0],[-79.873053797963394,-6.754119487955271,0.0],[-79.873033353923688,-6.754098981461634,0.0],[-79.873018885859508,-6.754062771527416,0.0],[-79.872976943958093,-6.753891891980865,0.0],[-79.872942371500457,-6.753729088893904,0.0],[-79.872894988497464,-6.753516003089214,0.0],[-79.872859441342655,-6.753360377148761,0.0],[-79.872812986591981,-6.753160216050284,0.0],[-79.872769359187757,-6.752979204749771,0.0],[-79.872733332170725,-6.752824534591502,0.0],[-79.872705349096833,-6.752710563592711,0.0],[-79.872679755526676,-6.752598512808463,0.0],[-79.872649427284401,-6.752463478439972,0.0],[-79.872628113271929,-6.752363880762696,0.0],[-79.872607892524599,-6.752205896236342,0.0],[-79.872587195390935,-6.752046954621292,0.0],[-79.872581133463569,-6.751977064905574,0.0],[-79.872568419325304,-6.751885144966496,0.0],[-79.872556232329146,-6.751772646747348,0.0],[-79.872543088332264,-6.751659666964586,0.0],[-79.872526627548254,-6.751531843169054,0.0],[-79.872523349529743,-6.751500248217013,0.0],[-79.872521574890655,-6.751439462505422,0.0],[-79.872512157407897,-6.751371479716345,0.0],[-79.872494282973619,-6.751234081022722,0.0],[-79.872478799342602,-6.751097644750639,0.0],[-79.872466677710449,-6.75095690933828,0.0],[-79.872457144130976,-6.750938700017406,0.0],[-79.872436072633761,-6.750941522859524,0.0],[-79.872357741536476,-6.750967198794825,0.0],[-79.872248697274756,-6.750993391684725,0.0],[-79.871264105709614,-6.751188697383801,0.0],[-79.87024302495729,-6.751385436982614,0.0],[-79.870171863584517,-6.751086738401257,0.0],[-79.870162368738477,-6.751052257473043,0.0],[-79.870148582422672,-6.751010108758823,0.0],[-79.87013666702326,-6.750987108527879,0.0],[-79.870117111253322,-6.75095547585812,0.0],[-79.870084180069725,-6.75091088963908,0.0],[-79.870063170737978,-6.750886911438699,0.0],[-79.870035937977192,-6.75086243946295,0.0],[-79.869997980958189,-6.750830355334583,0.0],[-79.869032922769378,-6.750016779203738,0.0],[-79.868558582456529,-6.750545378475759,0.0],[-79.868746922051329,-6.750971669522143,0.0],[-79.868835870423368,-6.751172996553486,0.0],[-79.868828042360775,-6.751834697017646,0.0]]]]}},
{"type":"Feature","properties":{"Layer":"TG_HAB_URB","Color":2,"ESTADO":"INFORMAL O SIN DOCUMENTACION","COD_HAB_UR":"0055","ID_COD_URB":"1401010055","TIPO_HAB_U":"URB.","NOMB_HAB_U":"URB. LA PRIMAVERA III"},"geometry":{"type":"MultiPolygon","coordinates":[[[[-79.855460429354864,-6.76249711413838,0.0],[-79.855398938500642,-6.762693802213117,0.0],[-79.855425381630369,-6.76270507059839,0.0],[-79.855354422997578,-6.762871467556228,0.0],[-79.855379391483609,-6.762882107542432,0.0],[-79.85546261977953,-6.762917574155166,0.0],[-79.855537525257915,-6.762949494096159,0.0],[-79.855612430747726,-6.762981414027234,0.0],[-79.855687336248948,-6.763013333948407,0.0],[-79.855753918926311,-6.763041707203332,0.0],[-79.855820501612698,-6.763070080450419,0.0],[-79.855887084308108,-6.763098453689669,0.0],[-79.855953667012542,-6.763126826921082,0.0],[-79.856020249726001,-6.763155200144658,0.0],[-79.856086832448497,-6.763183573360413,0.0],[-79.856153415180017,-6.763211946568295,0.0],[-79.856219997920562,-6.763240319768357,0.0],[-79.85628658067013,-6.763268692960581,0.0],[-79.856353163428736,-6.763297066144951,0.0],[-79.856419746196352,-6.763325439321534,0.0],[-79.856486328973006,-6.763353812490226,0.0],[-79.85665278595414,-6.763424745377716,0.0],[-79.856769681760369,-6.76346762764741,0.0],[-79.856936424470419,-6.76353788686366,0.0],[-79.856964552352594,-6.763471219691232,0.0],[-79.856981476849342,-6.763431239987209,0.0],[-79.857002491652196,-6.76338120549088,0.0],[-79.857023576973418,-6.763331200649518,0.0],[-79.857044662289042,-6.763281195807678,0.0],[-79.857065747599876,-6.763231190963452,0.0],[-79.857086832905665,-6.763181186117484,0.0],[-79.857107937980771,-6.763131134373895,0.0],[-79.857129023276457,-6.763081129524456,0.0],[-79.857150108567097,-6.763031124673241,0.0],[-79.857171174078331,-6.762981166716266,0.0],[-79.857199287784567,-6.762914493576317,0.0],[-79.857243946631968,-6.762814786683883,0.0],[-79.857272317833292,-6.762748221389301,0.0],[-79.85729384188825,-6.762698402114092,0.0],[-79.857306718325688,-6.762664825217825,0.0],[-79.857313273219177,-6.762647732404233,0.0],[-79.857336446894323,-6.762598659354283,0.0],[-79.857355451312387,-6.76254782780198,0.0],[-79.857363116652351,-6.762531588383328,0.0],[-79.857378611571278,-6.762498761592828,0.0],[-79.857391261362096,-6.762464928320099,0.0],[-79.857397616684594,-6.762447930300724,0.0],[-79.857419152231543,-6.762398117570717,0.0],[-79.857443155153817,-6.762349451205389,0.0],[-79.857449758802872,-6.76233259553958,0.0],[-79.857466227624442,-6.762290559235848,0.0],[-79.857476153422212,-6.762265223851298,0.0],[-79.857486044990921,-6.762239975832242,0.0],[-79.857506906176681,-6.762199727625718,0.0],[-79.857513215188263,-6.762182787516087,0.0],[-79.857532159682549,-6.762131920297725,0.0],[-79.857535422966265,-6.762123484814613,0.0],[-79.857564792513656,-6.762047565464576,0.0],[-79.857601282650435,-6.761957091972762,0.0],[-79.857616044198664,-6.761926053138224,0.0],[-79.857650227333849,-6.7618541724073,0.0],[-79.857684799217324,-6.761781474955405,0.0],[-79.85772364401619,-6.761699792419877,0.0],[-79.857764431039044,-6.761614025751623,0.0],[-79.857805994940747,-6.761526625426214,0.0],[-79.857821532843559,-6.761493952405718,0.0],[-79.857852608642077,-6.761428606362085,0.0],[-79.857885820891227,-6.761358767774013,0.0],[-79.857926607849052,-6.761273001081382,0.0],[-79.857949526227699,-6.761224808365652,0.0],[-79.857968948578446,-6.761183967079676,0.0],[-79.857984486456374,-6.761151294049831,0.0],[-79.857985474183423,-6.761103818789779,0.0],[-79.857985982059162,-6.761079407642362,0.0],[-79.857986471251223,-6.761055894518049,0.0],[-79.857987543568314,-6.76100435332001,0.0],[-79.857988107880686,-6.76097722947775,0.0],[-79.857794223268172,-6.760992942304513,0.0],[-79.857679477126894,-6.760993630556934,0.0],[-79.857580257742754,-6.761001385815191,0.0],[-79.857544177966773,-6.761004205903944,0.0],[-79.857472018414867,-6.761009846073221,0.0],[-79.857399858863076,-6.761015486231565,0.0],[-79.857327699311398,-6.761021126378877,0.0],[-79.857255539759848,-6.761026766515222,0.0],[-79.857183380208397,-6.761032406640569,0.0],[-79.857111220657075,-6.761038046754952,0.0],[-79.857067022931943,-6.761041501319576,0.0],[-79.857039061105851,-6.761043686858351,0.0],[-79.856975921498645,-6.761048621939823,0.0],[-79.856966901554756,-6.761049326950768,0.0],[-79.85689474200376,-6.761054967032185,0.0],[-79.856885722059914,-6.761055672041604,0.0],[-79.856822582452907,-6.761060607102639,0.0],[-79.856750422902152,-6.76106624716211,0.0],[-79.856678263351526,-6.761071887210596,0.0],[-79.856606103800999,-6.761077527248102,0.0],[-79.856533944250586,-6.761083167274625,0.0],[-79.856461784700301,-6.761088807290149,0.0],[-79.856389625150129,-6.761094447294707,0.0],[-79.856317465600057,-6.761100087288283,0.0],[-79.856254325993859,-6.761105022273642,0.0],[-79.856209677272375,-6.761108512008218,0.0],[-79.85620877527802,-6.761108582507875,0.0],[-79.856079057420175,-6.761126245506742,0.0],[-79.856018719713447,-6.761132067113621,0.0],[-79.855948774794371,-6.761138815548697,0.0],[-79.855885888257617,-6.761144882967115,0.0],[-79.855879235726178,-6.761166561584029,0.0],[-79.855863971331814,-6.761216303685234,0.0],[-79.855842463968997,-6.761285389712212,0.0],[-79.855820956993753,-6.761354475846573,0.0],[-79.855799449220555,-6.761423561759688,0.0],[-79.855777942230119,-6.761492647889709,0.0],[-79.855756434441702,-6.761561733798467,0.0],[-79.855734927040871,-6.761630819814625,0.0],[-79.855713419632437,-6.761699905828595,0.0],[-79.8556919122164,-6.761768991840379,0.0],[-79.855670405187922,-6.761838077959561,0.0],[-79.855664335056417,-6.761857575677906,0.0],[-79.85564889736149,-6.7619071638575,0.0],[-79.855642824806367,-6.76192667078758,0.0],[-79.855627394155249,-6.761976235630422,0.0],[-79.855621317447529,-6.76199575658352,0.0],[-79.855605887136932,-6.762045321775633,0.0],[-79.855599804283429,-6.762064861000448,0.0],[-79.855574184567843,-6.762143922604793,0.0],[-79.855541393139774,-6.762238138534061,0.0],[-79.855514405223403,-6.76232446373892,0.0],[-79.855487417294995,-6.762410788940321,0.0],[-79.855460429354864,-6.76249711413838,0.0]]]]}},
{"type":"Feature","properties":{"Layer":"TG_HAB_URB","Color":2,"ESTADO":"INFORMAL O SIN DOCUMENTACION","COD_HAB_UR":"0158","ID_COD_URB":"1401010158","TIPO_HAB_U":"CONJ","NOMB_HAB_U":"CONJ.HAB. VILLA DEL PERIODISTA"},"geometry":{"type":"MultiPolygon","coordinates":[[[[-79.865317104956517,-6.765241836157642,0.0],[-79.865321112539192,-6.765282156053529,0.0],[-79.865323456259489,-6.765305735992712,0.0],[-79.865326792930006,-6.765339305906013,0.0],[-79.865329807562745,-6.765369635827947,0.0],[-79.865331623498761,-6.765387905780599,0.0],[-79.86533615886627,-6.765433535663147,0.0],[-79.865336722432616,-6.765439205648284,0.0],[-79.865342510170095,-6.765497435498361,0.0],[-79.86534790430575,-6.765551705358149,0.0],[-79.865348861474189,-6.76556133533364,0.0],[-79.865353271605173,-6.765605705218928,0.0],[-79.865355212778553,-6.765625235168934,0.0],[-79.865358638904794,-6.765659705079697,0.0],[-79.86536156408323,-6.765689135004242,0.0],[-79.865364006204629,-6.765713704940505,0.0],[-79.865367915388177,-6.765753034839633,0.0],[-79.865369373504649,-6.765767704801334,0.0],[-79.865374266693394,-6.765816934674988,0.0],[-79.865374740804853,-6.765821704662205,0.0],[-79.865380108105285,-6.76587570452313,0.0],[-79.865380617998909,-6.76588083451044,0.0],[-79.865385475405901,-6.765929704383993,0.0],[-79.865386969304694,-6.76594473434589,0.0],[-79.865390842706731,-6.765983704244929,0.0],[-79.865393320610764,-6.766008634181373,0.0],[-79.865396210007759,-6.766037704105888,0.0],[-79.865399671917118,-6.766072534016887,0.0],[-79.865401577308987,-6.766091703966818,0.0],[-79.865406023223755,-6.766136433852399,0.0],[-79.865406944610456,-6.76614570382789,0.0],[-79.865412374530663,-6.766200333687959,0.0],[-79.865418904747926,-6.76626603351894,0.0],[-79.865425434965488,-6.766331733349906,0.0],[-79.865437428261217,-6.766452405139033,0.0],[-79.865670982576574,-6.766436390445064,0.0],[-79.865530498874108,-6.765027049282493,0.0],[-79.865410591582162,-6.765038958825411,0.0],[-79.865365575369097,-6.765043429959231,0.0],[-79.865320559155919,-6.765047901089034,0.0],[-79.865298051049294,-6.765050136652372,0.0],[-79.865304402351413,-6.765114036487429,0.0],[-79.865309930668147,-6.765169656343863,0.0],[-79.86531075365383,-6.765177936322538,0.0],[-79.865315745240977,-6.765228156192886,0.0],[-79.865317104956517,-6.765241836157642,0.0]]]]}},
{"type":"Feature","properties":{"Layer":"TG_HAB_URB","Color":2,"ESTADO":"INFORMAL O SIN DOCUMENTACION","COD_HAB_UR":"0315","ID_COD_URB":"1401010315","TIPO_HAB_U":"P.J.","NOMB_HAB_U":"P.J. NUEVA ESPERANZA I ETAPA"},"geometry":{"type":"MultiPolygon","coordinates":[[[[-79.876604783392295,-6.764869010298895,0.0],[-79.876633925169969,-6.765972556083377,0.0],[-79.87680396221235,-6.7659447601984,0.0],[-79.876939578639067,-6.76592259099113,0.0],[-79.876918860430266,-6.765701809585846,0.0],[-79.877089270072403,-6.765652235850171,0.0],[-79.877077460738803,-6.7655042348445,0.0],[-79.876912421600849,-6.764985949347129,0.0],[-79.876604783392295,-6.764869010298895,0.0]]]]}},
{"type":"Feature","properties":{"Layer":"TG_HAB_URB","Color":2,"ESTADO":"INFORMAL O SIN DOCUMENTACION","COD_HAB_UR":"0364","ID_COD_URB":"1401010364","TIPO_HAB_U":"H.U.","NOMB_HAB_U":"H.U. LA PARADA"},"geometry":{"type":"MultiPolygon","coordinates":[[[[-79.868195611905918,-6.747033196448718,0.0],[-79.868108642114734,-6.747146763918874,0.0],[-79.868090049345696,-6.747306984060879,0.0],[-79.86813763990483,-6.747351661824322,0.0],[-79.868027380898624,-6.74746911160614,0.0],[-79.868001509252423,-6.747496670513526,0.0],[-79.867969344607104,-6.747530932821086,0.0],[-79.867937317873043,-6.747565048215571,0.0],[-79.867907050053859,-6.747597289978435,0.0],[-79.867878001236434,-6.747628233234691,0.0],[-79.867840618314858,-6.747668054100175,0.0],[-79.867803353443279,-6.747707749206472,0.0],[-79.867766201911849,-6.747747323570754,0.0],[-79.867729048505723,-6.747786899921578,0.0],[-79.867691897649237,-6.747826473546079,0.0],[-79.867654745337035,-6.747866048710841,0.0],[-79.867617903551292,-6.747905293088172,0.0],[-79.867582484367574,-6.747943022080627,0.0],[-79.867547443290121,-6.747980348299877,0.0],[-79.867511779272078,-6.748018338074183,0.0],[-79.867476427098097,-6.7480559956587,0.0],[-79.867338592224243,-6.748272032146221,0.0],[-79.867213679738342,-6.748540756038874,0.0],[-79.86717971099813,-6.748596059159053,0.0],[-79.867146221037387,-6.748631919249534,0.0],[-79.867115351555881,-6.748664975081107,0.0],[-79.867013790035116,-6.748773727921101,0.0],[-79.86704987777172,-6.748807435177972,0.0],[-79.867002201533992,-6.748885054792949,0.0],[-79.866981292144999,-6.748949184199141,0.0],[-79.866949912755032,-6.749016068041565,0.0],[-79.866929507643064,-6.749059560661416,0.0],[-79.86692440403796,-6.749070438774889,0.0],[-79.866914089697048,-6.749107295802964,0.0],[-79.866901807615633,-6.749151184299547,0.0],[-79.86685478454514,-6.74931921531728,0.0],[-79.866803602866028,-6.749483681897732,0.0],[-79.86683544494835,-6.74951429093654,0.0],[-79.86671163388398,-6.749646269728337,0.0],[-79.866586869795185,-6.749777281071623,0.0],[-79.86656005212312,-6.749961879518074,0.0],[-79.866478171740795,-6.750047286487352,0.0],[-79.866454085489352,-6.75014023431278,0.0],[-79.866302695344487,-6.750474568218285,0.0],[-79.866267524503158,-6.750610253410502,0.0],[-79.866301777858666,-6.750642867394675,0.0],[-79.866339790646279,-6.750679060876775,0.0],[-79.866213127832253,-6.750808736508242,0.0],[-79.866208635029778,-6.750813336174839,0.0],[-79.866239341316145,-6.750844065676226,0.0],[-79.866228196361419,-6.7508571488107,0.0],[-79.866197107800289,-6.750893643867966,0.0],[-79.866169538694905,-6.750926007406986,0.0],[-79.866141969585755,-6.750958370943776,0.0],[-79.866122443256316,-6.750981293010944,0.0],[-79.866099318786908,-6.751032454674497,0.0],[-79.866236983945257,-6.751154042540508,0.0],[-79.866277223602395,-6.751189582772769,0.0],[-79.866851871712782,-6.750546335309895,0.0],[-79.867132609727676,-6.750618761656983,0.0],[-79.867159613959743,-6.750588303578962,0.0],[-79.867187407665426,-6.750558563678301,0.0],[-79.867215201367685,-6.750528823775455,0.0],[-79.867242995066491,-6.750499083870421,0.0],[-79.867270788761886,-6.750469343963201,0.0],[-79.867298583703871,-6.750439605221303,0.0],[-79.867326070196455,-6.750410197265506,0.0],[-79.867353865520926,-6.750380458882865,0.0],[-79.867381660839115,-6.750350720495423,0.0],[-79.86740945615955,-6.750320982111062,0.0],[-79.867437251465958,-6.750291243714632,0.0],[-79.867465046759236,-6.75026150530695,0.0],[-79.867492842049103,-6.75023176689708,0.0],[-79.867520637335517,-6.750202028485023,0.0],[-79.867548432618506,-6.750172290070798,0.0],[-79.867576265383022,-6.750142586711069,0.0],[-79.867604098144085,-6.750112883349151,0.0],[-79.867631930901737,-6.750083179985043,0.0],[-79.86765970951113,-6.750053426096774,0.0],[-79.867687489009271,-6.750023672869679,0.0],[-79.867715267935907,-6.749993919192485,0.0],[-79.86774304703161,-6.749964165674051,0.0],[-79.867770826123902,-6.749934412153449,0.0],[-79.867949829526452,-6.749742685754359,0.0],[-79.868058863863055,-6.749848070993285,0.0],[-79.868140707272872,-6.749754681740304,0.0],[-79.868174421638017,-6.749716271622991,0.0],[-79.868207539283461,-6.749678541327579,0.0],[-79.868240569530045,-6.749641943881206,0.0],[-79.868274192770997,-6.749605890116461,0.0],[-79.868348842517292,-6.749525844131903,0.0],[-79.868578036629202,-6.749562791125906,0.0],[-79.868695947373425,-6.749687834527612,0.0],[-79.8687304042097,-6.74965321105348,0.0],[-79.868739573260996,-6.749663818003757,0.0],[-79.868823409639631,-6.749591363092424,0.0],[-79.868893567408577,-6.74953072977816,0.0],[-79.868942161100478,-6.749488733036141,0.0],[-79.869009393203527,-6.749485171399135,0.0],[-79.869052567616507,-6.74944328367309,0.0],[-79.869069714145141,-6.749459381639014,0.0],[-79.869076973535655,-6.749451930739071,0.0],[-79.869083888532089,-6.749458442151202,0.0],[-79.869150255739356,-6.749396279593983,0.0],[-79.869199722978706,-6.749321093388716,0.0],[-79.869216129195138,-6.749296157258686,0.0],[-79.869276782464439,-6.749203969134058,0.0],[-79.869300148881209,-6.749168454033907,0.0],[-79.869327221965023,-6.749070840169935,0.0],[-79.869388859707811,-6.74899857890514,0.0],[-79.869441306622534,-6.748919937450822,0.0],[-79.869417808695147,-6.748898049337265,0.0],[-79.86956845426829,-6.748609374681021,0.0],[-79.869520036922708,-6.748553183040332,0.0],[-79.869668191461386,-6.748394497241047,0.0],[-79.869950337926326,-6.748092366276978,0.0],[-79.870010767654577,-6.74802627682839,0.0],[-79.87010611616266,-6.747925949075054,0.0],[-79.870167205115379,-6.748038415519838,0.0],[-79.870208199094208,-6.748019295293549,0.0],[-79.870338559928427,-6.747958492947367,0.0],[-79.870468074584849,-6.747898085218077,0.0],[-79.870481321569841,-6.747910407173615,0.0],[-79.870555278052109,-6.747856756518559,0.0],[-79.870540352858768,-6.747842859595839,0.0],[-79.870609019798422,-6.747783970767125,0.0],[-79.87069156244857,-6.747711399244632,0.0],[-79.870813984257936,-6.747604728120247,0.0],[-79.870888217688602,-6.747463098493699,0.0],[-79.871008509784858,-6.747365844827471,0.0],[-79.871104180658804,-6.747288496855236,0.0],[-79.871298336165864,-6.747131525896354,0.0],[-79.871328585020223,-6.747107070267042,0.0],[-79.871365228857954,-6.747140723537179,0.0],[-79.871510208867193,-6.747022212744985,0.0],[-79.871563438225408,-6.746978701522322,0.0],[-79.871640480701387,-6.746915724739454,0.0],[-79.871774954795157,-6.746805801590144,0.0],[-79.871863583120756,-6.746733354091688,0.0],[-79.869811076494955,-6.745532589044906,0.0],[-79.869642715624281,-6.74543649307631,0.0],[-79.869600967031673,-6.745479864966287,0.0],[-79.869384332666229,-6.74570492629837,0.0],[-79.869352840610915,-6.745738218727692,0.0],[-79.869337113882921,-6.745754844535867,0.0],[-79.869303332401543,-6.7457909983627,0.0],[-79.868959247982019,-6.746159496157329,0.0],[-79.868946333024354,-6.746147090932016,0.0],[-79.868920388044074,-6.74617482720758,0.0],[-79.868862425942496,-6.746236791114504,0.0],[-79.868831776201205,-6.746269556957518,0.0],[-79.868800879280357,-6.746302587038514,0.0],[-79.86879631164787,-6.746307470025171,0.0],[-79.868773432055676,-6.746336578662413,0.0],[-79.868746052038446,-6.746370971860872,0.0],[-79.868693695835248,-6.74643673868341,0.0],[-79.868645260922122,-6.746497579785371,0.0],[-79.868615015083279,-6.746535572825672,0.0],[-79.868600211373149,-6.746554168370675,0.0],[-79.868557129052647,-6.746608285821246,0.0],[-79.868516795830075,-6.746658950002074,0.0],[-79.868479302267971,-6.746706047157175,0.0],[-79.868445398737663,-6.746748634718755,0.0],[-79.868423039005833,-6.746776721653679,0.0],[-79.868399476595954,-6.746806319314379,0.0],[-79.868364832149268,-6.74684983754323,0.0],[-79.86832961069922,-6.746887828705173,0.0],[-79.868286431532766,-6.746934403291116,0.0],[-79.868318499881369,-6.746964302560033,0.0],[-79.868274788845397,-6.747010613478857,0.0],[-79.868225117207032,-6.747063239519785,0.0],[-79.868195611905918,-6.747033196448718,0.0]]]]}},
{"type":"Feature","properties":{"Layer":"TG_HAB_URB","Color":2,"ESTADO":"INFORMAL O SIN DOCUMENTACION","COD_HAB_UR":"0209","ID_COD_URB":"1401010209","TIPO_HAB_U":"P.J.","NOMB_HAB_U":"P.J. ADRIANO BACA BURGA"},"geometry":{"type":"MultiPolygon","coordinates":[[[[-79.853729937194046,-6.775559014514734,0.0],[-79.853733088633518,-6.775591411310383,0.0],[-79.853736241953413,-6.775623827435956,0.0],[-79.853738523152543,-6.775647278160524,0.0],[-79.853742546713036,-6.775688640357226,0.0],[-79.85374631418388,-6.775727369951863,0.0],[-79.853748851472886,-6.775753453278442,0.0],[-79.853754284380173,-6.775809303554899,0.0],[-79.853759538123057,-6.775863312019747,0.0],[-79.853764791866112,-6.775917320484601,0.0],[-79.853770045161284,-6.775971324343523,0.0],[-79.853775299352705,-6.776025337414392,0.0],[-79.853780553096257,-6.776079345879364,0.0],[-79.85378580683998,-6.776133354344291,0.0],[-79.853791060583859,-6.776187362809257,0.0],[-79.853796314327923,-6.776241371274245,0.0],[-79.853801568072143,-6.776295379739288,0.0],[-79.853806821816534,-6.776349388204323,0.0],[-79.853812075561081,-6.776403396669343,0.0],[-79.853817329305798,-6.776457405134456,0.0],[-79.853818203847169,-6.77646639541453,0.0],[-79.853821542488134,-6.776500716623021,0.0],[-79.853822583050686,-6.776511413599573,0.0],[-79.853824508609918,-6.776531208336135,0.0],[-79.853827836795759,-6.77656542206473,0.0],[-79.853830813372909,-6.776596021257858,0.0],[-79.853833090540974,-6.776619430529859,0.0],[-79.853837118136127,-6.776660834179563,0.0],[-79.853838344286359,-6.776673438995027,0.0],[-79.853843598031929,-6.776727447460233,0.0],[-79.853860903192924,-6.776907693278776,0.0],[-79.853866909621459,-6.776965671379818,0.0],[-79.853872411323891,-6.777018777521644,0.0],[-79.853877913026764,-6.77707188366552,0.0],[-79.853883414730092,-6.777124989811425,0.0],[-79.853886116252241,-6.777151066726123,0.0],[-79.853888916438265,-6.777178095959224,0.0],[-79.853894418134914,-6.777231202109664,0.0],[-79.853899919844352,-6.777284308261527,0.0],[-79.853905421537434,-6.777337414416357,0.0],[-79.853910923251036,-6.777390520627532,0.0],[-79.853916940321341,-6.777448601349452,0.0],[-79.853922957382281,-6.777506682056558,0.0],[-79.853928459089275,-6.777559788219382,0.0],[-79.853933960795416,-6.777612894371888,0.0],[-79.853936566828168,-6.777638049545474,0.0],[-79.853939462506858,-6.777666000598201,0.0],[-79.853940765075535,-6.777678573868887,0.0],[-79.853945423317668,-6.777723538306173,0.0],[-79.853947271826286,-6.777741381527968,0.0],[-79.853950925012356,-6.777776644465722,0.0],[-79.853953778602914,-6.777804189184404,0.0],[-79.853956426726995,-6.777829750614226,0.0],[-79.85396192844199,-6.777882856792642,0.0],[-79.853967889191409,-6.777940393923278,0.0],[-79.853973849935954,-6.777997931004155,0.0],[-79.853979810749848,-6.778055468771475,0.0],[-79.8539901863343,-6.778155620785945,0.0],[-79.854316625614786,-6.77813170804701,0.0],[-79.855258638941137,-6.778011012328886,0.0],[-79.854940546122776,-6.774791746948492,0.0],[-79.853832297735849,-6.774901624333851,0.0],[-79.853738521732154,-6.774910921643809,0.0],[-79.853744488583018,-6.77497105935696,0.0],[-79.853758548493005,-6.774984228293699,0.0],[-79.853788361427888,-6.775266619654534,0.0],[-79.853772528443045,-6.77528439105519,0.0],[-79.853710711927192,-6.775289308078831,0.0],[-79.853703773197452,-6.775290048625072,0.0],[-79.853708018758383,-6.775333692995068,0.0],[-79.85371084778518,-6.775362775392438,0.0],[-79.853717327676023,-6.775429388672493,0.0],[-79.853723632434907,-6.775494201593615,0.0],[-79.853729937194046,-6.775559014514734,0.0]]]]}},
{"type":"Feature","properties":{"Layer":"TG_HAB_URB","Color":2,"ESTADO":"INFORMAL O SIN DOCUMENTACION","COD_HAB_UR":"0211","ID_COD_URB":"1401010211","TIPO_HAB_U":"H.U.","NOMB_HAB_U":"H.U. QUINTA CAROLINA ZOEGER B."},"geometry":{"type":"MultiPolygon","coordinates":[[[[-79.853399066352978,-6.778865164280617,0.0],[-79.853399402108934,-6.77890043525875,0.0],[-79.853399724950862,-6.778934349660713,0.0],[-79.853400082228845,-6.778971881598957,0.0],[-79.853401548885898,-6.779125944991222,0.0],[-79.853610954986124,-6.779238289143097,0.0],[-79.853752279001796,-6.779287497254842,0.0],[-79.854231545850098,-6.779283348471182,0.0],[-79.854367644995932,-6.779301668461295,0.0],[-79.854242355546603,-6.778137148590789,0.0],[-79.8539901863343,-6.778155620785945,0.0],[-79.853794319188438,-6.778169968583565,0.0],[-79.853506877065655,-6.778191024349232,0.0],[-79.853322894686301,-6.778286081244643,0.0],[-79.853395267196305,-6.778364378201451,0.0],[-79.853397336296126,-6.778515388247135,0.0],[-79.853396524717766,-6.778598370603588,0.0],[-79.85339803325526,-6.778756638193798,0.0],[-79.853398377621573,-6.778792813556132,0.0],[-79.853398717682893,-6.778828536726363,0.0],[-79.853399066352978,-6.778865164280617,0.0]]]]}},
{"type":"Feature","properties":{"Layer":"TG_HAB_URB","Color":2,"ESTADO":"INFORMAL O SIN DOCUMENTACION","COD_HAB_UR":"0202","ID_COD_URB":"1401010202","TIPO_HAB_U":"H.U.","NOMB_HAB_U":"H.U. SIN DENOMINACION 046"},"geometry":{"type":"MultiPolygon","coordinates":[[[[-79.871481544397966,-6.788730347860932,0.0],[-79.871481660233286,-6.789132874958976,0.0],[-79.871482038317836,-6.790448052466431,0.0],[-79.871482110473778,-6.790699281858575,0.0],[-79.871534180320324,-6.790714040661613,0.0],[-79.872122128591712,-6.79060984194756,0.0],[-79.872278312610476,-6.790543268274384,0.0],[-79.872428149877791,-6.79046986306844,0.0],[-79.872396241722655,-6.790414699830746,0.0],[-79.873337029724098,-6.790211040285695,0.0],[-79.874387491776716,-6.790125770576009,0.0],[-79.874407743297496,-6.78971890405745,0.0],[-79.874415269116014,-6.789212478690458,0.0],[-79.875183597724288,-6.789531010241006,0.0],[-79.875286074140334,-6.789271133660009,0.0],[-79.875077490251797,-6.788883889146941,0.0],[-79.874953147006437,-6.788892621035952,0.0],[-79.874590734919479,-6.788864550443583,0.0],[-79.87438689782519,-6.788784614028271,0.0],[-79.874192725416606,-6.788708467601448,0.0],[-79.87432498617116,-6.788362576001759,0.0],[-79.874286256499559,-6.787897566248351,0.0],[-79.874284149796623,-6.787890441504041,0.0],[-79.874276623014623,-6.787836243137678,0.0],[-79.874271265634206,-6.787783151093579,0.0],[-79.874268696611566,-6.787763876134082,0.0],[-79.874194534921472,-6.787761694195777,0.0],[-79.874141654876425,-6.787759374387146,0.0],[-79.87413985795952,-6.787744104335347,0.0],[-79.874085159336474,-6.787741963185788,0.0],[-79.874085564075145,-6.787745558217217,0.0],[-79.874031464816454,-6.787741035359997,0.0],[-79.873976447653135,-6.787736635670943,0.0],[-79.873922360972117,-6.787731964962256,0.0],[-79.873761631493778,-6.787721737408327,0.0],[-79.873662975834819,-6.787712038682399,0.0],[-79.87345974852083,-6.788263828991475,0.0],[-79.872868141527391,-6.788039887163643,0.0],[-79.872709077575337,-6.788489903053687,0.0],[-79.871714946771519,-6.788104027822692,0.0],[-79.871481485014769,-6.788524065820554,0.0],[-79.871481544397966,-6.788730347860932,0.0]]]]}},
{"type":"Feature","properties":{"Layer":"TG_HAB_URB","Color":2,"ESTADO":"INFORMAL O SIN DOCUMENTACION","COD_HAB_UR":"0222","ID_COD_URB":"1401010222","TIPO_HAB_U":"A.H.","NOMB_HAB_U":"A.H. VILLA SANTUARIO DE LA PAZ"},"geometry":{"type":"MultiPolygon","coordinates":[[[[-79.868144827505887,-6.786772894990063,0.0],[-79.870806607505543,-6.787757041521377,0.0],[-79.870956242090614,-6.787408094830462,0.0],[-79.870066365650814,-6.787049902718966,0.0],[-79.869181238490654,-6.786611107730397,0.0],[-79.868497294193489,-6.786217747968551,0.0],[-79.868144827505887,-6.786772894990063,0.0]]]]}},
{"type":"Feature","properties":{"Layer":"TG_HAB_URB","Color":2,"ESTADO":"INFORMAL O SIN DOCUMENTACION","COD_HAB_UR":"0187","ID_COD_URB":"1401010187","TIPO_HAB_U":"H.U.","NOMB_HAB_U":"H.U. SIN DENOMINACION 040"},"geometry":{"type":"MultiPolygon","coordinates":[[[[-79.87722364706319,-6.783752543122677,0.0],[-79.877574797453576,-6.787699378178986,0.0],[-79.879103239823493,-6.787508681077711,0.0],[-79.878810923336559,-6.78412120462067,0.0],[-79.878546401112189,-6.783652959509883,0.0],[-79.87722364706319,-6.783752543122677,0.0]]]]}},
{"type":"Feature","properties":{"Layer":"TG_HAB_URB","Color":2,"ESTADO":"INFORMAL O SIN DOCUMENTACION","COD_HAB_UR":"0221","ID_COD_URB":"1401010221","TIPO_HAB_U":"A.H.","NOMB_HAB_U":"A.H. LA UNIÓN"},"geometry":{"type":"MultiPolygon","coordinates":[[[[-79.871824075752272,-6.786265379904891,0.0],[-79.871663861578639,-6.78663924588581,0.0],[-79.872243501898268,-6.786874602981029,0.0],[-79.872404658041035,-6.786499750429399,0.0],[-79.871824075752272,-6.786265379904891,0.0]]]]}},
{"type":"Feature","properties":{"Layer":"TG_HAB_URB","Color":2,"ESTADO":"INFORMAL O SIN DOCUMENTACION","COD_HAB_UR":"0213","ID_COD_URB":"1401010213","TIPO_HAB_U":"A.H.","NOMB_HAB_U":"A.H. AMPLIACIÓN CERROPÓN BLOCK 19"},"geometry":{"type":"MultiPolygon","coordinates":[[[[-79.8713419818951,-6.786508549516952,0.0],[-79.871198281286098,-6.786843659889796,0.0],[-79.872097954242179,-6.787213149203832,0.0],[-79.872243501898268,-6.786874602981029,0.0],[-79.8713419818951,-6.786508549516952,0.0]]]]}},
{"type":"Feature","properties":{"Layer":"TG_HAB_URB","Color":2,"ESTADO":"INFORMAL O SIN DOCUMENTACION","COD_HAB_UR":"0197","ID_COD_URB":"1401010197","TIPO_HAB_U":"A.H.","NOMB_HAB_U":"A.H. AMPLIACIÓN CERROPÓN BLOCK 20"},"geometry":{"type":"MultiPolygon","coordinates":[[[[-79.870552935304289,-6.786582438716295,0.0],[-79.870314209775785,-6.787149664875853,0.0],[-79.870956242090628,-6.787408094830462,0.0],[-79.871331119720679,-6.78653388017103,0.0],[-79.870848489551733,-6.786322748557338,0.0],[-79.87077452574816,-6.786495898436744,0.0],[-79.870709829993189,-6.786647351602334,0.0],[-79.870552935304289,-6.786582438716295,0.0]]]]}},
{"type":"Feature","properties":{"Layer":"TG_HAB_URB","Color":2,"ESTADO":"INFORMAL O SIN DOCUMENTACION","COD_HAB_UR":"0215","ID_COD_URB":"1401010215","TIPO_HAB_U":"A.H.","NOMB_HAB_U":"A.H. AMPLIACIÓN CERROPÓN SECTOR SAN LUCAS"},"geometry":{"type":"MultiPolygon","coordinates":[[[[-79.871198281286098,-6.786843659889796,0.0],[-79.870956242090614,-6.787408094830462,0.0],[-79.870806607505543,-6.787757041521377,0.0],[-79.87148133834539,-6.788014789422196,0.0],[-79.871714946771519,-6.788104027822692,0.0],[-79.871954100331905,-6.787547755127871,0.0],[-79.872097954242179,-6.787213149203832,0.0],[-79.871198281286098,-6.786843659889796,0.0]]]]}},
{"type":"Feature","properties":{"Layer":"TG_HAB_URB","Color":2,"ESTADO":"INFORMAL O SIN DOCUMENTACION","COD_HAB_UR":"0226","ID_COD_URB":"1401010226","TIPO_HAB_U":"ASOC","NOMB_HAB_U":"ASOC.POBL.  AMPLIACIÓN PROGRESIVA CERROPÓN"},"geometry":{"type":"MultiPolygon","coordinates":[[[[-79.870884420394034,-6.785393126725059,0.0],[-79.87086408940651,-6.785443443367082,0.0],[-79.870824389268208,-6.785541696186063,0.0],[-79.871270317073595,-6.785729804179029,0.0],[-79.871140838434002,-6.786026154075389,0.0],[-79.870859248631163,-6.785895078160519,0.0],[-79.870701494756986,-6.786258444023309,0.0],[-79.870848489551733,-6.786322748557338,0.0],[-79.871331119720665,-6.78653388017103,0.0],[-79.871767350989884,-6.785516583538144,0.0],[-79.871694633653135,-6.785488673433244,0.0],[-79.871771034500611,-6.785310812726312,0.0],[-79.87172280404566,-6.785290138062112,0.0],[-79.871671413669588,-6.785268108846402,0.0],[-79.871619931510551,-6.785250889246317,0.0],[-79.871569016915359,-6.785231040353489,0.0],[-79.871517879711519,-6.785215106725884,0.0],[-79.871472784441025,-6.78519494151404,0.0],[-79.871418769232591,-6.785170787574254,0.0],[-79.871373280112749,-6.78515316331888,0.0],[-79.871321496720441,-6.785129345871664,0.0],[-79.871264175575263,-6.785105783615007,0.0],[-79.871214523597644,-6.785084985036633,0.0],[-79.871164176201219,-6.785064687979337,0.0],[-79.871114812491015,-6.785044374585273,0.0],[-79.871063757033212,-6.785023417346472,0.0],[-79.871013885653937,-6.785004383283477,0.0],[-79.870964014279281,-6.784985349216005,0.0],[-79.87091202971574,-6.78496550861547,0.0],[-79.870901041109462,-6.784961314666753,0.0],[-79.870805718078557,-6.784915209314707,0.0],[-79.87071309103284,-6.78486684184222,0.0],[-79.870666577026284,-6.784842553408916,0.0],[-79.870616244328318,-6.784814858222045,0.0],[-79.870568775422925,-6.784788527588667,0.0],[-79.870522868327441,-6.784763111588262,0.0],[-79.870476460764607,-6.784737666393942,0.0],[-79.870428857298549,-6.784711579642615,0.0],[-79.870381255067699,-6.784685490645691,0.0],[-79.870333079591873,-6.784658569410199,0.0],[-79.870285886507759,-6.784632675128572,0.0],[-79.870237619752572,-6.78460591777175,0.0],[-79.87018952001867,-6.784579796038709,0.0],[-79.870145643040658,-6.784555383133602,0.0],[-79.869711752616425,-6.78431922920477,0.0],[-79.869613650486386,-6.784470759706498,0.0],[-79.870450883613245,-6.784960744641459,0.0],[-79.870956142132769,-6.785215624313597,0.0],[-79.870925082354191,-6.785292493436015,0.0],[-79.870904751376585,-6.78534281008138,0.0],[-79.870894585885921,-6.785367968403435,0.0],[-79.870884420394034,-6.785393126725059,0.0]]]]}},
{"type":"Feature","properties":{"Layer":"TG_HAB_URB","Color":2,"ESTADO":"INFORMAL O SIN DOCUMENTACION","COD_HAB_UR":"0200","ID_COD_URB":"1401010200","TIPO_HAB_U":"URB.","NOMB_HAB_U":"URB. LA COLINA"},"geometry":{"type":"MultiPolygon","coordinates":[[[[-79.875446962183275,-6.787431128819945,0.0],[-79.875568000866323,-6.788433943978323,0.0],[-79.875617521957196,-6.788845965543508,0.0],[-79.876614140976415,-6.788775976586098,0.0],[-79.876486719750346,-6.787343762333831,0.0],[-79.875446962183275,-6.787431128819945,0.0]]]]}},
{"type":"Feature","properties":{"Layer":"TG_HAB_URB","Color":2,"ESTADO":"INFORMAL O SIN DOCUMENTACION","COD_HAB_UR":"0201","ID_COD_URB":"1401010201","TIPO_HAB_U":"URB.","NOMB_HAB_U":"URB. AMPLIACIÓN LA MOLINA ALTA 1ER. SECTOR"},"geometry":{"type":"MultiPolygon","coordinates":[[[[-79.874739301346494,-6.787497319350069,0.0],[-79.874953147006437,-6.788892621035952,0.0],[-79.875617521957196,-6.788845965543508,0.0],[-79.875568000866323,-6.788433943978323,0.0],[-79.875446962183275,-6.787431128819945,0.0],[-79.874739301346494,-6.787497319350069,0.0]]]]}},
{"type":"Feature","properties":{"Layer":"TG_HAB_URB","Color":2,"ESTADO":"INFORMAL O SIN DOCUMENTACION","COD_HAB_UR":"0304","ID_COD_URB":"1401010304","TIPO_HAB_U":"UPIS","NOMB_HAB_U":"UPIS BENJAMIN ARBULU"},"geometry":{"type":"MultiPolygon","coordinates":[[[[-79.874286256499559,-6.787897566248351,0.0],[-79.87432498617116,-6.788362576001759,0.0],[-79.874192725416606,-6.788708467601448,0.0],[-79.87438689782519,-6.788784614028271,0.0],[-79.874590734919479,-6.788864550443583,0.0],[-79.874953147006437,-6.788892621035952,0.0],[-79.874739301346494,-6.787497319350069,0.0],[-79.874427767423185,-6.787526458105555,0.0],[-79.873727852354008,-6.787535889593275,0.0],[-79.87368143573056,-6.787661917425377,0.0],[-79.873662975834819,-6.787712038682399,0.0],[-79.873761631493778,-6.787721737408327,0.0],[-79.873922360972117,-6.787731964962256,0.0],[-79.873976447653135,-6.787736635670943,0.0],[-79.874031464816454,-6.787741035359997,0.0],[-79.874085564075145,-6.787745558217217,0.0],[-79.874085159336474,-6.787741963185788,0.0],[-79.87413985795952,-6.787744104335347,0.0],[-79.874141654876425,-6.787759374387146,0.0],[-79.874194534921472,-6.787761694195777,0.0],[-79.874268696611566,-6.787763876134082,0.0],[-79.874271265634206,-6.787783151093579,0.0],[-79.874276623014623,-6.787836243137678,0.0],[-79.874284149796623,-6.787890441504041,0.0],[-79.874286256499559,-6.787897566248351,0.0]]]]}},
{"type":"Feature","properties":{"Layer":"TG_HAB_URB","Color":2,"ESTADO":"INFORMAL O SIN DOCUMENTACION","COD_HAB_UR":"0227","ID_COD_URB":"1401010227","TIPO_HAB_U":"ASOC","NOMB_HAB_U":"ASOC.POBL. SAN VALENTÍN"},"geometry":{"type":"MultiPolygon","coordinates":[[[[-79.875297601420371,-6.785874773326181,0.0],[-79.875346503277115,-6.786384336187001,0.0],[-79.876393084420144,-6.786291301027918,0.0],[-79.876361188311094,-6.785932788611986,0.0],[-79.875297601420371,-6.785874773326181,0.0]]]]}},
{"type":"Feature","properties":{"Layer":"TG_HAB_URB","Color":2,"ESTADO":"INFORMAL O SIN DOCUMENTACION","COD_HAB_UR":"0224","ID_COD_URB":"1401010224","TIPO_HAB_U":"A.H.","NOMB_HAB_U":"A.H. PEDRO ABEL LABARTHE"},"geometry":{"type":"MultiPolygon","coordinates":[[[[-79.875746021061659,-6.785347266475435,0.0],[-79.875743316488794,-6.785899085950211,0.0],[-79.876361188311094,-6.785932788611986,0.0],[-79.876286621157334,-6.785094653285899,0.0],[-79.875595676669008,-6.785118644187587,0.0],[-79.875591774979242,-6.785185841682207,0.0],[-79.875588682812264,-6.785239097004917,0.0],[-79.875585799306634,-6.785288758599459,0.0],[-79.875582640380543,-6.785343163634731,0.0],[-79.875746021061659,-6.785347266475435,0.0]]]]}},
{"type":"Feature","properties":{"Layer":"TG_HAB_URB","Color":2,"ESTADO":"INFORMAL O SIN DOCUMENTACION","COD_HAB_UR":"0151","ID_COD_URB":"1401010151","TIPO_HAB_U":"URB.","NOMB_HAB_U":"URB. LAS GARZAS"},"geometry":{"type":"MultiPolygon","coordinates":[[[[-79.87487735404072,-6.772202487549661,0.0],[-79.874891463526623,-6.772442838467143,0.0],[-79.874784439328408,-6.772656882684389,0.0],[-79.874739577212409,-6.772726301040074,0.0],[-79.874823523144173,-6.772744049994988,0.0],[-79.874860319497131,-6.772788732496338,0.0],[-79.876229858072037,-6.772672791699407,0.0],[-79.876527585316467,-6.772666582961691,0.0],[-79.876893531278867,-6.772660151071692,0.0],[-79.877246409983627,-6.772671636817699,0.0],[-79.877730120821951,-6.771923236001812,0.0],[-79.87487735404072,-6.772202487549661,0.0]]]]}},
{"type":"Feature","properties":{"Layer":"TG_HAB_URB","Color":2,"ESTADO":"INFORMAL O SIN DOCUMENTACION","COD_HAB_UR":"0320","ID_COD_URB":"1401010320","TIPO_HAB_U":"URB.","NOMB_HAB_U":"URB. LAS BRISAS PARCELA 2"},"geometry":{"type":"MultiPolygon","coordinates":[[[[-79.864309171504061,-6.780622524532204,0.0],[-79.863967479561211,-6.781166298918479,0.0],[-79.864267121414429,-6.781353409424086,0.0],[-79.864291089807111,-6.781315056477346,0.0],[-79.864315058195686,-6.781276703528766,0.0],[-79.864339026580183,-6.781238350578279,0.0],[-79.864362994960558,-6.781199997625915,0.0],[-79.864386963336841,-6.781161644671696,0.0],[-79.864586477881062,-6.781286230757918,0.0],[-79.86480698669213,-6.780933383387441,0.0],[-79.864309171504061,-6.780622524532204,0.0]]]]}},
{"type":"Feature","properties":{"Layer":"TG_HAB_URB","Color":2,"ESTADO":"INFORMAL O SIN DOCUMENTACION","COD_HAB_UR":"0022","ID_COD_URB":"1401010022","TIPO_HAB_U":"H.U.","NOMB_HAB_U":"H.U. SIN DENOMINACION 006"},"geometry":{"type":"MultiPolygon","coordinates":[[[[-79.866766507249764,-6.776711828514913,0.0],[-79.865800577492507,-6.778249055728594,0.0],[-79.866127343490263,-6.778449996558532,0.0],[-79.866237139536707,-6.778273913575797,0.0],[-79.866275531479985,-6.778297834055967,0.0],[-79.86631392342737,-6.778321754533725,0.0],[-79.866352315378833,-6.778345675009052,0.0],[-79.866390707334403,-6.778369595481952,0.0],[-79.866429099294066,-6.77839351595242,0.0],[-79.866467491257822,-6.778417436420442,0.0],[-79.86650588322567,-6.77844135688607,0.0],[-79.866642966972861,-6.778221511441322,0.0],[-79.866955897773664,-6.778416365257771,0.0],[-79.866766507249764,-6.776711828514913,0.0]]]]}},
{"type":"Feature","properties":{"Layer":"TG_HAB_URB","Color":2,"ESTADO":"INFORMAL O SIN DOCUMENTACION","COD_HAB_UR":"0270","ID_COD_URB":"1401010270","TIPO_HAB_U":"H.U.","NOMB_HAB_U":"H.U. AVIDUN"},"geometry":{"type":"MultiPolygon","coordinates":[[[[-79.860051985666985,-6.782524148020808,0.0],[-79.85997257737894,-6.782686687887731,0.0],[-79.859911730642736,-6.782811234239186,0.0],[-79.860217950927591,-6.782959708132722,0.0],[-79.860858158749608,-6.783307014803943,0.0],[-79.861192705248371,-6.783488502609835,0.0],[-79.861278455111886,-6.783330561822374,0.0],[-79.861285085764578,-6.783132431535323,0.0],[-79.861291716398313,-6.782934301245694,0.0],[-79.861302364282608,-6.782809586075343,0.0],[-79.861305927752156,-6.78265886170873,0.0],[-79.861476988194312,-6.782334244988331,0.0],[-79.861524734782037,-6.782246969394455,0.0],[-79.86161609666479,-6.782076068850365,0.0],[-79.86139858861732,-6.781940839973949,0.0],[-79.861366704006812,-6.781921016693754,0.0],[-79.861256836575379,-6.781852709956373,0.0],[-79.86117808546507,-6.781803748821178,0.0],[-79.861107898203613,-6.781758674006221,0.0],[-79.861028502270983,-6.781710121093743,0.0],[-79.860966802083453,-6.781672389627481,0.0],[-79.860919551453264,-6.781643012924993,0.0],[-79.860825050211446,-6.781584259509016,0.0],[-79.860779720356263,-6.781556076970897,0.0],[-79.860636816104446,-6.781467230303211,0.0],[-79.860584291221301,-6.781434574428704,0.0],[-79.860488457758862,-6.781630735951153,0.0],[-79.860443041762721,-6.781723697883196,0.0],[-79.86043500871186,-6.781740140717579,0.0],[-79.860401381419294,-6.781808972333453,0.0],[-79.860369618217234,-6.781873988323404,0.0],[-79.86033785500554,-6.781939004309667,0.0],[-79.860306091784224,-6.782004020292288,0.0],[-79.860292427345271,-6.782031989288744,0.0],[-79.860274328553274,-6.782069036271205,0.0],[-79.860242565312689,-6.78213405224643,0.0],[-79.860210802062483,-6.782199068218016,0.0],[-79.860179038802642,-6.782264084185912,0.0],[-79.860149445455136,-6.782324658556171,0.0],[-79.860115512254069,-6.782394116110698,0.0],[-79.860083748965323,-6.782459132067609,0.0],[-79.860051985666985,-6.782524148020808,0.0]]]]}},
{"type":"Feature","properties":{"Layer":"TG_HAB_URB","Color":2,"ESTADO":"INFORMAL O SIN DOCUMENTACION","COD_HAB_UR":"0218","ID_COD_URB":"1401010218","TIPO_HAB_U":"FDO.","NOMB_HAB_U":"FDO. LAS ÁNIMAS"},"geometry":{"type":"MultiPolygon","coordinates":[[[[-79.856143754103456,-6.779203242793549,0.0],[-79.856142365875442,-6.779339804045588,0.0],[-79.85613438733067,-6.779477501187441,0.0],[-79.856123678312827,-6.779545085003813,0.0],[-79.856126535861193,-6.77968026633203,0.0],[-79.856135316252931,-6.779815646433797,0.0],[-79.85613799039821,-6.779836277612922,0.0],[-79.856499526553065,-6.779795316532908,0.0],[-79.856529149228621,-6.780124332164829,0.0],[-79.856146588440453,-6.780157056094889,0.0],[-79.856149670862848,-6.780182725066398,0.0],[-79.856146794466838,-6.780305577719567,0.0],[-79.856145068270251,-6.780379296165453,0.0],[-79.856143465495123,-6.780447743718211,0.0],[-79.856142100150038,-6.78050605159658,0.0],[-79.856132269081726,-6.780925951004645,0.0],[-79.857627793266502,-6.781703836530512,0.0],[-79.85815836451988,-6.781961092446046,0.0],[-79.858665928763827,-6.780944574431174,0.0],[-79.858485974639777,-6.780887381191572,0.0],[-79.858292810048852,-6.780778212021973,0.0],[-79.858068433875445,-6.780718946653557,0.0],[-79.858068306649756,-6.780661063412058,0.0],[-79.858068145628167,-6.780587804942697,0.0],[-79.858068064122733,-6.780550723505907,0.0],[-79.858067982616802,-6.780513642057475,0.0],[-79.858067821359043,-6.780440277801154,0.0],[-79.858068005397371,-6.780336375147523,0.0],[-79.858068101873727,-6.780282109622682,0.0],[-79.858068265233584,-6.780189858273379,0.0],[-79.858068394157613,-6.780117052061173,0.0],[-79.858068531087326,-6.780039723716656,0.0],[-79.858068580794082,-6.780011652516703,0.0],[-79.858068612763688,-6.779993598041592,0.0],[-79.858068693638543,-6.779947924578926,0.0],[-79.858068781719425,-6.779898181074913,0.0],[-79.858068869799069,-6.779848437835452,0.0],[-79.858072925381904,-6.779848084767048,0.0],[-79.858073240479712,-6.779772017770211,0.0],[-79.858073105729616,-6.779765477464924,0.0],[-79.858072664653434,-6.779744069150365,0.0],[-79.858072528628782,-6.779689803734903,0.0],[-79.858073805364242,-6.779635992410688,0.0],[-79.858074217913185,-6.779567093071261,0.0],[-79.858075000104492,-6.779492476723736,0.0],[-79.858013380988581,-6.777980339292516,0.0],[-79.858576352643595,-6.778274040483084,0.0],[-79.858533617464147,-6.778119180853746,0.0],[-79.858486262036124,-6.777601208197445,0.0],[-79.858106974341538,-6.777614645899479,0.0],[-79.85790273607077,-6.777577079019922,0.0],[-79.857809132355129,-6.777341487509749,0.0],[-79.857399700893254,-6.777389122699463,0.0],[-79.857387666198846,-6.777738223017423,0.0],[-79.856221447335756,-6.77788765024397,0.0],[-79.856221058053123,-6.778114453372716,0.0],[-79.856220873758161,-6.778219815565247,0.0],[-79.856314786144921,-6.778212114395339,0.0],[-79.857195784580227,-6.778129218471776,0.0],[-79.857195234863013,-6.778147947665763,0.0],[-79.857191248049986,-6.778283780599433,0.0],[-79.85719286854733,-6.778283738937717,0.0],[-79.857193859938675,-6.778415000625269,0.0],[-79.857193912090878,-6.778421905673948,0.0],[-79.857194155835799,-6.778454177983864,0.0],[-79.856228555785393,-6.778536642662735,0.0],[-79.856238253543012,-6.778611111404319,0.0],[-79.856218898654035,-6.778669489906703,0.0],[-79.856220733350725,-6.778694401783256,0.0],[-79.856226969766382,-6.778779081077552,0.0],[-79.85615989707,-6.778785774837623,0.0],[-79.856156976443444,-6.77883975891855,0.0],[-79.856162991669208,-6.778913862139828,0.0],[-79.856167952513644,-6.778974978323848,0.0],[-79.856173354408639,-6.778974440177602,0.0],[-79.856159623987381,-6.779113043477592,0.0],[-79.856143754103456,-6.779203242793549,0.0]]]]}},
{"type":"Feature","properties":{"Layer":"TG_HAB_URB","Color":2,"ESTADO":"INFORMAL O SIN DOCUMENTACION","COD_HAB_UR":"0353","ID_COD_URB":"1401010353","TIPO_HAB_U":"H.U.","NOMB_HAB_U":"H.U. SIN DENOMINACION 054"},"geometry":{"type":"MultiPolygon","coordinates":[[[[-79.858665928763827,-6.780944574431174,0.0],[-79.85815836451988,-6.781961092446046,0.0],[-79.859911730642736,-6.782811234239186,0.0],[-79.85997257737894,-6.782686687887731,0.0],[-79.860051985666985,-6.782524148020808,0.0],[-79.860083748965323,-6.782459132067609,0.0],[-79.860115512254069,-6.782394116110698,0.0],[-79.860149445455136,-6.782324658556171,0.0],[-79.860179038802642,-6.782264084185912,0.0],[-79.860210802062483,-6.782199068218016,0.0],[-79.860242565312689,-6.78213405224643,0.0],[-79.860274328553274,-6.782069036271205,0.0],[-79.860292427345271,-6.782031989288744,0.0],[-79.860306091784224,-6.782004020292288,0.0],[-79.86033785500554,-6.781939004309667,0.0],[-79.860369618217234,-6.781873988323404,0.0],[-79.860401381419294,-6.781808972333453,0.0],[-79.86043500871186,-6.781740140717579,0.0],[-79.860443041762721,-6.781723697883196,0.0],[-79.860488457758862,-6.781630735951153,0.0],[-79.860584291221301,-6.781434574428704,0.0],[-79.860573968983687,-6.781428156865585,0.0],[-79.860448197944891,-6.781349962203722,0.0],[-79.860354914636758,-6.781297900009061,0.0],[-79.860239727825643,-6.781227880838313,0.0],[-79.860134590902078,-6.781163970703531,0.0],[-79.860051748121862,-6.781150299585564,0.0],[-79.859903909058659,-6.781134273112672,0.0],[-79.859722984799319,-6.781137721077237,0.0],[-79.859360217984616,-6.78113156859115,0.0],[-79.859175605075777,-6.781097442666031,0.0],[-79.859110609146754,-6.78108428610976,0.0],[-79.858972715614385,-6.781042077626677,0.0],[-79.858910633484655,-6.78102234666193,0.0],[-79.858736889779792,-6.780967127326964,0.0],[-79.858665928763827,-6.780944574431174,0.0]]]]}},
{"type":"Feature","properties":{"Layer":"TG_HAB_URB","Color":2,"ESTADO":"INFORMAL O SIN DOCUMENTACION","COD_HAB_UR":"0313","ID_COD_URB":"1401010313","TIPO_HAB_U":"H.U.","NOMB_HAB_U":"H.U. SIN DENOMINACION 053"},"geometry":{"type":"MultiPolygon","coordinates":[[[[-79.859653855471905,-6.778238032350523,0.0],[-79.859809787914841,-6.779426223395121,0.0],[-79.85989314045564,-6.779437487233168,0.0],[-79.86007659763564,-6.779428633628241,0.0],[-79.860236105975886,-6.779420935732206,0.0],[-79.860290652427025,-6.779426294438279,0.0],[-79.860457525997361,-6.779422356334201,0.0],[-79.859840099286203,-6.778217269010982,0.0],[-79.859653855471905,-6.778238032350523,0.0]]]]}},
{"type":"Feature","properties":{"Layer":"TG_HAB_URB","Color":2,"ESTADO":"INFORMAL O SIN DOCUMENTACION","COD_HAB_UR":"0357","ID_COD_URB":"1401010357","TIPO_HAB_U":"H.U.","NOMB_HAB_U":"H.U. SIN DENOMINACION 010"},"geometry":{"type":"MultiPolygon","coordinates":[[[[-79.857429390738588,-6.776951783191185,0.0],[-79.857398499492476,-6.777389262475563,0.0],[-79.857670427291467,-6.777357625152344,0.0],[-79.85765758407284,-6.777229149850014,0.0],[-79.857650791773779,-6.777161204052197,0.0],[-79.85764737313329,-6.777127006167173,0.0],[-79.857643999475002,-6.777093258254382,0.0],[-79.857637162194479,-6.7770248624845,0.0],[-79.857627897968428,-6.776932189102719,0.0],[-79.857429390738588,-6.776951783191185,0.0]]]]}},
{"type":"Feature","properties":{"Layer":"TG_HAB_URB","Color":2,"ESTADO":"INFORMAL O SIN DOCUMENTACION","COD_HAB_UR":"0309","ID_COD_URB":"1401010309","TIPO_HAB_U":"P.J.","NOMB_HAB_U":"P.J. CERRO POLOLO"},"geometry":{"type":"MultiPolygon","coordinates":[[[[-79.858486262036124,-6.777601208197445,0.0],[-79.858533617464147,-6.778119180853746,0.0],[-79.858576352643595,-6.778274040483084,0.0],[-79.858844762632174,-6.778328232973476,0.0],[-79.859068029549533,-6.77830334250326,0.0],[-79.859653855471905,-6.778238032350523,0.0],[-79.859840099286203,-6.778217269010982,0.0],[-79.859676535191639,-6.777583410037447,0.0],[-79.859081857171148,-6.77755181879061,0.0],[-79.858486262036124,-6.777601208197445,0.0]]]]}},
{"type":"Feature","properties":{"Layer":"TG_HAB_URB","Color":2,"ESTADO":"INFORMAL O SIN DOCUMENTACION","COD_HAB_UR":"0037","ID_COD_URB":"1401010037","TIPO_HAB_U":"URB.","NOMB_HAB_U":"URB. LA PRIMAVERA I"},"geometry":{"type":"MultiPolygon","coordinates":[[[[-79.849198156499099,-6.765966740816722,0.0],[-79.849412836188534,-6.766093986231458,0.0],[-79.849458183986954,-6.766297004427319,0.0],[-79.849441391490615,-6.766303370772952,0.0],[-79.849519096106121,-6.766496341538638,0.0],[-79.849535450203007,-6.766831757648411,0.0],[-79.849742860095205,-6.766807181921167,0.0],[-79.849757108837309,-6.766948727191139,0.0],[-79.849786250659449,-6.767238218462819,0.0],[-79.849822484624639,-6.767598170392127,0.0],[-79.849829731418751,-6.767670160778124,0.0],[-79.849833354815956,-6.767706155971124,0.0],[-79.849836978213247,-6.767742151164169,0.0],[-79.849848120160473,-6.767852836382845,0.0],[-79.849965778448222,-6.767945243736981,0.0],[-79.85002059959281,-6.768127095120584,0.0],[-79.85013809076618,-6.768298784787722,0.0],[-79.850237392398114,-6.76844676782663,0.0],[-79.850326938456973,-6.76862925286294,0.0],[-79.850378251573602,-6.768723617331701,0.0],[-79.850434432048687,-6.768810084600163,0.0],[-79.850982152675911,-6.768759629123447,0.0],[-79.850797230620842,-6.766697883167523,0.0],[-79.851881170836194,-6.766602337576208,0.0],[-79.851990896663523,-6.767968668706727,0.0],[-79.852136761185179,-6.767925659990513,0.0],[-79.852184960352901,-6.767911448268325,0.0],[-79.852231406821659,-6.767897753331084,0.0],[-79.852280048492474,-6.76788341112331,0.0],[-79.852341558653833,-6.767869939895101,0.0],[-79.85235075218354,-6.76786792643618,0.0],[-79.852411269749553,-6.767846308798758,0.0],[-79.85241891176014,-6.767843578975509,0.0],[-79.852474028967762,-6.767831499502842,0.0],[-79.852489613206473,-6.767828084063934,0.0],[-79.852543820474466,-6.767808692145691,0.0],[-79.852557761456453,-6.767803704946302,0.0],[-79.852610825461767,-6.767778402741508,0.0],[-79.852625936358393,-6.767761799039736,0.0],[-79.852640293930278,-6.767755179644166,0.0],[-79.852677894800792,-6.767751027809936,0.0],[-79.852721238114739,-6.767725009104323,0.0],[-79.852739545340071,-6.767714019377868,0.0],[-79.852784166091411,-6.767686615918199,0.0],[-79.853067272867321,-6.767502091154573,0.0],[-79.853022304716887,-6.767028617365745,0.0],[-79.852933254465313,-6.767037152214602,0.0],[-79.852854267742018,-6.766783179583551,0.0],[-79.852826870630864,-6.766695087218199,0.0],[-79.852779915072645,-6.766545354191007,0.0],[-79.852775439121928,-6.766531022917211,0.0],[-79.852757265734652,-6.766472834649494,0.0],[-79.852737465671709,-6.766409753405846,0.0],[-79.852734513282314,-6.766400347354109,0.0],[-79.852721062342169,-6.766356603134944,0.0],[-79.852712183745354,-6.766327728771912,0.0],[-79.852705699847448,-6.76630701250559,0.0],[-79.85269048993986,-6.76625841634716,0.0],[-79.852684492528141,-6.766239254415962,0.0],[-79.852675376866031,-6.766213697579362,0.0],[-79.852660301159389,-6.766164321305577,0.0],[-79.852655726787745,-6.766149339225192,0.0],[-79.852617432539063,-6.766005102399722,0.0],[-79.852609933714049,-6.765979968080506,0.0],[-79.852506643379428,-6.765633762678958,0.0],[-79.852871179193713,-6.765401858823756,0.0],[-79.850927913338666,-6.764310634274073,0.0],[-79.850311491470222,-6.7648918175509,0.0],[-79.849198156499099,-6.765966740816722,0.0]]]]}},
{"type":"Feature","properties":{"Layer":"TG_HAB_URB","Color":2,"ESTADO":"INFORMAL O SIN DOCUMENTACION","COD_HAB_UR":"0039","ID_COD_URB":"1401010039","TIPO_HAB_U":"URB.","NOMB_HAB_U":"URB. CHICLAYO I ETAPA"},"geometry":{"type":"MultiPolygon","coordinates":[[[[-79.847983627308253,-6.76713935765036,0.0],[-79.845701104781085,-6.76944629017,0.0],[-79.845346841844517,-6.769998445023245,0.0],[-79.845147797545195,-6.770595692764259,0.0],[-79.845099080140486,-6.77081824615521,0.0],[-79.845086861033906,-6.771046506169838,0.0],[-79.845113716918732,-6.771219492347426,0.0],[-79.848971967026245,-6.770829245142786,0.0],[-79.848872051426554,-6.769668457567396,0.0],[-79.849312757992308,-6.769616677660681,0.0],[-79.849099440006498,-6.767357914244544,0.0],[-79.848627851636223,-6.767409511564703,0.0],[-79.84856826736987,-6.766574894225843,0.0],[-79.847983627308253,-6.76713935765036,0.0]]]]}},
{"type":"Feature","properties":{"Layer":"TG_HAB_URB","Color":2,"ESTADO":"INFORMAL O SIN DOCUMENTACION","COD_HAB_UR":"0068","ID_COD_URB":"1401010068","TIPO_HAB_U":"URB.","NOMB_HAB_U":"URB. LOS PRECURSORES"},"geometry":{"type":"MultiPolygon","coordinates":[[[[-79.858866797396814,-6.769841645950442,0.0],[-79.859225356506627,-6.77326193541177,0.0],[-79.861163275296164,-6.773071057803567,0.0],[-79.860900904938603,-6.770522359346764,0.0],[-79.860235648070926,-6.770191565342335,0.0],[-79.858866797396814,-6.769841645950442,0.0]]]]}},
{"type":"Feature","properties":{"Layer":"TG_HAB_URB","Color":2,"ESTADO":"INFORMAL O SIN DOCUMENTACION","COD_HAB_UR":"0040","ID_COD_URB":"1401010040","TIPO_HAB_U":"LOTIZ","NOMB_HAB_U":"LOTIZ. PATAZCA"},"geometry":{"type":"MultiPolygon","coordinates":[[[[-79.851404729425809,-6.772918366453059,0.0],[-79.851522113774351,-6.774032361932565,0.0],[-79.853073457143992,-6.773874958634469,0.0],[-79.853044066853528,-6.77361600896571,0.0],[-79.853039073838801,-6.773572016895503,0.0],[-79.853034026953281,-6.773527550182458,0.0],[-79.853029130873907,-6.773484412178528,0.0],[-79.853023010282058,-6.773430485330503,0.0],[-79.853017197432408,-6.773379269911138,0.0],[-79.853010975237652,-6.773324447861587,0.0],[-79.853004906264061,-6.773270975798357,0.0],[-79.852998693764022,-6.773216239159893,0.0],[-79.8529925737555,-6.77316231743554,0.0],[-79.852986606594428,-6.773109742405344,0.0],[-79.852980323046822,-6.773054379776371,0.0],[-79.852974152095314,-6.773000009197613,0.0],[-79.852946199596204,-6.772753727275354,0.0],[-79.851404729425809,-6.772918366453059,0.0]]]]}},
{"type":"Feature","properties":{"Layer":"TG_HAB_URB","Color":2,"ESTADO":"INFORMAL O SIN DOCUMENTACION","COD_HAB_UR":"0040","ID_COD_URB":"1401010040","TIPO_HAB_U":"LOTIZ","NOMB_HAB_U":"LOTIZ. PATAZCA"},"geometry":{"type":"MultiPolygon","coordinates":[[[[-79.853616307658825,-6.7726821537278,0.0],[-79.85372594390499,-6.77380875410886,0.0],[-79.854821622742435,-6.77369565660162,0.0],[-79.858118195274557,-6.773370982973802,0.0],[-79.857879205193925,-6.771091211183061,0.0],[-79.856767755240625,-6.771209866319305,0.0],[-79.856888012084355,-6.772332692549805,0.0],[-79.853616307658825,-6.7726821537278,0.0]]]]}},
{"type":"Feature","properties":{"Layer":"TG_HAB_URB","Color":2,"ESTADO":"INFORMAL O SIN DOCUMENTACION","COD_HAB_UR":"0214","ID_COD_URB":"1401010214","TIPO_HAB_U":"H.U.","NOMB_HAB_U":"H.U. SIN DENOMINACION 049"},"geometry":{"type":"MultiPolygon","coordinates":[[[[-79.854821622742435,-6.77369565660162,0.0],[-79.854940546122776,-6.774791746948492,0.0],[-79.857232788150625,-6.774564474088841,0.0],[-79.857352074588391,-6.775661960409218,0.0],[-79.858349291828276,-6.775560406692112,0.0],[-79.858232235248821,-6.774486370690399,0.0],[-79.858118195274557,-6.773370982973802,0.0],[-79.854821622742435,-6.77369565660162,0.0]]]]}},
{"type":"Feature","properties":{"Layer":"TG_HAB_URB","Color":2,"ESTADO":"INFORMAL O SIN DOCUMENTACION","COD_HAB_UR":"0075","ID_COD_URB":"1401010075","TIPO_HAB_U":"H.U.","NOMB_HAB_U":"H.U. SIN DENOMINACION 015"},"geometry":{"type":"MultiPolygon","coordinates":[[[[-79.845113716918732,-6.771219492347426,0.0],[-79.845364153317433,-6.77283261967413,0.0],[-79.846023115302572,-6.772776157989789,0.0],[-79.84608899581778,-6.773435356595916,0.0],[-79.84696253989253,-6.773349871070351,0.0],[-79.847078979195629,-6.774483145360907,0.0],[-79.847404926281257,-6.774450077451295,0.0],[-79.847163232730281,-6.772155945132795,0.0],[-79.851279913140502,-6.771733839599707,0.0],[-79.851161259115997,-6.77060779250264,0.0],[-79.848971967026245,-6.770829245142786,0.0],[-79.845113716918732,-6.771219492347426,0.0]]]]}},
{"type":"Feature","properties":{"Layer":"TG_HAB_URB","Color":2,"ESTADO":"INFORMAL O SIN DOCUMENTACION","COD_HAB_UR":"0097","ID_COD_URB":"1401010097","TIPO_HAB_U":"H.U.","NOMB_HAB_U":"H.U. SIN DENOMINACION 018"},"geometry":{"type":"MultiPolygon","coordinates":[[[[-79.873858456143935,-6.771393217837114,0.0],[-79.87395031504569,-6.772293229779999,0.0],[-79.87487735404072,-6.772202487549661,0.0],[-79.877730120821951,-6.771923236001812,0.0],[-79.878211093478924,-6.771179068518246,0.0],[-79.876757670992035,-6.770396555816436,0.0],[-79.87689493860691,-6.771122471638509,0.0],[-79.875385439054526,-6.771044417704939,0.0],[-79.873811094647138,-6.77092918076085,0.0],[-79.873858456143935,-6.771393217837114,0.0]]]]}},
{"type":"Feature","properties":{"Layer":"TG_HAB_URB","Color":2,"ESTADO":"INFORMAL O SIN DOCUMENTACION","COD_HAB_UR":"0169","ID_COD_URB":"1401010169","TIPO_HAB_U":"A.H.","NOMB_HAB_U":"A.H. 28 DE JULIO"},"geometry":{"type":"MultiPolygon","coordinates":[[[[-79.88164582803465,-6.7589645937725,0.0],[-79.88171491455536,-6.759968132984949,0.0],[-79.881715562436796,-6.759976230819318,0.0],[-79.881793775423844,-6.759941904240209,0.0],[-79.881841824172469,-6.75992081631155,0.0],[-79.881894429263895,-6.759897728659277,0.0],[-79.881942892218404,-6.759876458926612,0.0],[-79.881992597809017,-6.759854643810423,0.0],[-79.882006199504204,-6.759848674207769,0.0],[-79.882279979760312,-6.759728515584639,0.0],[-79.882280266487555,-6.759603703933334,0.0],[-79.882303071389529,-6.759251456404397,0.0],[-79.882302779012974,-6.759207644839977,0.0],[-79.88228187555022,-6.758894585451808,0.0],[-79.88182794178725,-6.758805611290423,0.0],[-79.881794944903916,-6.75871319064747,0.0],[-79.881782813954388,-6.758635902634569,0.0],[-79.881770192159181,-6.758555487361114,0.0],[-79.881759183150592,-6.758485347372682,0.0],[-79.881749716806866,-6.758425035917719,0.0],[-79.881746396682118,-6.758362718255135,0.0],[-79.881755089867511,-6.758190189980614,0.0],[-79.881591459429004,-6.758183004106423,0.0],[-79.881575712406189,-6.758400356259276,0.0],[-79.881689233287432,-6.758866647996945,0.0],[-79.88164582803465,-6.7589645937725,0.0]]]]}},
{"type":"Feature","properties":{"Layer":"TG_HAB_URB","Color":2,"ESTADO":"INFORMAL O SIN DOCUMENTACION","COD_HAB_UR":"0225","ID_COD_URB":"1401010225","TIPO_HAB_U":"A.H.","NOMB_HAB_U":"A.H. SAN JUAN (SECTOR LA HUACA)"},"geometry":{"type":"MultiPolygon","coordinates":[[[[-79.881768812654016,-6.760601978191411,0.0],[-79.881839800290734,-6.761085606392359,0.0],[-79.881861773558029,-6.761228304316625,0.0],[-79.881905342805595,-6.761314477336309,0.0],[-79.882029466850923,-6.761804429081868,0.0],[-79.882138366863941,-6.761772613528808,0.0],[-79.882226058180095,-6.761748556355524,0.0],[-79.882439444858051,-6.761692183007563,0.0],[-79.882437328320634,-6.761574554570664,0.0],[-79.882436344668989,-6.761519887331462,0.0],[-79.882435361016576,-6.761465220092194,0.0],[-79.882434377363353,-6.761410552852822,0.0],[-79.88244005957678,-6.761409749339002,0.0],[-79.882444400626483,-6.761354329140244,0.0],[-79.882436797181001,-6.761300597996137,0.0],[-79.882429193736215,-6.761246866852089,0.0],[-79.882419898841022,-6.761181182754584,0.0],[-79.882642837846689,-6.761149545885843,0.0],[-79.882777204028955,-6.76113047817285,0.0],[-79.882863362198961,-6.761105764290746,0.0],[-79.882995281276436,-6.761069271477515,0.0],[-79.883127200339544,-6.7610327786252,0.0],[-79.883217227084884,-6.761008341037472,0.0],[-79.883351388454443,-6.760987882953816,0.0],[-79.883485549818673,-6.760967424831287,0.0],[-79.883557925517877,-6.760964605415284,0.0],[-79.88369248908036,-6.76094698350915,0.0],[-79.883809058130723,-6.760765537011792,0.0],[-79.883690533016917,-6.760699084711355,0.0],[-79.883720036031107,-6.76065353257157,0.0],[-79.883749735726084,-6.760607676748046,0.0],[-79.883778058608399,-6.760563946688546,0.0],[-79.883662919306218,-6.760493855424393,0.0],[-79.883638250669961,-6.760533106422653,0.0],[-79.883613520343417,-6.76034439265293,0.0],[-79.881768812654016,-6.760601978191411,0.0]]]]}},
{"type":"Feature","properties":{"Layer":"TG_HAB_URB","Color":2,"ESTADO":"INFORMAL O SIN DOCUMENTACION","COD_HAB_UR":"0425","ID_COD_URB":"1401010425","TIPO_HAB_U":"A.H.","NOMB_HAB_U":"A.H. LOS ÁNGELES"},"geometry":{"type":"MultiPolygon","coordinates":[[[[-79.873810714785165,-6.761033800415498,0.0],[-79.873805497707806,-6.761071883399703,0.0],[-79.87379960551138,-6.761114894523651,0.0],[-79.873794106281792,-6.761155038292394,0.0],[-79.873789075620948,-6.761191759279801,0.0],[-79.873784288316202,-6.761226705025444,0.0],[-79.873779243070246,-6.761263534021264,0.0],[-79.873774001431656,-6.761301795948513,0.0],[-79.87377038760539,-6.761341699077364,0.0],[-79.873766977723875,-6.761379350278493,0.0],[-79.873763347589062,-6.761419433458394,0.0],[-79.873759941051802,-6.761457047113962,0.0],[-79.87374471987971,-6.761625116478586,0.0],[-79.873748267550781,-6.761681115132371,0.0],[-79.873733196857273,-6.761898481778283,0.0],[-79.873757241092733,-6.761897980015752,0.0],[-79.873808892035385,-6.761896896602702,0.0],[-79.873829790635341,-6.761896459548484,0.0],[-79.873843446059865,-6.761896172950092,0.0],[-79.873883238073148,-6.761895339409299,0.0],[-79.873925228196711,-6.76189445938571,0.0],[-79.87394314929837,-6.761894083796501,0.0],[-79.873970784196118,-6.761893504624883,0.0],[-79.874016545455476,-6.761892545557909,0.0],[-79.874101708193265,-6.76189127357377,0.0],[-79.87417597325863,-6.76188909887473,0.0],[-79.874203496677737,-6.761888292905352,0.0],[-79.874244254217544,-6.761887099397806,0.0],[-79.874280483142144,-6.761886038499315,0.0],[-79.874308036959775,-6.761885231633826,0.0],[-79.874353264255546,-6.761883907227928,0.0],[-79.874389203034553,-6.761882854817737,0.0],[-79.874449149140432,-6.761881099385076,0.0],[-79.874492059556587,-6.761879842812711,0.0],[-79.874540360901804,-6.761878428369887,0.0],[-79.87457940074124,-6.761877285134806,0.0],[-79.874588571504546,-6.761877016579496,0.0],[-79.874676851208278,-6.761874431400527,0.0],[-79.874657042648423,-6.761735921180462,0.0],[-79.874436160207296,-6.760748701521879,0.0],[-79.87440345523197,-6.760616702982544,0.0],[-79.874343210479481,-6.760359753097401,0.0],[-79.874323602216322,-6.760361138404369,0.0],[-79.874267358893889,-6.760365111942359,0.0],[-79.874148995495815,-6.760357586212821,0.0],[-79.873963895893766,-6.76034581723375,0.0],[-79.873848859189081,-6.760369211939063,0.0],[-79.873849687042764,-6.760442107782873,0.0],[-79.873852266183007,-6.760669206957742,0.0],[-79.873833365876777,-6.760803577932291,0.0],[-79.873830309736476,-6.760890763582776,0.0],[-79.873821517170526,-6.760954946451371,0.0],[-79.873815993550593,-6.760995269502496,0.0],[-79.873810714785165,-6.761033800415498,0.0]]]]}},
{"type":"Feature","properties":{"Layer":"TG_HAB_URB","Color":2,"ESTADO":"INFORMAL O SIN DOCUMENTACION","COD_HAB_UR":"0160","ID_COD_URB":"1401010160","TIPO_HAB_U":"H.U.","NOMB_HAB_U":"H.U. SIN DENOMINACION 032"},"geometry":{"type":"MultiPolygon","coordinates":[[[[-79.867250112119763,-6.757039277533192,0.0],[-79.864749089888235,-6.757445452364609,0.0],[-79.864757595862685,-6.757591362250272,0.0],[-79.864480427799492,-6.757607424787871,0.0],[-79.864340141734544,-6.757791737886925,0.0],[-79.864230572308472,-6.757968301108901,0.0],[-79.86418001669945,-6.758186881406795,0.0],[-79.864302843842594,-6.758614500868276,0.0],[-79.864263941486627,-6.758622423038518,0.0],[-79.864306285068949,-6.758753692614047,0.0],[-79.864334189893427,-6.758840201331155,0.0],[-79.864402822089048,-6.758859604519834,0.0],[-79.864389324156008,-6.758821713746168,0.0],[-79.86439069588576,-6.758728441016878,0.0],[-79.864354667807248,-6.758551644235911,0.0],[-79.864398891721876,-6.75854212757952,0.0],[-79.864443115970204,-6.758532611199823,0.0],[-79.864487694011416,-6.758523018684798,0.0],[-79.864531476015102,-6.758513597460386,0.0],[-79.864619924504126,-6.758494564670892,0.0],[-79.864664148747011,-6.75848504826967,0.0],[-79.864707488503967,-6.758475722192328,0.0],[-79.864751712744692,-6.758466205782575,0.0],[-79.864795936984322,-6.758456689368476,0.0],[-79.864857408675604,-6.758443461545803,0.0],[-79.864908610743868,-6.758432443591365,0.0],[-79.864943203694438,-6.75842499967863,0.0],[-79.865045803917752,-6.75840292154812,0.0],[-79.865092681604054,-6.758392834118698,0.0],[-79.865136905835271,-6.758383317671423,0.0],[-79.865189974911303,-6.758371897928981,0.0],[-79.865170651343604,-6.758295668027953,0.0],[-79.865397298306164,-6.758241725411464,0.0],[-79.865464624199276,-6.758552407062962,0.0],[-79.866092121311965,-6.758426117381768,0.0],[-79.866117913137046,-6.758579193183321,0.0],[-79.866105241351093,-6.758582219247613,0.0],[-79.866131330365548,-6.75871357508733,0.0],[-79.866172976418127,-6.758704986419565,0.0],[-79.866194888169304,-6.75869937782342,0.0],[-79.866258380189194,-6.75880478280455,0.0],[-79.866309151035949,-6.758929397750833,0.0],[-79.866427209147545,-6.758991407011124,0.0],[-79.866470088409272,-6.759188933157727,0.0],[-79.866551616679516,-6.759427179381387,0.0],[-79.867805692757045,-6.75917884701237,0.0],[-79.867885360983593,-6.75999433329035,0.0],[-79.868019266993215,-6.760055500549596,0.0],[-79.868109342579231,-6.760047012619463,0.0],[-79.868191260621657,-6.759952016456102,0.0],[-79.86831399702038,-6.759809685225456,0.0],[-79.868356910917683,-6.759781264183413,0.0],[-79.868471027629042,-6.759599178503541,0.0],[-79.868609294444113,-6.759508271018817,0.0],[-79.868633572865789,-6.759505571010184,0.0],[-79.868705508929594,-6.75949757097725,0.0],[-79.868777444992801,-6.759489570933337,0.0],[-79.868849381055384,-6.759481570878318,0.0],[-79.868921317117341,-6.759473570812351,0.0],[-79.868993253178687,-6.759465570735276,0.0],[-79.869065189239421,-6.75945757064719,0.0],[-79.869137125299517,-6.759449570548141,0.0],[-79.869216254964911,-6.759440770426417,0.0],[-79.869282643875792,-6.759515788439105,0.0],[-79.86930163419926,-6.759613277343128,0.0],[-79.869344329916515,-6.759747377704997,0.0],[-79.869341230479122,-6.759850358918939,0.0],[-79.869304570502166,-6.759932711694948,0.0],[-79.869262988708016,-6.76002612076975,0.0],[-79.869283153399195,-6.760116349868335,0.0],[-79.869310486106102,-6.760249380634397,0.0],[-79.869370841412191,-6.760425368771097,0.0],[-79.8694311967526,-6.760601356906365,0.0],[-79.869480309516206,-6.760725114693564,0.0],[-79.869537715736399,-6.760900959278218,0.0],[-79.869646867711722,-6.761155926154268,0.0],[-79.870685623866393,-6.761034048386962,0.0],[-79.870639335242302,-6.760793730323089,0.0],[-79.870630983511631,-6.76075037037323,0.0],[-79.870857911833639,-6.760592395031333,0.0],[-79.870818034567861,-6.760467521272662,0.0],[-79.870806675546703,-6.760396063344265,0.0],[-79.870994104881902,-6.760334667403348,0.0],[-79.87111467209877,-6.760271772636797,0.0],[-79.871290311283317,-6.760208705236087,0.0],[-79.87146593318181,-6.760145643958092,0.0],[-79.871598087429931,-6.76011557439621,0.0],[-79.871755364977915,-6.760057019631627,0.0],[-79.871825827665532,-6.760032402699868,0.0],[-79.871896135613298,-6.760007347549241,0.0],[-79.872055147572453,-6.759949705446575,0.0],[-79.872113950778697,-6.761800764636789,0.0],[-79.873748267550781,-6.761681115132371,0.0],[-79.87374471987971,-6.761625116478586,0.0],[-79.873759941051802,-6.761457047113962,0.0],[-79.873763347589062,-6.761419433458394,0.0],[-79.873766977723875,-6.761379350278493,0.0],[-79.87377038760539,-6.761341699077364,0.0],[-79.873774001431656,-6.761301795948513,0.0],[-79.873779243070246,-6.761263534021264,0.0],[-79.873784288316202,-6.761226705025444,0.0],[-79.873789075620948,-6.761191759279801,0.0],[-79.873794106281792,-6.761155038292394,0.0],[-79.87379960551138,-6.761114894523651,0.0],[-79.873805497707806,-6.761071883399703,0.0],[-79.873810714785165,-6.761033800415498,0.0],[-79.873815993550593,-6.760995269502496,0.0],[-79.873821517170526,-6.760954946451371,0.0],[-79.873830309736476,-6.760890763582776,0.0],[-79.873833365876777,-6.760803577932291,0.0],[-79.873852266183007,-6.760669206957742,0.0],[-79.873849687042764,-6.760442107782873,0.0],[-79.873848859189081,-6.760369211939063,0.0],[-79.873963895893766,-6.76034581723375,0.0],[-79.873980842726581,-6.760346894748006,0.0],[-79.873992178317252,-6.760206766603281,0.0],[-79.873994113786338,-6.75948155926436,0.0],[-79.87397099025408,-6.75921867494989,0.0],[-79.874577467510377,-6.759982179806626,0.0],[-79.874722122122023,-6.759866386407859,0.0],[-79.873694890888714,-6.758566554651869,0.0],[-79.873683963475116,-6.758540144532529,0.0],[-79.873045338952451,-6.757571791881388,0.0],[-79.872697130155444,-6.757716686730175,0.0],[-79.872479031958306,-6.757761293520933,0.0],[-79.87203412225729,-6.757852120205007,0.0],[-79.872015727023722,-6.757804303377146,0.0],[-79.872005492861476,-6.75757175181275,0.0],[-79.871947756720161,-6.757107610466855,0.0],[-79.871905344458924,-6.756800193103413,0.0],[-79.871827899186769,-6.756518689020956,0.0],[-79.871839683948565,-6.756429179557435,0.0],[-79.871858802540132,-6.756209693319654,0.0],[-79.871893166956582,-6.755957228415781,0.0],[-79.871931237755206,-6.755726435015585,0.0],[-79.871897590620094,-6.755683533912187,0.0],[-79.871725241490779,-6.755638759537746,0.0],[-79.871282075959002,-6.755568163011959,0.0],[-79.870819041310241,-6.755488694587215,0.0],[-79.870563673951324,-6.755514349735747,0.0],[-79.870178311227235,-6.755810342000085,0.0],[-79.868993702529878,-6.755865679647707,0.0],[-79.8689077149279,-6.755638213578771,0.0],[-79.868194553082915,-6.755308341953507,0.0],[-79.868183366452996,-6.754971862400573,0.0],[-79.867113906328925,-6.754937680081859,0.0],[-79.867135577059656,-6.755772702630975,0.0],[-79.867250112119763,-6.757039277533192,0.0]]]]}},
{"type":"Feature","properties":{"Layer":"TG_HAB_URB","Color":2,"ESTADO":"INFORMAL O SIN DOCUMENTACION","COD_HAB_UR":"0436","ID_COD_URB":"1401010436","TIPO_HAB_U":"H.U.","NOMB_HAB_U":"H.U. NADINE HEREDIA"},"geometry":{"type":"MultiPolygon","coordinates":[[[[-79.876939578639067,-6.76592259099113,0.0],[-79.877110550132514,-6.766966686992811,0.0],[-79.877124416892514,-6.767061919085105,0.0],[-79.879825306623971,-6.766972363398685,0.0],[-79.879782258085484,-6.766044541446194,0.0],[-79.879835255370764,-6.766041609404813,0.0],[-79.87983248559334,-6.765989517458229,0.0],[-79.879818409464306,-6.765724800021053,0.0],[-79.87981564833234,-6.765672881745933,0.0],[-79.879764928490715,-6.765671038745991,0.0],[-79.879731374537229,-6.764947855621151,0.0],[-79.878405410909039,-6.765076697853313,0.0],[-79.878399990495254,-6.765338352199464,0.0],[-79.87845428549393,-6.76559782490838,0.0],[-79.877245708253,-6.765826723595391,0.0],[-79.877157754364987,-6.765829585873821,0.0],[-79.877149960176354,-6.765778538258384,0.0],[-79.87707646281045,-6.765784630926674,0.0],[-79.876927788950454,-6.765796955422045,0.0],[-79.876939578639067,-6.76592259099113,0.0]]]]}},
{"type":"Feature","properties":{"Layer":"TG_HAB_URB","Color":2,"ESTADO":"INFORMAL O SIN DOCUMENTACION","COD_HAB_UR":"0418","ID_COD_URB":"1401010418","TIPO_HAB_U":"LOTIZ","NOMB_HAB_U":"LOTIZ. VILLA DEL SOL NORTE"},"geometry":{"type":"MultiPolygon","coordinates":[[[[-79.887089803913682,-6.760553439910248,0.0],[-79.886916103526914,-6.760762522482568,0.0],[-79.886852150063135,-6.760840458586275,0.0],[-79.886613141521792,-6.761128151778585,0.0],[-79.88655238218827,-6.76120277592028,0.0],[-79.886330150486046,-6.761471143024371,0.0],[-79.886269232111275,-6.761545041431678,0.0],[-79.885975565504481,-6.761903051292,0.0],[-79.885912924541771,-6.761976168620824,0.0],[-79.885706923738127,-6.762231866626943,0.0],[-79.885819057546271,-6.762337105844762,0.0],[-79.88604793702477,-6.76243117396799,0.0],[-79.886135155079089,-6.76246147368244,0.0],[-79.886886908826327,-6.762774849357493,0.0],[-79.8869720929506,-6.762810359073993,0.0],[-79.887211900525315,-6.763033795200767,0.0],[-79.887261281408527,-6.763072544287559,0.0],[-79.887437161962225,-6.763244086688278,0.0],[-79.887650795801619,-6.763409247597981,0.0],[-79.887802350269837,-6.763480898533144,0.0],[-79.88777869277915,-6.763270372743492,0.0],[-79.887773925243096,-6.763144608659659,0.0],[-79.887747872420093,-6.762937763602615,0.0],[-79.887663338734328,-6.76270654041016,0.0],[-79.887623258714058,-6.762589906970939,0.0],[-79.887646293864719,-6.762359295516973,0.0],[-79.887694380820989,-6.762139127090652,0.0],[-79.887720494616232,-6.7620423928489,0.0],[-79.887757155824673,-6.761881335674997,0.0],[-79.887788806634731,-6.761718189888338,0.0],[-79.887804061499153,-6.761624596763181,0.0],[-79.88783980311652,-6.76144351116173,0.0],[-79.88789222835598,-6.761266931286891,0.0],[-79.887894021062792,-6.761170175341058,0.0],[-79.887943123225114,-6.760994659191947,0.0],[-79.887970510726333,-6.760811861894285,0.0],[-79.887974434750035,-6.760781620345221,0.0],[-79.887888924443445,-6.760758549354312,0.0],[-79.887836542374814,-6.760744416474009,0.0],[-79.887784161188648,-6.760730283825608,0.0],[-79.887694382535074,-6.760706543692574,0.0],[-79.887089803913682,-6.760553439910248,0.0]]]]}},
{"type":"Feature","properties":{"Layer":"TG_HAB_URB","Color":2,"ESTADO":"INFORMAL O SIN DOCUMENTACION","COD_HAB_UR":"0446","ID_COD_URB":"1401010446","TIPO_HAB_U":"H.U.","NOMB_HAB_U":"H.U. SUB DIVISIÓN SAN FÉLIX"},"geometry":{"type":"MultiPolygon","coordinates":[[[[-79.879877758404049,-6.762360006095014,0.0],[-79.879802566913881,-6.762517444181637,0.0],[-79.879791790553185,-6.762564259638445,0.0],[-79.879823138450547,-6.762882176404496,0.0],[-79.879964775091707,-6.762866497145278,0.0],[-79.880175942642794,-6.762818876875591,0.0],[-79.880384411909546,-6.762776675823448,0.0],[-79.88076665960277,-6.762692012792903,0.0],[-79.881031296259977,-6.76262181835453,0.0],[-79.881018877280653,-6.762537750086573,0.0],[-79.881009713997344,-6.762482515020195,0.0],[-79.881011420780652,-6.762427373928266,0.0],[-79.880130492760372,-6.761912999266732,0.0],[-79.879982349412472,-6.762167912355838,0.0],[-79.879877758404049,-6.762360006095014,0.0]]]]}},
{"type":"Feature","properties":{"Layer":"TG_HAB_URB","Color":2,"ESTADO":"INFORMAL O SIN DOCUMENTACION","COD_HAB_UR":"0219","ID_COD_URB":"1401010219","TIPO_HAB_U":"A.H.","NOMB_HAB_U":"A.H. LAS DELICIAS"},"geometry":{"type":"MultiPolygon","coordinates":[[[[-79.87573285628433,-6.775157319905148,0.0],[-79.875121830696912,-6.776061250121602,0.0],[-79.877627551615006,-6.776530793656689,0.0],[-79.877784441557907,-6.776098774467474,0.0],[-79.877649015367993,-6.776004800968302,0.0],[-79.877296450876841,-6.776144069970378,0.0],[-79.876730317993577,-6.776009360183774,0.0],[-79.876606487026265,-6.775694624131168,0.0],[-79.876463464854595,-6.775504677127673,0.0],[-79.876063720669123,-6.775224649300215,0.0],[-79.87573285628433,-6.775157319905148,0.0]]]]}},
{"type":"Feature","properties":{"Layer":"TG_HAB_URB","Color":2,"ESTADO":"INFORMAL O SIN DOCUMENTACION","COD_HAB_UR":"0196","ID_COD_URB":"1401010196","TIPO_HAB_U":"C.P.","NOMB_HAB_U":"C.P.M. SAN HILDEBRANDO"},"geometry":{"type":"MultiPolygon","coordinates":[[[[-79.871767350989884,-6.785516583538144,0.0],[-79.8713419818951,-6.786508549516952,0.0],[-79.871663861578639,-6.78663924588581,0.0],[-79.871824075752272,-6.786265379904891,0.0],[-79.872404658041035,-6.786499750429399,0.0],[-79.872677204807388,-6.785865799206899,0.0],[-79.871767350989884,-6.785516583538144,0.0]]]]}},
{"type":"Feature","properties":{"Layer":"TG_HAB_URB","Color":2,"ESTADO":"INFORMAL O SIN DOCUMENTACION","COD_HAB_UR":"0074","ID_COD_URB":"1401010074","TIPO_HAB_U":"H.U.","NOMB_HAB_U":"H.U. SIN DENOMINACION 014"},"geometry":{"type":"MultiPolygon","coordinates":[[[[-79.860900904938603,-6.770522359346764,0.0],[-79.861163275296164,-6.773071057803567,0.0],[-79.861346742025972,-6.773052986615453,0.0],[-79.864461997815184,-6.772716789770281,0.0],[-79.863735072279468,-6.772271624451044,0.0],[-79.86201888796397,-6.771196476294809,0.0],[-79.862048627534577,-6.77149142826728,0.0],[-79.862055432467983,-6.771558918423637,0.0],[-79.862062691064011,-6.771630907923807,0.0],[-79.862069949660423,-6.771702897424021,0.0],[-79.862077208257219,-6.771774886924263,0.0],[-79.86209599567583,-6.771961217256091,0.0],[-79.862033076720692,-6.771968514570781,0.0],[-79.861947057519714,-6.771978491028717,0.0],[-79.86186346519176,-6.771988186004036,0.0],[-79.86175317724792,-6.77200097709377,0.0],[-79.861676056582041,-6.772009921458912,0.0],[-79.861600553831423,-6.772018678167711,0.0],[-79.861521275942422,-6.772027872698833,0.0],[-79.861445054116373,-6.772036712779568,0.0],[-79.861369641247578,-6.772045459026465,0.0],[-79.861319845383846,-6.772051234253152,0.0],[-79.861247584742955,-6.772059614891148,0.0],[-79.861239589618378,-6.771979518569355,0.0],[-79.861231459744957,-6.771898072309621,0.0],[-79.861223599370547,-6.771819325925941,0.0],[-79.861215334748792,-6.771736529728337,0.0],[-79.861207115043911,-6.771654183510114,0.0],[-79.861199030088784,-6.771573187229915,0.0],[-79.861190990050503,-6.771492640929146,0.0],[-79.861182815263462,-6.771410744690391,0.0],[-79.861174730309699,-6.771329748410383,0.0],[-79.861166555523582,-6.771247852171735,0.0],[-79.861158470570743,-6.771166855891818,0.0],[-79.861150385618359,-6.771085859611937,0.0],[-79.861142615081235,-6.771008013187465,0.0],[-79.861134440296951,-6.770926116949044,0.0],[-79.861126355345931,-6.770845120669337,0.0],[-79.861104229519341,-6.770623460720995,0.0],[-79.860900904938603,-6.770522359346764,0.0]]]]}},
{"type":"Feature","properties":{"Layer":"TG_HAB_URB","Color":2,"ESTADO":"INFORMAL O SIN DOCUMENTACION","COD_HAB_UR":"0216","ID_COD_URB":"1401010216","TIPO_HAB_U":"H.U.","NOMB_HAB_U":"H.U. SIN DENOMINACION 051"},"geometry":{"type":"MultiPolygon","coordinates":[[[[-79.845860994999143,-6.776340632815617,0.0],[-79.845782791639891,-6.776840927680367,0.0],[-79.848696424593342,-6.777401393087553,0.0],[-79.849405972134164,-6.777537878646006,0.0],[-79.850271451539328,-6.777838699092174,0.0],[-79.8511153791884,-6.778223117827679,0.0],[-79.852076122662368,-6.778660745143848,0.0],[-79.851802790284935,-6.778743679217899,0.0],[-79.85274615050055,-6.779307192711591,0.0],[-79.852729302026916,-6.779060601206534,0.0],[-79.8527259111886,-6.779010973458267,0.0],[-79.852722612827549,-6.778962699194117,0.0],[-79.852719255418492,-6.778914886526668,0.0],[-79.852716134410088,-6.77886522936099,0.0],[-79.852704826335923,-6.778702379096449,0.0],[-79.852691816237865,-6.778515017608878,0.0],[-79.853038700230627,-6.77843291378996,0.0],[-79.852754506862638,-6.775246867055039,0.0],[-79.853032107063754,-6.775276380582067,0.0],[-79.853099566869673,-6.775283552659488,0.0],[-79.853199521400441,-6.775294179438681,0.0],[-79.853334777221392,-6.775308559281657,0.0],[-79.85336101812922,-6.775311349102721,0.0],[-79.853367627757649,-6.775376849950783,0.0],[-79.853510665228953,-6.775358714772795,0.0],[-79.853708018758383,-6.775333692995068,0.0],[-79.853703773197452,-6.775290048625072,0.0],[-79.853710711927192,-6.775289308078831,0.0],[-79.853772528443045,-6.77528439105519,0.0],[-79.853788361427888,-6.775266619654534,0.0],[-79.853758548493005,-6.774984228293699,0.0],[-79.853744488583018,-6.77497105935696,0.0],[-79.853738521732154,-6.774910921643809,0.0],[-79.853832297735849,-6.774901624333851,0.0],[-79.85372594390499,-6.77380875410886,0.0],[-79.853073457143992,-6.773874958634469,0.0],[-79.851522113774351,-6.774032361932565,0.0],[-79.847404926281257,-6.774450077451295,0.0],[-79.847078979195629,-6.774483145360907,0.0],[-79.846202597846514,-6.774572054676144,0.0],[-79.845619271581242,-6.774628575362841,0.0],[-79.845860994999143,-6.776340632815617,0.0]]]]}},
{"type":"Feature","properties":{"Layer":"TG_HAB_URB","Color":2,"ESTADO":"INFORMAL O SIN DOCUMENTACION","COD_HAB_UR":"0452","ID_COD_URB":"1401010452","TIPO_HAB_U":"ASOC","NOMB_HAB_U":"ASOC. PRO VIVIENDA JUAN VELASCO ALVARADO"},"geometry":{"type":"MultiPolygon","coordinates":[[[[-79.89648665041392,-6.764675288710531,0.0],[-79.89726759060845,-6.768003839370594,0.0],[-79.899386662173001,-6.767353162358199,0.0],[-79.900156438762806,-6.767179170353434,0.0],[-79.900561753684116,-6.767141267310961,0.0],[-79.900566743676066,-6.766875480721739,0.0],[-79.900445837077754,-6.766221318839451,0.0],[-79.900210454319165,-6.765223988915769,0.0],[-79.900144043483465,-6.764653548857129,0.0],[-79.898760744253494,-6.764320137890553,0.0],[-79.89792455211078,-6.764360026716675,0.0],[-79.89648665041392,-6.764675288710531,0.0]]]]}},
{"type":"Feature","properties":{"Layer":"TG_HAB_URB","Color":2,"ESTADO":"INFORMAL O SIN DOCUMENTACION","COD_HAB_UR":"0453","ID_COD_URB":"1401010453","TIPO_HAB_U":"H.U.","NOMB_HAB_U":"H.U. SIN DENOMINACION 020"},"geometry":{"type":"MultiPolygon","coordinates":[[[[-79.900210454319165,-6.765223988915769,0.0],[-79.900445837077754,-6.766221318839451,0.0],[-79.900566743676066,-6.766875480721739,0.0],[-79.900561753684116,-6.767141267310961,0.0],[-79.900875114765739,-6.767171668653954,0.0],[-79.910714183122423,-6.771066195929455,0.0],[-79.910906587537113,-6.770654003588976,0.0],[-79.898267084262628,-6.762898003650935,0.0],[-79.898535983244031,-6.762437492766366,0.0],[-79.898530141397842,-6.762260987586521,0.0],[-79.898498280353778,-6.761927754103382,0.0],[-79.898545640512239,-6.76115757437046,0.0],[-79.89657860287727,-6.761061605963103,0.0],[-79.895398717870222,-6.76089363477475,0.0],[-79.895358822412305,-6.761303344878289,0.0],[-79.895406493935909,-6.761724416262411,0.0],[-79.895762790885726,-6.762956180035151,0.0],[-79.89648665041392,-6.764675288710531,0.0],[-79.89792455211078,-6.764360026716675,0.0],[-79.898760744253494,-6.764320137890553,0.0],[-79.900144043483465,-6.764653548857129,0.0],[-79.900210454319165,-6.765223988915769,0.0]]]]}},
{"type":"Feature","properties":{"Layer":"TG_HAB_URB","Color":2,"ESTADO":"INFORMAL O SIN DOCUMENTACION","COD_HAB_UR":"0168","ID_COD_URB":"1401010168","TIPO_HAB_U":"H.U.","NOMB_HAB_U":"H.U. SIN DENOMINACION 033"},"geometry":{"type":"MultiPolygon","coordinates":[[[[-79.881715562436796,-6.759976230819318,0.0],[-79.881761808867225,-6.760554262411268,0.0],[-79.881768812654016,-6.760601978191411,0.0],[-79.881842339933414,-6.760591711360713,0.0],[-79.881829870520818,-6.760506974141864,0.0],[-79.881820846924754,-6.760369356607628,0.0],[-79.881812336562149,-6.76023956633868,0.0],[-79.881813626297031,-6.76014344738865,0.0],[-79.881802691930247,-6.760012760701312,0.0],[-79.881849358783811,-6.760006792855215,0.0],[-79.881909935948855,-6.759999046124944,0.0],[-79.8819637823172,-6.759992160135889,0.0],[-79.882017628684963,-6.759985274140624,0.0],[-79.88201284016057,-6.759928042382376,0.0],[-79.882006199504204,-6.759848674207769,0.0],[-79.881992597809017,-6.759854643810423,0.0],[-79.881942892218404,-6.759876458926612,0.0],[-79.881894429263895,-6.759897728659277,0.0],[-79.881841824172469,-6.75992081631155,0.0],[-79.881793775423844,-6.759941904240209,0.0],[-79.881715562436796,-6.759976230819318,0.0]]]]}},
{"type":"Feature","properties":{"Layer":"TG_HAB_URB","Color":2,"ESTADO":"INFORMAL O SIN DOCUMENTACION","COD_HAB_UR":"0371","ID_COD_URB":"1401010371","TIPO_HAB_U":"CONJ","NOMB_HAB_U":"CONJ.RES. SAN GABRIEL"},"geometry":{"type":"MultiPolygon","coordinates":[[[[-79.87359532411331,-6.773115507633571,0.0],[-79.87373388871481,-6.774784697403629,0.0],[-79.873760772303768,-6.774788113895885,0.0],[-79.87382883497402,-6.774858625471897,0.0],[-79.873832344938521,-6.774919932729349,0.0],[-79.875171997246227,-6.774889272806934,0.0],[-79.875386968629684,-6.774884624609848,0.0],[-79.875654503573955,-6.774437799734865,0.0],[-79.876006351757894,-6.77387900885278,0.0],[-79.875952065843379,-6.773878730354212,0.0],[-79.875897779929844,-6.773878451849604,0.0],[-79.875843494017388,-6.773878173338923,0.0],[-79.875789208105985,-6.773877894822184,0.0],[-79.875734922195647,-6.773877616299407,0.0],[-79.875680636286361,-6.773877337770556,0.0],[-79.875626350378155,-6.773877059235649,0.0],[-79.875572064471001,-6.773876780694702,0.0],[-79.875544921518383,-6.77387664142195,0.0],[-79.875517921086697,-6.773848747594418,0.0],[-79.875490960333906,-6.773820894754497,0.0],[-79.875426988414617,-6.773747786029365,0.0],[-79.875267421840135,-6.77355903639095,0.0],[-79.875079510536779,-6.773336754392217,0.0],[-79.874976924454046,-6.77308908306885,0.0],[-79.874935761718206,-6.772980465795312,0.0],[-79.874860319497131,-6.772788732496338,0.0],[-79.874823523144173,-6.772744049994988,0.0],[-79.874739577212409,-6.772726301040074,0.0],[-79.87469106354753,-6.77277249417767,0.0],[-79.874498220917218,-6.772827605486005,0.0],[-79.874305451793319,-6.772843679511663,0.0],[-79.874205311951812,-6.772937870116778,0.0],[-79.874132333174714,-6.772942390007819,0.0],[-79.874117390819364,-6.772942710303011,0.0],[-79.87403543911897,-6.772973565249262,0.0],[-79.87359532411331,-6.773115507633571,0.0]]]]}},
{"type":"Feature","properties":{"Layer":"TG_HAB_URB","Color":2,"ESTADO":"INFORMAL O SIN DOCUMENTACION","COD_HAB_UR":"0152","ID_COD_URB":"1401010152","TIPO_HAB_U":"H.U.","NOMB_HAB_U":"H.U. SIN DENOMINACION 030"},"geometry":{"type":"MultiPolygon","coordinates":[[[[-79.871243304696549,-6.773364920071954,0.0],[-79.870303353644275,-6.774901306898639,0.0],[-79.870122481816452,-6.77518699226917,0.0],[-79.869770933345393,-6.775763728785023,0.0],[-79.869683281210328,-6.775907527115542,0.0],[-79.870007551611963,-6.77610483433868,0.0],[-79.871378289555963,-6.776938876690539,0.0],[-79.873610481316433,-6.778297067871303,0.0],[-79.875121830696912,-6.776061250121602,0.0],[-79.87573285628433,-6.775157319905148,0.0],[-79.876144847730217,-6.774547847511236,0.0],[-79.875654503573955,-6.774437799734865,0.0],[-79.875386968629684,-6.774884624609848,0.0],[-79.875171997246227,-6.774889272806934,0.0],[-79.873832344938521,-6.774919932729349,0.0],[-79.87382883497402,-6.774858625471897,0.0],[-79.873760772303768,-6.774788113895885,0.0],[-79.87373388871481,-6.774784697403629,0.0],[-79.87359532411331,-6.773115507633571,0.0],[-79.87403543911897,-6.772973565249262,0.0],[-79.874117390819364,-6.772942710303011,0.0],[-79.874132333174714,-6.772942390007819,0.0],[-79.874205311951812,-6.772937870116778,0.0],[-79.874305451793319,-6.772843679511663,0.0],[-79.874498220917218,-6.772827605486005,0.0],[-79.87469106354753,-6.77277249417767,0.0],[-79.874739577212409,-6.772726301040074,0.0],[-79.874784439328408,-6.772656882684389,0.0],[-79.874891463526623,-6.772442838467143,0.0],[-79.87487735404072,-6.772202487549661,0.0],[-79.87395031504569,-6.772293229779999,0.0],[-79.873563319531911,-6.772333498213828,0.0],[-79.872086501917536,-6.772487164059996,0.0],[-79.872096146009014,-6.772579780634516,0.0],[-79.872095332062372,-6.772764606847835,0.0],[-79.872104383979504,-6.772763621920869,0.0],[-79.872091869033198,-6.772951487168705,0.0],[-79.87209261980945,-6.773073744371437,0.0],[-79.872079418318208,-6.773254605161287,0.0],[-79.87207446691427,-6.77332243945544,0.0],[-79.872068986691886,-6.773397518520809,0.0],[-79.872064430223958,-6.773459942109072,0.0],[-79.872059410770532,-6.773528708556459,0.0],[-79.872052695259995,-6.773743719057662,0.0],[-79.872048699717055,-6.773770600975144,0.0],[-79.872013276032106,-6.773826823663188,0.0],[-79.871283335129789,-6.773367266413491,0.0],[-79.871243304696549,-6.773364920071954,0.0]]]]}},
{"type":"Feature","properties":{"Layer":"TG_HAB_URB","Color":2,"ESTADO":"INFORMAL O SIN DOCUMENTACION","COD_HAB_UR":"0316","ID_COD_URB":"1401010316","TIPO_HAB_U":"LOTIZ","NOMB_HAB_U":"LOTIZ. CRISTO REDENTOR"},"geometry":{"type":"MultiPolygon","coordinates":[[[[-79.875131367127224,-6.783965573002062,0.0],[-79.875595676669008,-6.785118644187587,0.0],[-79.876286621157334,-6.785094653285899,0.0],[-79.8762833655679,-6.785058060432683,0.0],[-79.876166963703341,-6.783859447029941,0.0],[-79.875131367127224,-6.783965573002062,0.0]]]]}},
{"type":"Feature","properties":{"Layer":"TG_HAB_URB","Color":2,"ESTADO":"INFORMAL O SIN DOCUMENTACION","COD_HAB_UR":"0188","ID_COD_URB":"1401010188","TIPO_HAB_U":"H.U.","NOMB_HAB_U":"H.U. SIN DENOMINACION 041"},"geometry":{"type":"MultiPolygon","coordinates":[[[[-79.876166963703341,-6.783859447029941,0.0],[-79.8762833655679,-6.785058060432683,0.0],[-79.876374752307271,-6.785049621604341,0.0],[-79.876418448959484,-6.785045586564639,0.0],[-79.876463497054473,-6.785041426725725,0.0],[-79.876508545149363,-6.785037266882431,0.0],[-79.876554944687015,-6.785032982239327,0.0],[-79.876598641338873,-6.785028947182959,0.0],[-79.876643689433507,-6.785024787326711,0.0],[-79.876688287047102,-6.785020669064818,0.0],[-79.876733335141537,-6.785016509200024,0.0],[-79.876778833716841,-6.785012307732195,0.0],[-79.876823431330166,-6.785008189457495,0.0],[-79.876868479424331,-6.785004029579763,0.0],[-79.876913527518411,-6.784999869697736,0.0],[-79.876958575612406,-6.784995709811362,0.0],[-79.877003623706315,-6.784991549920676,0.0],[-79.877048671800125,-6.784987390025693,0.0],[-79.877093719893864,-6.784983230126397,0.0],[-79.877138767987489,-6.784979070222793,0.0],[-79.877184717042908,-6.784974827116673,0.0],[-79.877331190365325,-6.784961301197053,0.0],[-79.87722364706319,-6.783752543122677,0.0],[-79.87717271043968,-6.783756377815386,0.0],[-79.876166963703341,-6.783859447029941,0.0]]]]}},
{"type":"Feature","properties":{"Layer":"TG_HAB_URB","Color":2,"ESTADO":"INFORMAL O SIN DOCUMENTACION","COD_HAB_UR":"0300","ID_COD_URB":"1401010300","TIPO_HAB_U":"A.H.","NOMB_HAB_U":"A.H. NUEVO PROGRESO"},"geometry":{"type":"MultiPolygon","coordinates":[[[[-79.875195038638026,-6.782801830728618,0.0],[-79.875211170448679,-6.783199738052965,0.0],[-79.875777677501773,-6.783161676366091,0.0],[-79.875828194638387,-6.783894163693576,0.0],[-79.876166963703341,-6.783859447029941,0.0],[-79.87676953279373,-6.783797695836415,0.0],[-79.876631433310223,-6.782393296686651,0.0],[-79.876491773509755,-6.782280856964896,0.0],[-79.876027333822321,-6.782248662176823,0.0],[-79.875759884655793,-6.782184097802066,0.0],[-79.875346627743738,-6.782101814008295,0.0],[-79.875086216033338,-6.781991973159647,0.0],[-79.875008996955586,-6.782456681614495,0.0],[-79.874989427986577,-6.782595726713933,0.0],[-79.87495794152666,-6.782780004940358,0.0],[-79.875195038638026,-6.782801830728618,0.0]]]]}},
{"type":"Feature","properties":{"Layer":"TG_HAB_URB","Color":2,"ESTADO":"INFORMAL O SIN DOCUMENTACION","COD_HAB_UR":"0193","ID_COD_URB":"1401010193","TIPO_HAB_U":"URB.","NOMB_HAB_U":"URB. LAS LOMAS"},"geometry":{"type":"MultiPolygon","coordinates":[[[[-79.875724205315052,-6.780040375768565,0.0],[-79.875254715147392,-6.780813518691208,0.0],[-79.875241894805924,-6.780843809576362,0.0],[-79.875722034684344,-6.78131620390849,0.0],[-79.875759471288603,-6.781254554463709,0.0],[-79.875782945826543,-6.78121589730799,0.0],[-79.875806420360405,-6.781177240150408,0.0],[-79.875829425399644,-6.781139356134227,0.0],[-79.875852899925476,-6.781100698973075,0.0],[-79.875876374447216,-6.781062041810108,0.0],[-79.87589984896492,-6.78102338464531,0.0],[-79.875923323478531,-6.780984727478734,0.0],[-79.875946797988107,-6.780946070310312,0.0],[-79.875969333513453,-6.780908959426952,0.0],[-79.875992808015056,-6.780870302254994,0.0],[-79.876016752002499,-6.780830871937721,0.0],[-79.876040226495888,-6.780792214762101,0.0],[-79.876063700985213,-6.78075355758467,0.0],[-79.876087175470474,-6.780714900405408,0.0],[-79.876110649951656,-6.780676243224366,0.0],[-79.876207834260569,-6.780516202475481,0.0],[-79.876349403975809,-6.780287416319178,0.0],[-79.875850487309833,-6.779836765276954,0.0],[-79.87573336035716,-6.780025299474376,0.0],[-79.875724205315052,-6.780040375768565,0.0]]]]}},
{"type":"Feature","properties":{"Layer":"TG_HAB_URB","Color":2,"ESTADO":"INFORMAL O SIN DOCUMENTACION","COD_HAB_UR":"0228","ID_COD_URB":"1401010228","TIPO_HAB_U":"ASOC","NOMB_HAB_U":"ASOC.PVIV. EL TRÉBOL"},"geometry":{"type":"MultiPolygon","coordinates":[[[[-79.875759471288603,-6.781254554463709,0.0],[-79.875722034684344,-6.78131620390849,0.0],[-79.875582959852082,-6.78117937273996,0.0],[-79.875260622339738,-6.781706330183042,0.0],[-79.875086216033338,-6.781991973159647,0.0],[-79.875346627743738,-6.782101814008295,0.0],[-79.875759884655793,-6.782184097802066,0.0],[-79.876027333822321,-6.782248662176823,0.0],[-79.876491773509755,-6.782280856964896,0.0],[-79.876297531170295,-6.782124472851152,0.0],[-79.877233212745978,-6.781516188527151,0.0],[-79.876833342633645,-6.780875159600232,0.0],[-79.876349403975809,-6.780287416319178,0.0],[-79.876207834260569,-6.780516202475481,0.0],[-79.876110649951656,-6.780676243224366,0.0],[-79.876087175470474,-6.780714900405408,0.0],[-79.876063700985213,-6.78075355758467,0.0],[-79.876040226495888,-6.780792214762101,0.0],[-79.876016752002499,-6.780830871937721,0.0],[-79.875992808015056,-6.780870302254994,0.0],[-79.875969333513453,-6.780908959426952,0.0],[-79.875946797988107,-6.780946070310312,0.0],[-79.875923323478531,-6.780984727478734,0.0],[-79.87589984896492,-6.78102338464531,0.0],[-79.875876374447216,-6.781062041810108,0.0],[-79.875852899925476,-6.781100698973075,0.0],[-79.875829425399644,-6.781139356134227,0.0],[-79.875806420360405,-6.781177240150408,0.0],[-79.875782945826543,-6.78121589730799,0.0],[-79.875759471288603,-6.781254554463709,0.0]]]]}},
{"type":"Feature","properties":{"Layer":"TG_HAB_URB","Color":2,"ESTADO":"INFORMAL O SIN DOCUMENTACION","COD_HAB_UR":"0195","ID_COD_URB":"1401010195","TIPO_HAB_U":"A.H.","NOMB_HAB_U":"A.H. NUEVO CERROPÓN"},"geometry":{"type":"MultiPolygon","coordinates":[[[[-79.872420331609987,-6.785024298075781,0.0],[-79.872374422431946,-6.785151873819419,0.0],[-79.872318882883704,-6.785277738810006,0.0],[-79.872176230908451,-6.7853285444101,0.0],[-79.872154417892602,-6.785380807069703,0.0],[-79.872133516382718,-6.785430885802455,0.0],[-79.872122894546877,-6.785456335062861,0.0],[-79.872071797328715,-6.785436208341507,0.0],[-79.872019605776615,-6.78541565056526,0.0],[-79.871970276346659,-6.785396220146399,0.0],[-79.871920964721184,-6.785375082388759,0.0],[-79.871870821663919,-6.78535358788048,0.0],[-79.871823006978957,-6.785333091454654,0.0],[-79.871771034500611,-6.785310812726312,0.0],[-79.871694633653135,-6.785488673433244,0.0],[-79.871767350989884,-6.785516583538144,0.0],[-79.872677204807388,-6.785865799206899,0.0],[-79.872970025229037,-6.785138354438087,0.0],[-79.873035828226222,-6.784974881676202,0.0],[-79.872998989347508,-6.784959883589002,0.0],[-79.87287078156524,-6.784907686763971,0.0],[-79.872881872552441,-6.78487784353742,0.0],[-79.87287123927598,-6.784874029987049,0.0],[-79.872868680922139,-6.78485793693276,0.0],[-79.872856577356075,-6.784781800723339,0.0],[-79.872841266669639,-6.784728793791771,0.0],[-79.872826697642026,-6.784678868942404,0.0],[-79.872810735057797,-6.784624168672628,0.0],[-79.872813595580382,-6.784623317765062,0.0],[-79.872796672346965,-6.78457267776998,0.0],[-79.872779749116333,-6.784522037774908,0.0],[-79.872763805054646,-6.784474327774831,0.0],[-79.872628851394992,-6.784514446449372,0.0],[-79.872606821778774,-6.784519369403045,0.0],[-79.872656547170081,-6.784754238013735,0.0],[-79.872614706822148,-6.784847159184897,0.0],[-79.872541255718275,-6.784976589270064,0.0],[-79.872420331609987,-6.785024298075781,0.0]]]]}},
{"type":"Feature","properties":{"Layer":"TG_HAB_URB","Color":2,"ESTADO":"INFORMAL O SIN DOCUMENTACION","COD_HAB_UR":"0259","ID_COD_URB":"1401010259","TIPO_HAB_U":"A.H.","NOMB_HAB_U":"A.H. LAS COLINAS DE LAS BRISAS"},"geometry":{"type":"MultiPolygon","coordinates":[[[[-79.870774693684112,-6.782677380775286,0.0],[-79.869711752616425,-6.78431922920477,0.0],[-79.870145643040658,-6.784555383133602,0.0],[-79.87018952001867,-6.784579796038709,0.0],[-79.870237619752572,-6.78460591777175,0.0],[-79.870285886507759,-6.784632675128572,0.0],[-79.870333079591873,-6.784658569410199,0.0],[-79.870381255067699,-6.784685490645691,0.0],[-79.870428857298549,-6.784711579642615,0.0],[-79.870476460764607,-6.784737666393942,0.0],[-79.870522868327441,-6.784763111588262,0.0],[-79.870568775422925,-6.784788527588667,0.0],[-79.870616244328318,-6.784814858222045,0.0],[-79.870666577026284,-6.784842553408916,0.0],[-79.87071309103284,-6.78486684184222,0.0],[-79.870805718078557,-6.784915209314707,0.0],[-79.870901041109462,-6.784961314666753,0.0],[-79.87091202971574,-6.78496550861547,0.0],[-79.870964014279281,-6.784985349216005,0.0],[-79.871013885653937,-6.785004383283477,0.0],[-79.871063757033212,-6.785023417346472,0.0],[-79.871114812491015,-6.785044374585273,0.0],[-79.871164176201219,-6.785064687979337,0.0],[-79.871214523597644,-6.785084985036633,0.0],[-79.871264175575263,-6.785105783615007,0.0],[-79.871321496720441,-6.785129345871664,0.0],[-79.871373280112749,-6.78515316331888,0.0],[-79.871418769232591,-6.785170787574254,0.0],[-79.871472784441025,-6.78519494151404,0.0],[-79.871517879711519,-6.785215106725884,0.0],[-79.871569016915359,-6.785231040353489,0.0],[-79.871619931510551,-6.785250889246317,0.0],[-79.871671413669588,-6.785268108846402,0.0],[-79.87172280404566,-6.785290138062112,0.0],[-79.871771034500611,-6.785310812726312,0.0],[-79.871823006978957,-6.785333091454654,0.0],[-79.871870821663919,-6.78535358788048,0.0],[-79.871920964721184,-6.785375082388759,0.0],[-79.871970276346659,-6.785396220146399,0.0],[-79.872019605776615,-6.78541565056526,0.0],[-79.872071797328715,-6.785436208341507,0.0],[-79.872122894546877,-6.785456335062861,0.0],[-79.872133516382718,-6.785430885802455,0.0],[-79.872154417892602,-6.785380807069703,0.0],[-79.872176230908451,-6.7853285444101,0.0],[-79.872318882883704,-6.785277738810006,0.0],[-79.872374422431946,-6.785151873819419,0.0],[-79.872420331609987,-6.785024298075781,0.0],[-79.872541255718275,-6.784976589270064,0.0],[-79.872614706822148,-6.784847159184897,0.0],[-79.872656547170081,-6.784754238013735,0.0],[-79.872606821778774,-6.784519369403045,0.0],[-79.872586937505801,-6.784453781371739,0.0],[-79.872562959431477,-6.784440869808503,0.0],[-79.872452870256723,-6.784476748679877,0.0],[-79.872347971225778,-6.784392962369629,0.0],[-79.872307072690887,-6.784381207429418,0.0],[-79.872308717999076,-6.784375487586373,0.0],[-79.872283145222028,-6.784368029770282,0.0],[-79.872279537004047,-6.784380392334099,0.0],[-79.872263838349625,-6.784376107736023,0.0],[-79.872222277971417,-6.78436803825057,0.0],[-79.872198724978119,-6.784299163336164,0.0],[-79.872033854650397,-6.784262832703454,0.0],[-79.871963040786198,-6.784459604672574,0.0],[-79.871835922023706,-6.784410497957793,0.0],[-79.871711114679172,-6.784356700966749,0.0],[-79.871586488534291,-6.78430298203862,0.0],[-79.871496068171297,-6.784221274573955,0.0],[-79.871020869146093,-6.783892823943962,0.0],[-79.871058627950248,-6.783835702062645,0.0],[-79.871112284288955,-6.78375453020588,0.0],[-79.871148824476919,-6.783702143828737,0.0],[-79.871188454077583,-6.783740949172893,0.0],[-79.87127751598787,-6.783595547128604,0.0],[-79.871293953747042,-6.783551660654645,0.0],[-79.87139976276822,-6.783369714877611,0.0],[-79.871372009255992,-6.783335990006139,0.0],[-79.87134408045678,-6.783302052979716,0.0],[-79.871315736379458,-6.783267610770124,0.0],[-79.871252544292602,-6.78319082363352,0.0],[-79.871315772075704,-6.783098933229157,0.0],[-79.8712570669949,-6.783073984198737,0.0],[-79.871182108299479,-6.783042127542987,0.0],[-79.87117476500967,-6.783039006446546,0.0],[-79.871157552630947,-6.783036094830089,0.0],[-79.871132267347832,-6.783032932897259,0.0],[-79.871102645365326,-6.783050373801996,0.0],[-79.871101257496889,-6.783052667832451,0.0],[-79.870774693684112,-6.782677380775286,0.0]]]]}},
{"type":"Feature","properties":{"Layer":"TG_HAB_URB","Color":2,"ESTADO":"INFORMAL O SIN DOCUMENTACION","COD_HAB_UR":"0326","ID_COD_URB":"1401010326","TIPO_HAB_U":"A.H.","NOMB_HAB_U":"A.H. MIGUEL GRAU SEMINARIO"},"geometry":{"type":"MultiPolygon","coordinates":[[[[-79.87382814744862,-6.784192560306244,0.0],[-79.873834037533385,-6.784246505829513,0.0],[-79.873839927618491,-6.784300451352843,0.0],[-79.873845817703909,-6.784354396876201,0.0],[-79.873851707789669,-6.784408342399551,0.0],[-79.873857597875755,-6.784462287922965,0.0],[-79.873863771133742,-6.784518826929149,0.0],[-79.873845929975076,-6.784521118833183,0.0],[-79.873810842976567,-6.784525626163626,0.0],[-79.873777563719145,-6.7845118840773,0.0],[-79.873735676226673,-6.784494587367044,0.0],[-79.873693788737697,-6.784477290653652,0.0],[-79.873651901252188,-6.784459993937106,0.0],[-79.873656835825713,-6.784417480407819,0.0],[-79.873603021547709,-6.784417148049796,0.0],[-79.873587237036219,-6.784404672100072,0.0],[-79.873538352958434,-6.784366034515205,0.0],[-79.873517257625821,-6.784349360929597,0.0],[-79.873488782224271,-6.784339102108231,0.0],[-79.873429192508254,-6.784317633738949,0.0],[-79.873383498435004,-6.784301171542833,0.0],[-79.873339770602271,-6.784274578857868,0.0],[-79.873248355472057,-6.784499629191393,0.0],[-79.873035828226222,-6.784974881676202,0.0],[-79.872970025229037,-6.785138354438087,0.0],[-79.873169671845162,-6.785223818022428,0.0],[-79.873292376189454,-6.785276344545614,0.0],[-79.873342794015883,-6.785296208323773,0.0],[-79.87362669982231,-6.785402859620334,0.0],[-79.873677782280282,-6.78542498474483,0.0],[-79.873804914722072,-6.785472742896334,0.0],[-79.873963896156127,-6.78553246516237,0.0],[-79.874274817171852,-6.784856013380343,0.0],[-79.874788643847467,-6.785072434010837,0.0],[-79.874757013428507,-6.785145459242875,0.0],[-79.875283099965344,-6.785723666499599,0.0],[-79.875297601420371,-6.785874773326181,0.0],[-79.875743316488794,-6.785899085950211,0.0],[-79.875746021061659,-6.785347266475435,0.0],[-79.875582640380543,-6.785343163634731,0.0],[-79.875585799306634,-6.785288758599459,0.0],[-79.875588682812264,-6.785239097004917,0.0],[-79.875591774979242,-6.785185841682207,0.0],[-79.875595676669008,-6.785118644187587,0.0],[-79.875131367127224,-6.783965573002062,0.0],[-79.875034690169343,-6.783975480156095,0.0],[-79.874715552556879,-6.78384674963076,0.0],[-79.874663418321873,-6.783980899003561,0.0],[-79.874598710966424,-6.783972443196054,0.0],[-79.874039950219185,-6.783764993876478,0.0],[-79.873915946918899,-6.783746295951242,0.0],[-79.873781026782424,-6.7837609961209,0.0],[-79.873786916864546,-6.783814941643967,0.0],[-79.873792806946994,-6.78386888716706,0.0],[-79.87379869702977,-6.78392283269018,0.0],[-79.873804587112872,-6.783976778213344,0.0],[-79.873810477196315,-6.784030723736536,0.0],[-79.873816367280085,-6.78408466925974,0.0],[-79.873822257364196,-6.784138614782987,0.0],[-79.87382814744862,-6.784192560306244,0.0]]]]}},
{"type":"Feature","properties":{"Layer":"TG_HAB_URB","Color":2,"ESTADO":"INFORMAL O SIN DOCUMENTACION","COD_HAB_UR":"0085","ID_COD_URB":"1401010085","TIPO_HAB_U":"H.U.","NOMB_HAB_U":"H.U. SIN DENOMINACION 016"},"geometry":{"type":"MultiPolygon","coordinates":[[[[-79.860778981569425,-6.761635145909803,0.0],[-79.859790747644055,-6.763468764337719,0.0],[-79.8594447884267,-6.76420401813517,0.0],[-79.861247003566831,-6.765205820144227,0.0],[-79.861375101182674,-6.765187965000455,0.0],[-79.861539283218733,-6.764889334563381,0.0],[-79.861611494002247,-6.764757990334833,0.0],[-79.861628704369011,-6.764726686374983,0.0],[-79.861714641831185,-6.764570374518968,0.0],[-79.861802883371027,-6.764409871639439,0.0],[-79.861854570070705,-6.764315845895251,0.0],[-79.86192651830315,-6.764178419844807,0.0],[-79.861974199234027,-6.764204360837318,0.0],[-79.861998834383868,-6.764217763681973,0.0],[-79.862023469535188,-6.764231166525618,0.0],[-79.862071150573016,-6.764257107326631,0.0],[-79.862118831425533,-6.764283048491136,0.0],[-79.862168499184335,-6.764310070160173,0.0],[-79.862214988021123,-6.764335362790791,0.0],[-79.862262271741287,-6.764361087402248,0.0],[-79.86230995271346,-6.764387028368565,0.0],[-79.862344686239311,-6.764405925406298,0.0],[-79.862358030933024,-6.764413185686973,0.0],[-79.862383782600219,-6.7644271959469,0.0],[-79.862405314573408,-6.764438910470021,0.0],[-79.862452757155978,-6.764464721719108,0.0],[-79.86248284835888,-6.764481092905583,0.0],[-79.86385149174032,-6.764675893459771,0.0],[-79.863752109164579,-6.763703580937225,0.0],[-79.863934233402091,-6.763357992855661,0.0],[-79.86394670544135,-6.763334326634184,0.0],[-79.864633629666685,-6.762030854083662,0.0],[-79.86422822991436,-6.761790611305587,0.0],[-79.864792743020189,-6.760709223734401,0.0],[-79.863927031260332,-6.760229624941275,0.0],[-79.8622792191032,-6.759309677563186,0.0],[-79.862089398911039,-6.759203703422116,0.0],[-79.860778981569425,-6.761635145909803,0.0]]]]}},
{"type":"Feature","properties":{"Layer":"TG_HAB_URB","Color":2,"ESTADO":"INFORMAL O SIN DOCUMENTACION","COD_HAB_UR":"0189","ID_COD_URB":"1401010189","TIPO_HAB_U":"URB.","NOMB_HAB_U":"URB. FELIPE SANTIAGO SALAVERRY (AMPLIACIÓN INFORMAL)"},"geometry":{"type":"MultiPolygon","coordinates":[[[[-79.857752169730091,-6.769879393960056,0.0],[-79.857998501337832,-6.77222920031961,0.0],[-79.859105420341251,-6.772117867408836,0.0],[-79.858866797396814,-6.769841645950442,0.0],[-79.858667788772848,-6.769790773013502,0.0],[-79.857752169730091,-6.769879393960056,0.0]]]]}},
{"type":"Feature","properties":{"Layer":"TG_HAB_URB","Color":2,"ESTADO":"INFORMAL O SIN DOCUMENTACION","COD_HAB_UR":"0269","ID_COD_URB":"1401010269","TIPO_HAB_U":"UPIS","NOMB_HAB_U":"UPIS SAN JULIO"},"geometry":{"type":"MultiPolygon","coordinates":[[[[-79.861476988194283,-6.782334244988551,0.0],[-79.861305927752156,-6.782658861708747,0.0],[-79.861302364282608,-6.78280958607536,0.0],[-79.861291716398313,-6.782934301245727,0.0],[-79.861285085764578,-6.783132431535323,0.0],[-79.861278455111886,-6.783330561822391,0.0],[-79.861192705248385,-6.783488502609835,0.0],[-79.861498926071079,-6.783654623748333,0.0],[-79.862219070052504,-6.783970613685956,0.0],[-79.862834212239378,-6.782969787710418,0.0],[-79.862787187417752,-6.782945058164734,0.0],[-79.862795895194438,-6.782672612961402,0.0],[-79.86279622238095,-6.782582171357569,0.0],[-79.862831501988396,-6.782582848533095,0.0],[-79.862830848764645,-6.782536726752663,0.0],[-79.862923198954689,-6.782440125234065,0.0],[-79.862934501588953,-6.782391008509505,0.0],[-79.862947484437399,-6.782334590229264,0.0],[-79.86296051847151,-6.782277949497804,0.0],[-79.863001562891938,-6.782276205212504,0.0],[-79.863064837563357,-6.782273516190313,0.0],[-79.863120086995551,-6.782271168214704,0.0],[-79.863277409937567,-6.782264482311261,0.0],[-79.863463186184447,-6.781968836898181,0.0],[-79.863245628073514,-6.781831600730557,0.0],[-79.863215568273674,-6.781878944585428,0.0],[-79.863201750179044,-6.781900707928534,0.0],[-79.863138455924584,-6.781902986354127,0.0],[-79.863107713054916,-6.781904093013511,0.0],[-79.863082395386371,-6.781905004406504,0.0],[-79.863030900387216,-6.781907835002065,0.0],[-79.862976243284095,-6.781910839434198,0.0],[-79.862922490063198,-6.781913794175022,0.0],[-79.862868284672359,-6.781916773764894,0.0],[-79.86281362712414,-6.781919778202899,0.0],[-79.862819600980217,-6.782087762723557,0.0],[-79.862328541110713,-6.782114708978172,0.0],[-79.86233816793802,-6.782304397409632,0.0],[-79.862310533252156,-6.782305432988635,0.0],[-79.862282565379488,-6.78230648105183,0.0],[-79.862255379666138,-6.782307499955373,0.0],[-79.862227832294067,-6.782309455487271,0.0],[-79.862196716796646,-6.782311664311223,0.0],[-79.862174657368683,-6.782314067286207,0.0],[-79.862135234706656,-6.782319623412034,0.0],[-79.862123589513445,-6.782321264654121,0.0],[-79.862089220838783,-6.782344729563979,0.0],[-79.862057093596604,-6.78236666415089,0.0],[-79.862024219206461,-6.782389108841738,0.0],[-79.861991344813475,-6.78241155352983,0.0],[-79.861863184076057,-6.782499054044489,0.0],[-79.86161609666479,-6.782076068850365,0.0],[-79.861524734782392,-6.782246969394067,0.0],[-79.861476988194283,-6.782334244988551,0.0]]]]}},
{"type":"Feature","properties":{"Layer":"TG_HAB_URB","Color":2,"ESTADO":"INFORMAL O SIN DOCUMENTACION","COD_HAB_UR":"0248","ID_COD_URB":"1401010248","TIPO_HAB_U":"P.J.","NOMB_HAB_U":"P.J. NUEVA ESPERANZA"},"geometry":{"type":"MultiPolygon","coordinates":[[[[-79.864309171504061,-6.780622524532204,0.0],[-79.86480698669213,-6.780933383387441,0.0],[-79.86505154069836,-6.781086093925799,0.0],[-79.865441675797072,-6.78132971143722,0.0],[-79.865472449571556,-6.781280468610323,0.0],[-79.865675524568672,-6.781407566453315,0.0],[-79.865699532131941,-6.78136923796694,0.0],[-79.865723539691118,-6.781330909478705,0.0],[-79.865747547246187,-6.781292580988572,0.0],[-79.865544354505019,-6.781165409475855,0.0],[-79.86573492852105,-6.780860460890424,0.0],[-79.865536041035753,-6.780736266952562,0.0],[-79.86556000929987,-6.780697913920427,0.0],[-79.865583977559893,-6.780659560886401,0.0],[-79.865607945815796,-6.780621207850521,0.0],[-79.86563191406762,-6.780582854812763,0.0],[-79.865655882315323,-6.780544501773117,0.0],[-79.865679850558934,-6.780506148731613,0.0],[-79.865703818798465,-6.780467795688235,0.0],[-79.865727787033876,-6.780429442642967,0.0],[-79.865786611616585,-6.780335313780293,0.0],[-79.864855138282607,-6.779753660164641,0.0],[-79.864309171504061,-6.780622524532204,0.0]]]]}},
{"type":"Feature","properties":{"Layer":"TG_HAB_URB","Color":2,"ESTADO":"INFORMAL O SIN DOCUMENTACION","COD_HAB_UR":"0190","ID_COD_URB":"1401010190","TIPO_HAB_U":"H.U.","NOMB_HAB_U":"H.U. SIN DENOMINACION 019"},"geometry":{"type":"MultiPolygon","coordinates":[[[[-79.863967479561211,-6.781166298918479,0.0],[-79.863823102435262,-6.781396062629168,0.0],[-79.864123310972232,-6.781583527065083,0.0],[-79.864147279389513,-6.781545174129608,0.0],[-79.864171247802702,-6.781506821192242,0.0],[-79.864195216211783,-6.781468468253037,0.0],[-79.864219184616758,-6.781430115311939,0.0],[-79.864667274680116,-6.781709923346796,0.0],[-79.86505154069836,-6.781086093925799,0.0],[-79.86480698669213,-6.780933383387441,0.0],[-79.864586477881062,-6.781286230757918,0.0],[-79.864386963336841,-6.781161644671696,0.0],[-79.864362994960558,-6.781199997625915,0.0],[-79.864339026580183,-6.781238350578279,0.0],[-79.864315058195686,-6.781276703528766,0.0],[-79.864291089807111,-6.781315056477346,0.0],[-79.864267121414429,-6.781353409424086,0.0],[-79.863967479561211,-6.781166298918479,0.0]]]]}},
{"type":"Feature","properties":{"Layer":"TG_HAB_URB","Color":2,"ESTADO":"INFORMAL O SIN DOCUMENTACION","COD_HAB_UR":"0191","ID_COD_URB":"1401010191","TIPO_HAB_U":"H.U.","NOMB_HAB_U":"H.U. SIN DENOMINACION 039"},"geometry":{"type":"MultiPolygon","coordinates":[[[[-79.865045828374818,-6.782425890032324,0.0],[-79.865030534640312,-6.782449930412922,0.0],[-79.864982862776444,-6.782511686534082,0.0],[-79.864970101818912,-6.782533037937703,0.0],[-79.865123026922561,-6.782629744883475,0.0],[-79.865099824973797,-6.782668565975364,0.0],[-79.865076623020954,-6.782707387065479,0.0],[-79.865053421432165,-6.782746208373603,0.0],[-79.865030270904313,-6.78278506012907,0.0],[-79.865007455014208,-6.782824109184694,0.0],[-79.864985595465271,-6.782861621760745,0.0],[-79.864962779567279,-6.78290067081295,0.0],[-79.864910426433951,-6.782990272348476,0.0],[-79.865133972142402,-6.783129863916312,0.0],[-79.865260398622326,-6.782927563120333,0.0],[-79.865222030273557,-6.782903604290413,0.0],[-79.865352065921925,-6.782695528076328,0.0],[-79.865213728234053,-6.782609144122389,0.0],[-79.865571766073714,-6.782036229717014,0.0],[-79.8653634258728,-6.781905836605158,0.0],[-79.865339418252105,-6.781944165065219,0.0],[-79.865315410627289,-6.781982493523365,0.0],[-79.865291402998366,-6.782020821979686,0.0],[-79.865248228627635,-6.782099600638561,0.0],[-79.865215196573047,-6.782153087592683,0.0],[-79.865191194859349,-6.782191952211776,0.0],[-79.865167430782279,-6.782230432030803,0.0],[-79.865143191419463,-6.782269681444298,0.0],[-79.865119664975012,-6.782307776461457,0.0],[-79.865095900885635,-6.782346256274879,0.0],[-79.865070710946441,-6.782387044875124,0.0],[-79.865045828374818,-6.782425890032324,0.0]]]]}},
{"type":"Feature","properties":{"Layer":"TG_HAB_URB","Color":2,"ESTADO":"INFORMAL O SIN DOCUMENTACION","COD_HAB_UR":"0184","ID_COD_URB":"1401010184","TIPO_HAB_U":"H.U.","NOMB_HAB_U":"H.U. SIN DENOMINACION 038"},"geometry":{"type":"MultiPolygon","coordinates":[[[[-79.878211093478924,-6.771179068518246,0.0],[-79.879088421009513,-6.76996531197118,0.0],[-79.881144020424159,-6.769846740920912,0.0],[-79.881059499325033,-6.768643371148569,0.0],[-79.880570684415872,-6.766939028750532,0.0],[-79.879825306623971,-6.766972363398685,0.0],[-79.877124416892514,-6.767061919085105,0.0],[-79.87720512330236,-6.76747816277963,0.0],[-79.87737680727453,-6.768404225653422,0.0],[-79.87738282838751,-6.768596154324041,0.0],[-79.877367063120317,-6.769019967925174,0.0],[-79.87730108047262,-6.769019276119685,0.0],[-79.877254939816964,-6.769018792345423,0.0],[-79.877186181194347,-6.769018071418793,0.0],[-79.877117874932878,-6.769017355225508,0.0],[-79.877050021032517,-6.769016643765748,0.0],[-79.876982167133932,-6.769015932296563,0.0],[-79.87692109862671,-6.769015291966262,0.0],[-79.876866815510368,-6.769014722777277,0.0],[-79.876812532395164,-6.769014153582283,0.0],[-79.876758249281082,-6.7690135843813,0.0],[-79.876710299197924,-6.769013081581988,0.0],[-79.876703966168137,-6.769013015174175,0.0],[-79.876470723484559,-6.769010569346807,0.0],[-79.876686475480724,-6.770358224476978,0.0],[-79.876757670992035,-6.770396555816436,0.0],[-79.878211093478924,-6.771179068518246,0.0]]]]}},
{"type":"Feature","properties":{"Layer":"TG_HAB_URB","Color":2,"ESTADO":"INFORMAL O SIN DOCUMENTACION","COD_HAB_UR":"0185","ID_COD_URB":"1401010185","TIPO_HAB_U":"H.U.","NOMB_HAB_U":"H.U. PARQUE INDUSTRIAL"},"geometry":{"type":"MultiPolygon","coordinates":[[[[-79.875850487309933,-6.779836765277039,0.0],[-79.876349403975809,-6.780287416319178,0.0],[-79.876833342633645,-6.780875159600232,0.0],[-79.877233212745978,-6.781516188527151,0.0],[-79.878546401112189,-6.783652959509883,0.0],[-79.878810923336559,-6.78412120462067,0.0],[-79.878997642353482,-6.786284977067155,0.0],[-79.880676463318295,-6.786174385468962,0.0],[-79.880517334261341,-6.783651029103487,0.0],[-79.880271128550703,-6.779817716935225,0.0],[-79.879402144317396,-6.778627227502003,0.0],[-79.877627551615006,-6.776530793656689,0.0],[-79.875121830696912,-6.776061250121602,0.0],[-79.873610481316433,-6.778297067871303,0.0],[-79.875850487309933,-6.779836765277039,0.0]]]]}},
{"type":"Feature","properties":{"Layer":"TG_HAB_URB","Color":2,"ESTADO":"INFORMAL O SIN DOCUMENTACION","COD_HAB_UR":"0205","ID_COD_URB":"1401010205","TIPO_HAB_U":"H.U.","NOMB_HAB_U":"H.U. SIN DENOMINACION 048"},"geometry":{"type":"MultiPolygon","coordinates":[[[[-79.86640258668622,-6.791626391921336,0.0],[-79.866459233183804,-6.791952902365695,0.0],[-79.866576427904178,-6.791940850546045,0.0],[-79.866652932778862,-6.791932983085655,0.0],[-79.866729437653021,-6.791925115612838,0.0],[-79.866805942526682,-6.791917248127472,0.0],[-79.86688244739986,-6.791909380629614,0.0],[-79.86693120115109,-6.791904366955141,0.0],[-79.866957062152139,-6.791901707493296,0.0],[-79.866902112478883,-6.79150153052097,0.0],[-79.866676811240055,-6.791532912663124,0.0],[-79.866665628835733,-6.791533132871907,0.0],[-79.866597781458793,-6.791534468946413,0.0],[-79.86640258668622,-6.791626391921336,0.0]]]]}},
{"type":"Feature","properties":{"Layer":"TG_HAB_URB","Color":2,"ESTADO":"INFORMAL O SIN DOCUMENTACION","COD_HAB_UR":"0041","ID_COD_URB":"1401010041","TIPO_HAB_U":"URB.","NOMB_HAB_U":"URB. LOS LIBERTADORES"},"geometry":{"type":"MultiPolygon","coordinates":[[[[-79.855666929665603,-6.769679503393165,0.0],[-79.855889662981312,-6.770070970478246,0.0],[-79.855128022471291,-6.770206517902551,0.0],[-79.855166011022931,-6.770608663951242,0.0],[-79.855171240475585,-6.770664022826564,0.0],[-79.855611648088882,-6.770618867583365,0.0],[-79.855695649174081,-6.771324318709699,0.0],[-79.856767755240625,-6.771209866319305,0.0],[-79.857879205193925,-6.771091211183061,0.0],[-79.857752169730091,-6.769879393960056,0.0],[-79.857643516479172,-6.768903723554761,0.0],[-79.857109649908736,-6.768949466321636,0.0],[-79.857116180857219,-6.769021596847328,0.0],[-79.857079131590424,-6.769024954281078,0.0],[-79.856988552351851,-6.769033631640826,0.0],[-79.856897977950098,-6.769042308524025,0.0],[-79.856791672600821,-6.768944079276281,0.0],[-79.856669007073904,-6.768830732676127,0.0],[-79.856605547445284,-6.768902728278771,0.0],[-79.855666929665603,-6.769679503393165,0.0]]]]}},
{"type":"Feature","properties":{"Layer":"TG_HAB_URB","Color":2,"ESTADO":"INFORMAL O SIN DOCUMENTACION","COD_HAB_UR":"0086","ID_COD_URB":"1401010086","TIPO_HAB_U":"H.U.","NOMB_HAB_U":"H.U. SIN DENOMINACION 017"},"geometry":{"type":"MultiPolygon","coordinates":[[[[-79.859757912057546,-6.766752464423274,0.0],[-79.86004135720907,-6.769611439415054,0.0],[-79.865340382059827,-6.769072822968949,0.0],[-79.865246324483536,-6.767829244538856,0.0],[-79.865143710983546,-6.766472545012439,0.0],[-79.864042847702009,-6.766548028395317,0.0],[-79.863981531358363,-6.76594813899956,0.0],[-79.859735783750395,-6.76638248268921,0.0],[-79.859757912057546,-6.766752464423274,0.0]]]]}},
{"type":"Feature","properties":{"Layer":"TG_HAB_URB","Color":2,"ESTADO":"INFORMAL O SIN DOCUMENTACION","COD_HAB_UR":"0040","ID_COD_URB":"1401010040","TIPO_HAB_U":"LOTIZ","NOMB_HAB_U":"LOTIZ. PATAZCA"},"geometry":{"type":"MultiPolygon","coordinates":[[[[-79.850797230620842,-6.766697883167523,0.0],[-79.850982152675911,-6.768759629123447,0.0],[-79.850434432048687,-6.768810084600163,0.0],[-79.850286048641337,-6.768823753421614,0.0],[-79.850313678311792,-6.76910394011045,0.0],[-79.850322110189154,-6.769189445999319,0.0],[-79.85035219693205,-6.76949454927291,0.0],[-79.849312757992308,-6.769616677660681,0.0],[-79.848872051426554,-6.769668457567396,0.0],[-79.848971967026245,-6.770829245142786,0.0],[-79.855128022471305,-6.770206517902551,0.0],[-79.855889662981312,-6.770070970478246,0.0],[-79.855666929665603,-6.769679503393165,0.0],[-79.856605547445284,-6.768902728278771,0.0],[-79.856669007073918,-6.768830732676127,0.0],[-79.857333206676103,-6.768077189375509,0.0],[-79.858157472181261,-6.766536418639726,0.0],[-79.853022304716887,-6.767028617365745,0.0],[-79.853067272867321,-6.767502091154573,0.0],[-79.852784166091411,-6.767686615918199,0.0],[-79.852739545340071,-6.767714019377868,0.0],[-79.852721238114739,-6.767725009104323,0.0],[-79.852677894800792,-6.767751027809936,0.0],[-79.852640293930236,-6.767755179644166,0.0],[-79.852625936358407,-6.767761799039736,0.0],[-79.852610825461767,-6.767778402741508,0.0],[-79.852557761456453,-6.767803704946302,0.0],[-79.852543820474466,-6.767808692145691,0.0],[-79.852489613206473,-6.767828084063934,0.0],[-79.852474028967762,-6.767831499502842,0.0],[-79.85241891176031,-6.767843578975476,0.0],[-79.85235075218354,-6.76786792643618,0.0],[-79.852341558653833,-6.767869939895101,0.0],[-79.852280048492474,-6.76788341112331,0.0],[-79.852231406821659,-6.767897753331084,0.0],[-79.852184960352901,-6.767911448268325,0.0],[-79.852136761185179,-6.767925659990513,0.0],[-79.851990896663523,-6.767968668706727,0.0],[-79.851881170836194,-6.766602337576208,0.0],[-79.850797230620842,-6.766697883167523,0.0]]]]}},
{"type":"Feature","properties":{"Layer":"TG_HAB_URB","Color":2,"ESTADO":"INFORMAL O SIN DOCUMENTACION","COD_HAB_UR":"0361","ID_COD_URB":"1401010361","TIPO_HAB_U":"H.U.","NOMB_HAB_U":"H.U. SIN DENOMINACION 057"},"geometry":{"type":"MultiPolygon","coordinates":[[[[-79.892923551643591,-6.732367326986228,0.0],[-79.892795564243826,-6.732283813249663,0.0],[-79.892763422078133,-6.732333043114879,0.0],[-79.89273127990549,-6.732382272976826,0.0],[-79.892882801040756,-6.732481142844876,0.0],[-79.892914943207884,-6.732431912971725,0.0],[-79.892933201037977,-6.732403948744714,0.0],[-79.892938510708078,-6.732424100210454,0.0],[-79.892950033112314,-6.732467830481307,0.0],[-79.892959251036729,-6.732502814697967,0.0],[-79.892968468962096,-6.732537798914623,0.0],[-79.892986904815658,-6.732607767347928,0.0],[-79.893005340672971,-6.732677735781205,0.0],[-79.892884779395033,-6.732778355517473,0.0],[-79.89280651071401,-6.732931351525819,0.0],[-79.892794423258664,-6.733089166362224,0.0],[-79.89273506984766,-6.733345856743845,0.0],[-79.892725290107819,-6.733417548264741,0.0],[-79.892706436555073,-6.733414977897146,0.0],[-79.89269787927671,-6.73347770797657,0.0],[-79.892689321994851,-6.733540438055294,0.0],[-79.892634596668046,-6.733600662042956,0.0],[-79.892628186567137,-6.733694084856196,0.0],[-79.89261732876065,-6.733735647139619,0.0],[-79.892593274880639,-6.733827722256414,0.0],[-79.892538688659599,-6.734036671016613,0.0],[-79.892519480022614,-6.734110199053692,0.0],[-79.892488265971565,-6.73422968210985,0.0],[-79.892422374312673,-6.73448190597225,0.0],[-79.892384229811299,-6.734682123366778,0.0],[-79.892364623021493,-6.734785037722432,0.0],[-79.892860412192178,-6.73474275201372,0.0],[-79.892880032690101,-6.734644528871089,0.0],[-79.89291812368306,-6.734453839507692,0.0],[-79.892929802676534,-6.734386427651655,0.0],[-79.892962008308473,-6.734203482186248,0.0],[-79.892978164674943,-6.734084831835774,0.0],[-79.892988107048126,-6.73401181623429,0.0],[-79.893016683341628,-6.733801955148303,0.0],[-79.893029124758343,-6.73371058669109,0.0],[-79.893186434502752,-6.733702643564871,0.0],[-79.89353830666164,-6.733676986954817,0.0],[-79.89353450930318,-6.733624938610053,0.0],[-79.893605147763282,-6.733594552873485,0.0],[-79.893607323555287,-6.733415505620267,0.0],[-79.893856577935651,-6.733303016727928,0.0],[-79.89390605263452,-6.73328068869615,0.0],[-79.89395552732951,-6.733258360658587,0.0],[-79.894005002020634,-6.733236032615258,0.0],[-79.894054476707879,-6.733213704566156,0.0],[-79.894103951391259,-6.733191376511289,0.0],[-79.894153426070758,-6.733169048450653,0.0],[-79.894399495683842,-6.733057996437363,0.0],[-79.894355210641322,-6.732879516597891,0.0],[-79.894322538884992,-6.732747841159663,0.0],[-79.894379246261295,-6.732690437962091,0.0],[-79.894727693083894,-6.732592774709297,0.0],[-79.894669925776469,-6.732477030097762,0.0],[-79.894626225613663,-6.731912169691541,0.0],[-79.894614666487271,-6.731762758523918,0.0],[-79.894820353366498,-6.731731286812153,0.0],[-79.895799882699848,-6.731581409838722,0.0],[-79.895860101683795,-6.7315840393153,0.0],[-79.896228567420025,-6.731506420480724,0.0],[-79.896213041019507,-6.73128785894878,0.0],[-79.89620941646227,-6.731222380192914,0.0],[-79.896243393320574,-6.731021736025845,0.0],[-79.89633730541874,-6.730856630093885,0.0],[-79.8963431482522,-6.730820927155678,0.0],[-79.89634245342539,-6.730784756226416,0.0],[-79.896312350305678,-6.730764677674935,0.0],[-79.896279393588216,-6.730733701621757,0.0],[-79.896211510929447,-6.730637686040891,0.0],[-79.896198780113593,-6.730624832045696,0.0],[-79.896183276107465,-6.730615506265782,0.0],[-79.896165596274002,-6.730611657911535,0.0],[-79.896129697055557,-6.730616220127274,0.0],[-79.89603686499963,-6.730636364524238,0.0],[-79.895983014292597,-6.730643193054364,0.0],[-79.895906126471203,-6.730641839153368,0.0],[-79.895825294856323,-6.73063204418772,0.0],[-79.895790189674784,-6.730623260058764,0.0],[-79.895752391774067,-6.730608139799296,0.0],[-79.895698045747608,-6.730560353833741,0.0],[-79.895667530065083,-6.730515474274248,0.0],[-79.895652036420643,-6.730472987633512,0.0],[-79.895616693987122,-6.73028637055257,0.0],[-79.895580973830747,-6.73016960983318,0.0],[-79.895523432198218,-6.730072284068588,0.0],[-79.895402384471566,-6.729977434428627,0.0],[-79.895364216019104,-6.729953164279085,0.0],[-79.895333791279668,-6.72990822308537,0.0],[-79.89530776148716,-6.729821603496767,0.0],[-79.895255804885238,-6.729686536268535,0.0],[-79.895193760212365,-6.72957098816498,0.0],[-79.895109160629815,-6.729489309365845,0.0],[-79.895049376350229,-6.729517364347918,0.0],[-79.894996827890324,-6.72941217576735,0.0],[-79.894871415396238,-6.72921265818019,0.0],[-79.894861285397454,-6.72913063981825,0.0],[-79.894836374313087,-6.729051789949429,0.0],[-79.894815675814513,-6.728848302716953,0.0],[-79.894778789945846,-6.728740538555978,0.0],[-79.89466016205067,-6.72868249183201,0.0],[-79.894398624738415,-6.728578560080483,0.0],[-79.893845268957293,-6.728352542705492,0.0],[-79.892234757016936,-6.727714139979423,0.0],[-79.891802589678775,-6.727506494861618,0.0],[-79.890972659635764,-6.726806823637722,0.0],[-79.890799757850914,-6.726661058668712,0.0],[-79.890419622151171,-6.726278355670378,0.0],[-79.888985029882235,-6.725033158612638,0.0],[-79.888539390069198,-6.724596158200943,0.0],[-79.888246209298003,-6.724348599959782,0.0],[-79.885788712330793,-6.727003544731952,0.0],[-79.885503022871717,-6.727325075405205,0.0],[-79.884497649551406,-6.728456572704914,0.0],[-79.884313041956304,-6.728707867779254,0.0],[-79.884237728509362,-6.728757979546541,0.0],[-79.884077786887644,-6.728935168138841,0.0],[-79.882172503113168,-6.731045888563845,0.0],[-79.882131498579454,-6.731172949352175,0.0],[-79.882082823267041,-6.731175908404253,0.0],[-79.882050654965184,-6.73118806100723,0.0],[-79.882010569610884,-6.731211778435735,0.0],[-79.880192226403111,-6.733240640408144,0.0],[-79.8791831954304,-6.734366480512826,0.0],[-79.877916537511197,-6.73575474535143,0.0],[-79.875621079221503,-6.738270549660013,0.0],[-79.875621213247939,-6.738297200073057,0.0],[-79.875654948384124,-6.738407481427288,0.0],[-79.87518686525523,-6.738922244579458,0.0],[-79.874117074573519,-6.740098714644011,0.0],[-79.873999874096413,-6.740018307803235,0.0],[-79.87365943073452,-6.740392084617439,0.0],[-79.872333703220505,-6.741847607929087,0.0],[-79.871961299680407,-6.742248096656839,0.0],[-79.869410300770156,-6.744991453261107,0.0],[-79.869275974844598,-6.74522716675124,0.0],[-79.869642715624281,-6.74543649307631,0.0],[-79.869811076494955,-6.745532589044906,0.0],[-79.871863583120756,-6.746733354091688,0.0],[-79.871932996947962,-6.746784931203123,0.0],[-79.869032922769378,-6.750016779203738,0.0],[-79.869997980958189,-6.750830355334583,0.0],[-79.870035937977192,-6.75086243946295,0.0],[-79.870089164184535,-6.750910269735251,0.0],[-79.870155313760222,-6.751017270776561,0.0],[-79.87024302495729,-6.751385436982614,0.0],[-79.871264105709614,-6.751188697383801,0.0],[-79.872248697274756,-6.750993391684725,0.0],[-79.872357741536476,-6.750967198794825,0.0],[-79.87243118115201,-6.7497978872761,0.0],[-79.872456792626622,-6.749410968109611,0.0],[-79.872492359011432,-6.749387110205824,0.0],[-79.873025574158419,-6.749477239183735,0.0],[-79.873786273257878,-6.749255618887778,0.0],[-79.873901474126626,-6.749189643546943,0.0],[-79.874213594154554,-6.748345707743031,0.0],[-79.874351067026055,-6.748098669707349,0.0],[-79.875224555117569,-6.748584432814615,0.0],[-79.8775324642085,-6.750012390355367,0.0],[-79.87960899348154,-6.7513240916741,0.0],[-79.879653567646287,-6.751019462423984,0.0],[-79.880410713186876,-6.749948500526944,0.0],[-79.880702854426161,-6.749459241085306,0.0],[-79.880816162111145,-6.749212684796767,0.0],[-79.881025955213943,-6.748917903271621,0.0],[-79.88109102283704,-6.7487676635898,0.0],[-79.881113657331667,-6.748696918202689,0.0],[-79.881127578345556,-6.748644577769938,0.0],[-79.881163452509611,-6.748574512508775,0.0],[-79.881231801994105,-6.748484486229795,0.0],[-79.8812579770577,-6.748458218803343,0.0],[-79.881284464091138,-6.748418694655131,0.0],[-79.881313104784354,-6.748317033087602,0.0],[-79.881332294130999,-6.748269522133535,0.0],[-79.881366565558523,-6.748214334101238,0.0],[-79.881438630296401,-6.74810405884006,0.0],[-79.881508554975198,-6.748017053638602,0.0],[-79.881566620324122,-6.747915392534371,0.0],[-79.881604681865397,-6.747802067157558,0.0],[-79.881627484158301,-6.747763707803226,0.0],[-79.881682271568835,-6.74770621692025,0.0],[-79.881761110040458,-6.747654376886294,0.0],[-79.881781898207777,-6.747612611411988,0.0],[-79.881801022234583,-6.747506099331154,0.0],[-79.881810597373018,-6.747468177367467,0.0],[-79.881829041470738,-6.747434461946619,0.0],[-79.881852032956246,-6.747408741941187,0.0],[-79.881865587446327,-6.747382028699448,0.0],[-79.881871835681167,-6.747348315396557,0.0],[-79.88187190231703,-6.747319266061685,0.0],[-79.881878702266803,-6.747285572893112,0.0],[-79.881896772595411,-6.747239430104973,0.0],[-79.881909840082372,-6.74721247915985,0.0],[-79.881931683669933,-6.747183395267407,0.0],[-79.881974481026376,-6.747171920971289,0.0],[-79.882050892659805,-6.747167208527142,0.0],[-79.882082509039051,-6.747146136946158,0.0],[-79.882094312031711,-6.747106738548959,0.0],[-79.882089249366487,-6.74708440577936,0.0],[-79.882069839103934,-6.747057837260583,0.0],[-79.882067715359682,-6.747034640197269,0.0],[-79.882077919237673,-6.747000715071396,0.0],[-79.882058023830055,-6.746827602808326,0.0],[-79.882037332548961,-6.74672739441702,0.0],[-79.881927342843468,-6.746654952603575,0.0],[-79.881898128757513,-6.746674327093476,0.0],[-79.881838051714709,-6.746683864893837,0.0],[-79.881690865961318,-6.746681538130569,0.0],[-79.88152810596003,-6.746671489462038,0.0],[-79.881477701379609,-6.746659799442926,0.0],[-79.881423527765136,-6.746632547630628,0.0],[-79.881398520172027,-6.746512405462389,0.0],[-79.881703439717043,-6.745641696019666,0.0],[-79.882592141021135,-6.744386679002552,0.0],[-79.882288121274087,-6.743190119463253,0.0],[-79.882528439273273,-6.741096524132834,0.0],[-79.882513955813707,-6.740831881793534,0.0],[-79.882681142460342,-6.740601160219255,0.0],[-79.884053289932794,-6.739767131065145,0.0],[-79.884360473212951,-6.736067143140561,0.0],[-79.884336894654979,-6.735983618380756,0.0],[-79.884750838215496,-6.735866834855054,0.0],[-79.884814390244983,-6.735762567335025,0.0],[-79.884944538329606,-6.735699222140366,0.0],[-79.885766097434839,-6.735299354666759,0.0],[-79.885898927585416,-6.735271571975815,0.0],[-79.886075276143643,-6.735266618694466,0.0],[-79.886353840444499,-6.735234077947344,0.0],[-79.886679363997573,-6.735178608181815,0.0],[-79.886876132067869,-6.735067114031075,0.0],[-79.886967207558698,-6.735000094802825,0.0],[-79.887122832491272,-6.734829841307106,0.0],[-79.887123862841037,-6.734617301102579,0.0],[-79.887020696353559,-6.733892003247005,0.0],[-79.886908200711787,-6.733348670150885,0.0],[-79.887005682888756,-6.733328498697834,0.0],[-79.888113212527514,-6.732682273923981,0.0],[-79.889770139984137,-6.731715476321336,0.0],[-79.890189698329863,-6.731470667362609,0.0],[-79.890005106540045,-6.730724372062428,0.0],[-79.889882882653296,-6.730691161046059,0.0],[-79.889765299707534,-6.730377843968168,0.0],[-79.889734523393997,-6.730245713164068,0.0],[-79.889712343943401,-6.729939004688598,0.0],[-79.889722123416448,-6.72950046122596,0.0],[-79.889781978818903,-6.72918040928034,0.0],[-79.88994462127998,-6.729056575533406,0.0],[-79.890153952929239,-6.72905169181723,0.0],[-79.890227120404347,-6.729050178308954,0.0],[-79.89056540577792,-6.729039938789688,0.0],[-79.89066535964497,-6.729037226094005,0.0],[-79.890733598852393,-6.729035079075278,0.0],[-79.89082308302099,-6.729016243555824,0.0],[-79.891086999116993,-6.728909586219304,0.0],[-79.891285661821996,-6.728829637264598,0.0],[-79.891340775432923,-6.728807627821628,0.0],[-79.891388237652507,-6.728799328631294,0.0],[-79.891421870176245,-6.728798804317925,0.0],[-79.891751495724577,-6.728834037696953,0.0],[-79.891935518097284,-6.728854821767853,0.0],[-79.892034321287056,-6.728868427721031,0.0],[-79.892062782182848,-6.728878443761937,0.0],[-79.892099118667787,-6.72889636889053,0.0],[-79.892140570860477,-6.728928032307498,0.0],[-79.892177941361169,-6.728951973402363,0.0],[-79.892247206609525,-6.728998485616264,0.0],[-79.89231124051301,-6.729013227428014,0.0],[-79.892572099390293,-6.72900601376322,0.0],[-79.892641088770702,-6.729005000535214,0.0],[-79.892763955638301,-6.729000475234265,0.0],[-79.893008442081168,-6.728936173916251,0.0],[-79.893111454447123,-6.728909641938612,0.0],[-79.893207244345206,-6.728884410459249,0.0],[-79.893309218970842,-6.72885909165717,0.0],[-79.893390847274233,-6.728850373944982,0.0],[-79.893440439926806,-6.728876195264078,0.0],[-79.893629359248038,-6.728872234801139,0.0],[-79.89372293017469,-6.728872446467476,0.0],[-79.893710260959864,-6.729009939264663,0.0],[-79.893635160527793,-6.729429386697993,0.0],[-79.893604711881494,-6.729540395902649,0.0],[-79.893395369896098,-6.729625992967053,0.0],[-79.893332740579467,-6.729725512835076,0.0],[-79.893292510904573,-6.729823550665459,0.0],[-79.893270016475341,-6.729901782209419,0.0],[-79.89323627481447,-6.730019129520726,0.0],[-79.893196982286327,-6.730072350629163,0.0],[-79.893155730815124,-6.730128225076904,0.0],[-79.893112750869548,-6.730186440695321,0.0],[-79.893069194281807,-6.730359683741461,0.0],[-79.893071069180223,-6.730414051993555,0.0],[-79.892745585276018,-6.730402398914322,0.0],[-79.892531735649968,-6.73073505934533,0.0],[-79.892432218681336,-6.730734833924208,0.0],[-79.892323654719419,-6.730734587987167,0.0],[-79.89227278203046,-6.731016225218398,0.0],[-79.892263058231762,-6.731017754166562,0.0],[-79.892258442727709,-6.731087146705121,0.0],[-79.892253827220713,-6.73115653924321,0.0],[-79.892291657711681,-6.731242146608968,0.0],[-79.892314356011681,-6.731293511027928,0.0],[-79.892337054315732,-6.731344875446487,0.0],[-79.892359752623832,-6.731396239864671,0.0],[-79.892382450936026,-6.73144760428251,0.0],[-79.892490293746761,-6.731691643582791,0.0],[-79.892555590678967,-6.73174595460553,0.0],[-79.892519064015687,-6.731885981846609,0.0],[-79.892567212505668,-6.731898534205988,0.0],[-79.892615360998846,-6.731911086561023,0.0],[-79.892663509495222,-6.731923638911715,0.0],[-79.892711657994795,-6.731936191258058,0.0],[-79.892759811749954,-6.731948762934386,0.0],[-79.892771667359099,-6.731992404096848,0.0],[-79.892783522969765,-6.732036045259293,0.0],[-79.892795378581965,-6.732079686421721,0.0],[-79.892880898708995,-6.732205448856023,0.0],[-79.892892421105884,-6.732249179126931,0.0],[-79.892903943504237,-6.732292909397829,0.0],[-79.892915465904053,-6.732336639668715,0.0],[-79.892923551643591,-6.732367326986228,0.0]]]]}},
{"type":"Feature","properties":{"Layer":"TG_HAB_URB","Color":3,"ESTADO":"TITULADAS POR COFOPRI","COD_HAB_UR":"0366","ID_COD_URB":"1401010366","TIPO_HAB_U":"A.H.","NOMB_HAB_U":"A.H. JESÚS DE NAZARENO"},"geometry":{"type":"MultiPolygon","coordinates":[[[[-79.864143662330676,-6.75219450149199,0.0],[-79.864187318324255,-6.752403118432725,0.0],[-79.864198435177741,-6.752456242024934,0.0],[-79.864209551006695,-6.752509361903996,0.0],[-79.864220666858088,-6.752562479503395,0.0],[-79.864231412315277,-6.75261382830075,0.0],[-79.864242529177872,-6.752666951908317,0.0],[-79.864264761371572,-6.752773191783421,0.0],[-79.864275506922539,-6.752824541001614,0.0],[-79.86428662305039,-6.752877661069808,0.0],[-79.864297739157166,-6.752930781030121,0.0],[-79.864308855232764,-6.752983900834367,0.0],[-79.864317192273134,-6.75302374060479,0.0],[-79.864364560885491,-6.752986658317184,0.0],[-79.864403097919819,-6.753039957961689,0.0],[-79.864479641197676,-6.753000510598382,0.0],[-79.864521153216046,-6.752981850819222,0.0],[-79.864598097046709,-6.752941964944601,0.0],[-79.864646287331652,-6.752916984222569,0.0],[-79.864694718563612,-6.752891878591185,0.0],[-79.864742908839816,-6.752866897857855,0.0],[-79.864790295940495,-6.752842333464557,0.0],[-79.864837683036939,-6.752817769065839,0.0],[-79.864885873300196,-6.752792788315826,0.0],[-79.864934063559105,-6.752767807560229,0.0],[-79.864970206250405,-6.752749071989816,0.0],[-79.865019199672474,-6.752723674878265,0.0],[-79.865066908016857,-6.752698943914813,0.0],[-79.865115098259366,-6.752673963138095,0.0],[-79.865169312276976,-6.752645859757548,0.0],[-79.865222321533295,-6.752618380889704,0.0],[-79.865270913346961,-6.752593191921532,0.0],[-79.865303522065688,-6.752576288247187,0.0],[-79.86534755496946,-6.752557598605733,0.0],[-79.865500047401852,-6.752484340818284,0.0],[-79.865655973644635,-6.75241091911268,0.0],[-79.865667017312717,-6.752405718927084,0.0],[-79.865740873422439,-6.752371442974677,0.0],[-79.865803238961291,-6.752342499678917,0.0],[-79.865909011927513,-6.752003624213096,0.0],[-79.865814606110959,-6.751890437006854,0.0],[-79.865912764974098,-6.751630759694303,0.0],[-79.866003599024737,-6.751533266412329,0.0],[-79.866054405208089,-6.751361298457873,0.0],[-79.866088471006563,-6.75132262837723,0.0],[-79.866119177875177,-6.751287771206145,0.0],[-79.866150473588135,-6.751252245595206,0.0],[-79.866180434216091,-6.751218235510446,0.0],[-79.866207342773549,-6.751187690005479,0.0],[-79.866236983945257,-6.751154042540508,0.0],[-79.866099318786908,-6.751032454674497,0.0],[-79.866122443256316,-6.750981293010944,0.0],[-79.866141969585755,-6.750958370943776,0.0],[-79.866169538694905,-6.750926007406986,0.0],[-79.866197107800289,-6.750893643867966,0.0],[-79.866228196361405,-6.7508571488107,0.0],[-79.866239341316145,-6.750844065676226,0.0],[-79.866208635029778,-6.750813336174839,0.0],[-79.866213127832253,-6.750808736508242,0.0],[-79.866339790646279,-6.750679060876775,0.0],[-79.866301777858666,-6.750642867394675,0.0],[-79.866267524503158,-6.750610253410502,0.0],[-79.866302695344487,-6.750474568218285,0.0],[-79.866454085489352,-6.75014023431278,0.0],[-79.866478171740795,-6.750047286487352,0.0],[-79.86656005212312,-6.749961879518074,0.0],[-79.866586869795171,-6.749777281071623,0.0],[-79.86671163388398,-6.749646269728337,0.0],[-79.86683544494835,-6.74951429093654,0.0],[-79.866803602866028,-6.749483681897732,0.0],[-79.86685478454514,-6.74931921531728,0.0],[-79.866901807615633,-6.749151184299547,0.0],[-79.866914089697048,-6.749107295802964,0.0],[-79.86692440403796,-6.749070438774889,0.0],[-79.866929507643064,-6.749059560661416,0.0],[-79.866949912755032,-6.749016068041565,0.0],[-79.866981292144999,-6.748949184199141,0.0],[-79.867002201533992,-6.748885054792949,0.0],[-79.86704987777172,-6.748807435177972,0.0],[-79.867013790035116,-6.748773727921101,0.0],[-79.867115351555881,-6.748664975081107,0.0],[-79.867146221037387,-6.748631919249534,0.0],[-79.867177091260302,-6.748598864299563,0.0],[-79.867179711283384,-6.748596058694637,0.0],[-79.867213679738342,-6.748540756038874,0.0],[-79.867338592224243,-6.748272032146221,0.0],[-79.867476427098097,-6.7480559956587,0.0],[-79.867511779272078,-6.748018338074183,0.0],[-79.867547443290121,-6.747980348299877,0.0],[-79.867582484367574,-6.747943022080627,0.0],[-79.867617903551292,-6.747905293088172,0.0],[-79.867654745337035,-6.747866048710841,0.0],[-79.867691897649237,-6.747826473546079,0.0],[-79.867729048505723,-6.747786899921578,0.0],[-79.867766201911849,-6.747747323570754,0.0],[-79.867803353443279,-6.747707749206472,0.0],[-79.867840618314858,-6.747668054100175,0.0],[-79.867878001236434,-6.747628233234691,0.0],[-79.867907050053859,-6.747597289978435,0.0],[-79.867937317873043,-6.747565048215571,0.0],[-79.867969344607104,-6.747530932821086,0.0],[-79.868001509252423,-6.747496670513526,0.0],[-79.868027380898624,-6.74746911160614,0.0],[-79.86813763990483,-6.747351661824322,0.0],[-79.868090049345682,-6.747306984060879,0.0],[-79.868108642114734,-6.747146763918874,0.0],[-79.868195611905918,-6.747033196448718,0.0],[-79.868225117207032,-6.747063239519785,0.0],[-79.868274788845397,-6.747010613478857,0.0],[-79.868318499881369,-6.746964302560033,0.0],[-79.868286431532766,-6.746934403291116,0.0],[-79.86832961069922,-6.746887828705173,0.0],[-79.868364832149268,-6.74684983754323,0.0],[-79.868399476595954,-6.746806319314379,0.0],[-79.868423039005833,-6.746776721653679,0.0],[-79.868445398737663,-6.746748634718755,0.0],[-79.868479302267971,-6.746706047157175,0.0],[-79.868516795830075,-6.746658950002074,0.0],[-79.868557129052647,-6.746608285821246,0.0],[-79.868600211373149,-6.746554168370675,0.0],[-79.868615015083279,-6.746535572825672,0.0],[-79.868645260922108,-6.746497579785371,0.0],[-79.868693695835233,-6.74643673868341,0.0],[-79.868746052038446,-6.746370971860872,0.0],[-79.868773432055676,-6.746336578662413,0.0],[-79.86879631164787,-6.746307470025171,0.0],[-79.868800879280357,-6.746302587038514,0.0],[-79.868831776201205,-6.746269556957518,0.0],[-79.868862425942496,-6.746236791114504,0.0],[-79.868920388044074,-6.74617482720758,0.0],[-79.868946333024354,-6.746147090932016,0.0],[-79.868959247982019,-6.746159496157329,0.0],[-79.869303332401543,-6.7457909983627,0.0],[-79.869337113882921,-6.745754844535867,0.0],[-79.869352840610915,-6.745738218727692,0.0],[-79.869384332666229,-6.74570492629837,0.0],[-79.869600967031658,-6.745479864966287,0.0],[-79.869642715624281,-6.74543649307631,0.0],[-79.869275974844598,-6.74522716675124,0.0],[-79.869187566511272,-6.745186339002724,0.0],[-79.867472698124331,-6.747056656142668,0.0],[-79.862145608100334,-6.752827294156446,0.0],[-79.862169053440695,-6.752828651245424,0.0],[-79.862429983530049,-6.752843754611939,0.0],[-79.862431946789556,-6.752833712212466,0.0],[-79.862451239452128,-6.75282944899024,0.0],[-79.862582046480512,-6.752800543707349,0.0],[-79.862678921590117,-6.752776875875867,0.0],[-79.862816799469442,-6.752750943852552,0.0],[-79.862811410248398,-6.752727499464253,0.0],[-79.863021650287749,-6.75265393991938,0.0],[-79.863127464449448,-6.752629814956215,0.0],[-79.863195065751441,-6.752619824687645,0.0],[-79.863262088554606,-6.752609919901,0.0],[-79.863258185887659,-6.752592114279807,0.0],[-79.863301704430341,-6.752573149965209,0.0],[-79.863469938408613,-6.752499837665833,0.0],[-79.863542721258113,-6.752429227350832,0.0],[-79.863558917827262,-6.752425007713314,0.0],[-79.86361341972804,-6.752403413230709,0.0],[-79.863666996438369,-6.752382185314372,0.0],[-79.863705686054118,-6.752366855888664,0.0],[-79.863744375667864,-6.7523515264595,0.0],[-79.863782534717188,-6.752336407244043,0.0],[-79.8637861703086,-6.752353518840581,0.0],[-79.863861397606158,-6.752337431845787,0.0],[-79.863910941063324,-6.752326837209218,0.0],[-79.863902159480162,-6.752285488920154,0.0],[-79.863935690635969,-6.752272203333826,0.0],[-79.864000583672777,-6.752236827028114,0.0],[-79.863993694238985,-6.752205123477951,0.0],[-79.864046143630247,-6.752198032427908,0.0],[-79.864088475755125,-6.752194015004148,0.0],[-79.864143662330676,-6.75219450149199,0.0]]]]}},
{"type":"Feature","properties":{"Layer":"TG_HAB_URB","Color":3,"ESTADO":"TITULADAS POR COFOPRI","COD_HAB_UR":"0084","ID_COD_URB":"1401010084","TIPO_HAB_U":"A.H.","NOMB_HAB_U":"A.H. LIBERTADOR SIMÓN BOLÍVAR"},"geometry":{"type":"MultiPolygon","coordinates":[[[[-79.86777966481695,-6.765998308657172,0.0],[-79.868725273804344,-6.7672379287571,0.0],[-79.868810526011941,-6.768195922805684,0.0],[-79.868941156184022,-6.768183400013235,0.0],[-79.87024233972555,-6.7680586607578,0.0],[-79.871271990947278,-6.767959949664734,0.0],[-79.871419276479614,-6.76941593196787,0.0],[-79.872213746003766,-6.769338435709656,0.0],[-79.87216260286975,-6.768782945971161,0.0],[-79.872376658450705,-6.768766372717962,0.0],[-79.872511968167217,-6.768755896313465,0.0],[-79.872600200333153,-6.76877483153087,0.0],[-79.872684664645092,-6.768739823390534,0.0],[-79.872734811041326,-6.768719039075015,0.0],[-79.872784957433979,-6.768698254753528,0.0],[-79.87283510382305,-6.768677470426174,0.0],[-79.87288525020854,-6.768656686092902,0.0],[-79.872935396590435,-6.768635901753729,0.0],[-79.872968531151926,-6.768622168356786,0.0],[-79.872928438958567,-6.768566453595244,0.0],[-79.873040843431156,-6.768508920088322,0.0],[-79.873489357740965,-6.767659739669322,0.0],[-79.872868323453957,-6.76731241949672,0.0],[-79.872489275801954,-6.767100432390124,0.0],[-79.87256010245649,-6.767027882098896,0.0],[-79.872573728948581,-6.766994029977567,0.0],[-79.872574373309476,-6.766970166175875,0.0],[-79.872570864596057,-6.766935077767627,0.0],[-79.872551517622213,-6.766895845611276,0.0],[-79.872505420653695,-6.766833864626784,0.0],[-79.872481901941129,-6.766815248411218,0.0],[-79.872415116660846,-6.766784451368529,0.0],[-79.872384836099769,-6.766760220123524,0.0],[-79.872358894408819,-6.766770472333992,0.0],[-79.87233032364334,-6.766771290629882,0.0],[-79.872304418867913,-6.766765632124176,0.0],[-79.872202008763324,-6.766939774434038,0.0],[-79.872185158000107,-6.766930350410069,0.0],[-79.872179721233906,-6.766785224363926,0.0],[-79.87217758815305,-6.766728285105065,0.0],[-79.872175556646894,-6.76667405723952,0.0],[-79.87217454089361,-6.76664694330676,0.0],[-79.87217341340731,-6.76661684684134,0.0],[-79.872171236308645,-6.766558732645302,0.0],[-79.87216901519335,-6.766499443512108,0.0],[-79.872166431791669,-6.76643048374278,0.0],[-79.87216430209287,-6.766373634863406,0.0],[-79.872162162235924,-6.766316514844687,0.0],[-79.872160015606667,-6.76625921406634,0.0],[-79.872157889291913,-6.766202455566557,0.0],[-79.872155725732171,-6.766144702889199,0.0],[-79.872153579101095,-6.766087402110697,0.0],[-79.872151422311816,-6.766029830192775,0.0],[-79.872149350168328,-6.765974517769248,0.0],[-79.872146567763423,-6.76590024612286,0.0],[-79.87234429663792,-6.765964369142942,0.0],[-79.872554495679637,-6.765421864115375,0.0],[-79.872989727230461,-6.765570063760292,0.0],[-79.873030301431299,-6.765448902240151,0.0],[-79.873038630462915,-6.765424030313715,0.0],[-79.87297212418234,-6.765399634080446,0.0],[-79.873025765230892,-6.765239452626586,0.0],[-79.872284222135789,-6.764964463798814,0.0],[-79.871697675579654,-6.764746951872281,0.0],[-79.871565217960253,-6.763697825232706,0.0],[-79.870663246527428,-6.763866844931774,0.0],[-79.868048796021384,-6.765773918565341,0.0],[-79.868084393755922,-6.765795538553064,0.0],[-79.86794965296788,-6.765886977846296,0.0],[-79.867856082948322,-6.765950477328331,0.0],[-79.86777966481695,-6.765998308657172,0.0]]]]}},
{"type":"Feature","properties":{"Layer":"TG_HAB_URB","Color":3,"ESTADO":"TITULADAS POR COFOPRI","COD_HAB_UR":"0173","ID_COD_URB":"1401010173","TIPO_HAB_U":"P.J.","NOMB_HAB_U":"P.J. NUEVA JERUSALÉN"},"geometry":{"type":"MultiPolygon","coordinates":[[[[-79.872162162235924,-6.766316514844687,0.0],[-79.87216430209287,-6.766373634863406,0.0],[-79.872166431791669,-6.76643048374278,0.0],[-79.87216901519335,-6.766499443512108,0.0],[-79.872171236308645,-6.766558732645302,0.0],[-79.87217341340731,-6.76661684684134,0.0],[-79.87217454089361,-6.76664694330676,0.0],[-79.872175556646894,-6.76667405723952,0.0],[-79.87217758815305,-6.766728285105065,0.0],[-79.872185158000107,-6.766930350410069,0.0],[-79.872202008763324,-6.766939774434038,0.0],[-79.872304418867913,-6.766765632124176,0.0],[-79.87233032364334,-6.766771290629882,0.0],[-79.872358894408819,-6.766770472333992,0.0],[-79.872384836099769,-6.766760220123524,0.0],[-79.872415116660846,-6.766784451368529,0.0],[-79.872481901941129,-6.766815248411218,0.0],[-79.872505420653695,-6.766833864626784,0.0],[-79.872551517622213,-6.766895845611276,0.0],[-79.872570864596057,-6.766935077767627,0.0],[-79.872574373309476,-6.766970166175875,0.0],[-79.872573728948581,-6.766994029977567,0.0],[-79.87256010245649,-6.767027882098896,0.0],[-79.872489275801954,-6.767100432390124,0.0],[-79.872868323453957,-6.76731241949672,0.0],[-79.873133346983565,-6.767031487038242,0.0],[-79.873034042464866,-6.766944951894078,0.0],[-79.873086276979294,-6.76681504501612,0.0],[-79.87315164754834,-6.766599290719562,0.0],[-79.873438325404464,-6.765886322467994,0.0],[-79.873468693726068,-6.765810796244375,0.0],[-79.873496732433722,-6.765741063758834,0.0],[-79.872989727230461,-6.765570063760292,0.0],[-79.872554495679637,-6.765421864115375,0.0],[-79.87234429663792,-6.765964369142942,0.0],[-79.872146567763423,-6.76590024612286,0.0],[-79.872149350168328,-6.765974517769248,0.0],[-79.872151422311816,-6.766029830192775,0.0],[-79.872153579101095,-6.766087402110697,0.0],[-79.872155725732171,-6.766144702889199,0.0],[-79.872157889291913,-6.766202455566557,0.0],[-79.872160015606667,-6.76625921406634,0.0],[-79.872162162235924,-6.766316514844687,0.0]]]]}},
{"type":"Feature","properties":{"Layer":"TG_HAB_URB","Color":3,"ESTADO":"TITULADAS POR COFOPRI","COD_HAB_UR":"0062","ID_COD_URB":"1401010062","TIPO_HAB_U":"URB.","NOMB_HAB_U":"URB. CAP. FAP JOSÉ QUIÑONES GONZALES - I ETAPA"},"geometry":{"type":"MultiPolygon","coordinates":[[[[-79.865380845476338,-6.769607808578216,0.0],[-79.864028845391971,-6.771796132086829,0.0],[-79.864087838330988,-6.771833133531202,0.0],[-79.864240747194032,-6.771928159584495,0.0],[-79.86430221178172,-6.771966357068119,0.0],[-79.864363682895345,-6.772004558594586,0.0],[-79.864425154131666,-6.772042760184585,0.0],[-79.864486625378476,-6.772080961768359,0.0],[-79.864540022591029,-6.772114145696792,0.0],[-79.864548106687892,-6.772119147010484,0.0],[-79.864609654487012,-6.772157224212886,0.0],[-79.864671202296606,-6.77219530140906,0.0],[-79.864732750116644,-6.772233378598987,0.0],[-79.864794297947157,-6.77227145578267,0.0],[-79.864855843388426,-6.77230953147551,0.0],[-79.864917383089946,-6.772347603604691,0.0],[-79.864978931108567,-6.7723856808666,0.0],[-79.865040479081756,-6.772423758087698,0.0],[-79.86510202686803,-6.77246183518044,0.0],[-79.865163574828244,-6.772499912368076,0.0],[-79.865225122267702,-6.772537989220833,0.0],[-79.865286670355914,-6.772576066462213,0.0],[-79.865348218454585,-6.772614143697362,0.0],[-79.865420536609548,-6.772658883899759,0.0],[-79.865326472362455,-6.772812610298633,0.0],[-79.865222770000742,-6.772982082071659,0.0],[-79.865133480235073,-6.773128000458163,0.0],[-79.867970676692551,-6.774865461250543,0.0],[-79.869258225279282,-6.772781438915274,0.0],[-79.868939916165786,-6.769671102742285,0.0],[-79.868898573183884,-6.76926712199676,0.0],[-79.865380845476338,-6.769607808578216,0.0]]]]}},
{"type":"Feature","properties":{"Layer":"TG_HAB_URB","Color":2,"ESTADO":"INFORMAL O SIN DOCUMENTACION","COD_HAB_UR":"0066","ID_COD_URB":"1401010066","TIPO_HAB_U":"URB.","NOMB_HAB_U":"URB. RESIDENCIAL JOSÉ QUIÑONES"},"geometry":{"type":"MultiPolygon","coordinates":[[[[-79.863735072279468,-6.772271624451044,0.0],[-79.865133480235073,-6.773128000458163,0.0],[-79.865222770000742,-6.772982082071659,0.0],[-79.865326472362455,-6.772812610298633,0.0],[-79.865420536609548,-6.772658883899759,0.0],[-79.865348218454585,-6.772614143697362,0.0],[-79.865286670355914,-6.772576066462213,0.0],[-79.865225122267702,-6.772537989220833,0.0],[-79.865163574828244,-6.772499912368076,0.0],[-79.86510202686803,-6.77246183518044,0.0],[-79.865040479081756,-6.772423758087698,0.0],[-79.864978931108567,-6.7723856808666,0.0],[-79.864917383089946,-6.772347603604691,0.0],[-79.864855843388426,-6.77230953147551,0.0],[-79.864794297947157,-6.77227145578267,0.0],[-79.864732750116644,-6.772233378598987,0.0],[-79.864671202296606,-6.77219530140906,0.0],[-79.864609654487012,-6.772157224212886,0.0],[-79.864548106687892,-6.772119147010484,0.0],[-79.864540022591029,-6.772114145696792,0.0],[-79.864486625378476,-6.772080961768359,0.0],[-79.864425154131666,-6.772042760184585,0.0],[-79.864363682895345,-6.772004558594586,0.0],[-79.86430221178172,-6.771966357068119,0.0],[-79.864240747194032,-6.771928159584495,0.0],[-79.864087838330988,-6.771833133531202,0.0],[-79.864028845391971,-6.771796132086829,0.0],[-79.863735072279468,-6.772271624451044,0.0]]]]}},
{"type":"Feature","properties":{"Layer":"TG_HAB_URB","Color":2,"ESTADO":"INFORMAL O SIN DOCUMENTACION","COD_HAB_UR":"0321","ID_COD_URB":"1401010321","TIPO_HAB_U":"H.U.","NOMB_HAB_U":"H.U. SIN DENOMINACION 008"},"geometry":{"type":"MultiPolygon","coordinates":[[[[-79.866458465086566,-6.773939406622891,0.0],[-79.866634317995874,-6.775522108024592,0.0],[-79.867554711262159,-6.775363870057172,0.0],[-79.867904154746554,-6.774824724416168,0.0],[-79.866458465086566,-6.773939406622891,0.0]]]]}},
{"type":"Feature","properties":{"Layer":"TG_HAB_URB","Color":2,"ESTADO":"INFORMAL O SIN DOCUMENTACION","COD_HAB_UR":"0368","ID_COD_URB":"1401010368","TIPO_HAB_U":"H.U.","NOMB_HAB_U":"H.U. SIN NOMBRE 020"},"geometry":{"type":"MultiPolygon","coordinates":[[[[-79.860817850507331,-6.754945553405975,0.0],[-79.860959943882563,-6.755060447043324,0.0],[-79.861245537707504,-6.755291371785586,0.0],[-79.8613341856407,-6.755363736239017,0.0],[-79.861478315557292,-6.755481144701293,0.0],[-79.8611013694359,-6.755888436060323,0.0],[-79.861041657106739,-6.755953956040464,0.0],[-79.861010645112671,-6.755986884428696,0.0],[-79.860977158244964,-6.756022440627764,0.0],[-79.860918592528535,-6.756086557822597,0.0],[-79.860856842777238,-6.756152659973339,0.0],[-79.860796401038144,-6.756220565908203,0.0],[-79.8607364610113,-6.756288312271725,0.0],[-79.860673299212678,-6.756354324793582,0.0],[-79.8606127366414,-6.756420905642132,0.0],[-79.860552174053396,-6.756487486480012,0.0],[-79.860488113807108,-6.756553890422766,0.0],[-79.860423852058204,-6.756615612544135,0.0],[-79.860357966173495,-6.756681491996185,0.0],[-79.860293434976569,-6.756744236755442,0.0],[-79.860230576106304,-6.756807386055371,0.0],[-79.860166339039893,-6.756871716084867,0.0],[-79.860102101956471,-6.756936046102807,0.0],[-79.860018002756902,-6.75701507317278,0.0],[-79.859945539266292,-6.757085173019061,0.0],[-79.85992112938537,-6.757108786680538,0.0],[-79.859870307669226,-6.757144243034087,0.0],[-79.859780261126019,-6.757199895219435,0.0],[-79.859702705708742,-6.757246469328744,0.0],[-79.859624773983313,-6.75729329616343,0.0],[-79.859547681958844,-6.757340633626583,0.0],[-79.859470024532655,-6.757387038355314,0.0],[-79.859391587156779,-6.757433901493842,0.0],[-79.859315750217803,-6.757480689148937,0.0],[-79.859223434893096,-6.757534590756226,0.0],[-79.859123529459751,-6.757588887199651,0.0],[-79.85906033003603,-6.757622258984942,0.0],[-79.858981323588722,-6.757666329461039,0.0],[-79.858905827801465,-6.757707398868796,0.0],[-79.858822721098775,-6.757752462368916,0.0],[-79.858742291007388,-6.757793879583224,0.0],[-79.858659172674948,-6.757836000712789,0.0],[-79.858571221897407,-6.757880594039815,0.0],[-79.858489780294477,-6.757918936861182,0.0],[-79.858406767636893,-6.757960261029267,0.0],[-79.858326222421724,-6.758000356868965,0.0],[-79.858244936925999,-6.758041089617444,0.0],[-79.858187987567163,-6.758026225709863,0.0],[-79.858061819875218,-6.757993751064645,0.0],[-79.858073634069868,-6.75800495598446,0.0],[-79.858089437935618,-6.758017782455442,0.0],[-79.858120309192529,-6.758026642414622,0.0],[-79.858127063929345,-6.758026759624975,0.0],[-79.858126454135189,-6.758041670219068,0.0],[-79.858117249773983,-6.758225491022388,0.0],[-79.858114944820372,-6.758282810534094,0.0],[-79.858039690150761,-6.758286959955328,0.0],[-79.85809874928978,-6.75865262388912,0.0],[-79.858115829299578,-6.758803001842622,0.0],[-79.858429910948047,-6.758747645890528,0.0],[-79.860844701260945,-6.758322038913556,0.0],[-79.862841439088143,-6.757725736525678,0.0],[-79.863380606386869,-6.757054723100398,0.0],[-79.865216607813451,-6.75425089519893,0.0],[-79.868558582456529,-6.750545378475759,0.0],[-79.871932996947962,-6.746784931203123,0.0],[-79.871863583120756,-6.746733354091688,0.0],[-79.871774954795157,-6.74680580159011,0.0],[-79.871640480701387,-6.746915724739454,0.0],[-79.871563438225408,-6.746978701522322,0.0],[-79.871510208867193,-6.747022212744985,0.0],[-79.871365228857954,-6.747140723537179,0.0],[-79.871328585020223,-6.747107070267042,0.0],[-79.871298336165864,-6.747131525896354,0.0],[-79.871104180658804,-6.747288496855236,0.0],[-79.871008509784858,-6.747365844827471,0.0],[-79.870888217688602,-6.747463098493699,0.0],[-79.870813984257936,-6.747604728120247,0.0],[-79.87069156244857,-6.747711399244632,0.0],[-79.870609019798422,-6.747783970767125,0.0],[-79.870540352858768,-6.747842859595839,0.0],[-79.870555278052109,-6.747856756518559,0.0],[-79.870481321569841,-6.747910407173615,0.0],[-79.870468074584849,-6.747898085218077,0.0],[-79.870338559928427,-6.747958492947367,0.0],[-79.870208199094208,-6.748019295293549,0.0],[-79.870167205115379,-6.748038415519838,0.0],[-79.87010611616266,-6.747925949075054,0.0],[-79.870010767654577,-6.74802627682839,0.0],[-79.869950337926326,-6.748092366276978,0.0],[-79.869668191461386,-6.748394497241047,0.0],[-79.869520036922708,-6.748553183040332,0.0],[-79.86956845426829,-6.748609374681021,0.0],[-79.869417808695147,-6.748898049337265,0.0],[-79.869441306622534,-6.748919937450822,0.0],[-79.869388859707811,-6.74899857890514,0.0],[-79.869327221965023,-6.749070840169935,0.0],[-79.869300148881209,-6.749168454033907,0.0],[-79.869276782464439,-6.749203969134058,0.0],[-79.869216129195138,-6.749296157258686,0.0],[-79.869199722978706,-6.749321093388716,0.0],[-79.869150255739356,-6.749396279593983,0.0],[-79.869083888532089,-6.749458442151202,0.0],[-79.869076973535655,-6.749451930739071,0.0],[-79.869069714145141,-6.749459381639014,0.0],[-79.869052567616507,-6.74944328367309,0.0],[-79.869009393203527,-6.749485171399135,0.0],[-79.868942161100478,-6.749488733036141,0.0],[-79.868893567408577,-6.74953072977816,0.0],[-79.868823409639631,-6.749591363092424,0.0],[-79.868739573260996,-6.749663818003757,0.0],[-79.8687304042097,-6.74965321105348,0.0],[-79.868695947373425,-6.749687834527612,0.0],[-79.868578036629202,-6.749562791125906,0.0],[-79.868348842517292,-6.749525844131903,0.0],[-79.868274192770997,-6.749605890116461,0.0],[-79.868240569530045,-6.749641943881206,0.0],[-79.868207539283461,-6.749678541327579,0.0],[-79.868174421638017,-6.749716271622991,0.0],[-79.868140707272872,-6.749754681740304,0.0],[-79.868058863863055,-6.749848070993285,0.0],[-79.868586942308426,-6.750358475127853,0.0],[-79.867364531370427,-6.751658939933237,0.0],[-79.865949904321596,-6.751858120607095,0.0],[-79.865912764974112,-6.751630759694303,0.0],[-79.865814606110959,-6.751890437006854,0.0],[-79.865909011927513,-6.752003624213096,0.0],[-79.865803238961291,-6.752342499678917,0.0],[-79.865740873422439,-6.752371442974677,0.0],[-79.865667017312717,-6.752405718927084,0.0],[-79.865655973644635,-6.75241091911268,0.0],[-79.865500047401852,-6.752484340818284,0.0],[-79.86534755496946,-6.752557598605733,0.0],[-79.865303522065688,-6.752576288247187,0.0],[-79.865270913346961,-6.752593191921532,0.0],[-79.865222321533295,-6.752618380889704,0.0],[-79.865169312276976,-6.752645859757548,0.0],[-79.865115098259366,-6.752673963138095,0.0],[-79.865066908016857,-6.752698943914813,0.0],[-79.865019199672474,-6.752723674878265,0.0],[-79.864970206250405,-6.752749071989816,0.0],[-79.864934063559105,-6.752767807560229,0.0],[-79.864885873300196,-6.752792788315826,0.0],[-79.864837683036939,-6.752817769065839,0.0],[-79.864790295940495,-6.752842333464557,0.0],[-79.864742908839816,-6.752866897857855,0.0],[-79.864694718563626,-6.752891878591185,0.0],[-79.864646287331652,-6.752916984222569,0.0],[-79.864598097046709,-6.752941964944601,0.0],[-79.864521153216046,-6.752981850819222,0.0],[-79.864479641197676,-6.753000510598382,0.0],[-79.864403097919819,-6.753039957961689,0.0],[-79.864364560885491,-6.752986658317184,0.0],[-79.864317192273134,-6.75302374060479,0.0],[-79.864195482920167,-6.7531180961957,0.0],[-79.864084401284956,-6.753179399309302,0.0],[-79.863995347420214,-6.75321799101353,0.0],[-79.8639226327969,-6.753263800806691,0.0],[-79.863759216202126,-6.75336675224201,0.0],[-79.863668184917259,-6.753425062126317,0.0],[-79.863513271349262,-6.753567981682952,0.0],[-79.863361735266295,-6.753709221509601,0.0],[-79.86327742427973,-6.753803108691617,0.0],[-79.863155872205922,-6.753940141146013,0.0],[-79.863129761010583,-6.753969577741789,0.0],[-79.862981936686921,-6.754135903918007,0.0],[-79.862914016237426,-6.754231893535853,0.0],[-79.862835153098132,-6.754356999854251,0.0],[-79.862783604002061,-6.75425128364435,0.0],[-79.862766983002885,-6.754205357688716,0.0],[-79.86274982206811,-6.754159630609707,0.0],[-79.862734393709971,-6.754112338413955,0.0],[-79.862721729740173,-6.754067044023614,0.0],[-79.862709862782751,-6.754023406314439,0.0],[-79.862697995826849,-6.753979768605271,0.0],[-79.862686128872468,-6.753936130896028,0.0],[-79.86266951513889,-6.753875038103208,0.0],[-79.86265052801842,-6.753805217768323,0.0],[-79.862630350116078,-6.75371705290659,0.0],[-79.862622936674398,-6.753672442854521,0.0],[-79.862615523233401,-6.753627832802402,0.0],[-79.862601289428611,-6.753542181502479,0.0],[-79.862571561542509,-6.753363295194203,0.0],[-79.862548517199741,-6.753367044622586,0.0],[-79.862542724291487,-6.753291290554809,0.0],[-79.86252483770329,-6.753221180417579,0.0],[-79.862506951118689,-6.753151070280443,0.0],[-79.862489064537627,-6.753080960143246,0.0],[-79.862471177960444,-6.753010850006011,0.0],[-79.862449389960545,-6.752941851829567,0.0],[-79.86242555934102,-6.752866385073935,0.0],[-79.862429983530049,-6.752843754611939,0.0],[-79.862169053440695,-6.752828651245424,0.0],[-79.862145608100334,-6.752827294156446,0.0],[-79.86213528403826,-6.752826632100343,0.0],[-79.861726153006089,-6.753219703997583,0.0],[-79.861475420210837,-6.753245026623751,0.0],[-79.860320848928708,-6.754544106523507,0.0],[-79.860588088984144,-6.754759958997768,0.0],[-79.860728835273861,-6.754873641064795,0.0],[-79.860817850507331,-6.754945553405975,0.0]]]]}},
{"type":"Feature","properties":{"Layer":"TG_HAB_URB","Color":5,"ESTADO":"APROBADOS POR LA MPCH CON RESOLUCION","COD_HAB_UR":"0398","ID_COD_URB":"1401010398","TIPO_HAB_U":"H.U.","NOMB_HAB_U":"H.U. SAN ANTONIO"},"geometry":{"type":"MultiPolygon","coordinates":[[[[-79.873694890888714,-6.758566554651869,0.0],[-79.874722122122023,-6.759866386407859,0.0],[-79.874863857162666,-6.759752929968076,0.0],[-79.874897634958046,-6.7597954116587,0.0],[-79.87493141253735,-6.759837893069002,0.0],[-79.87507265904371,-6.759724827583955,0.0],[-79.875158424379208,-6.759666742734032,0.0],[-79.875237612071231,-6.759766528234032,0.0],[-79.875802069498491,-6.759673918494839,0.0],[-79.875823553073275,-6.759806719778756,0.0],[-79.875832863570309,-6.759909761945232,0.0],[-79.875888266286211,-6.760092259784937,0.0],[-79.875951523157369,-6.760232963783218,0.0],[-79.875937346322615,-6.760139591846657,0.0],[-79.877335817463035,-6.759921669657506,0.0],[-79.877316312509052,-6.759804363565224,0.0],[-79.877185853916089,-6.75958339944517,0.0],[-79.877163826969536,-6.759449533331835,0.0],[-79.877109855142521,-6.759458407866945,0.0],[-79.877087828217427,-6.759324541753888,0.0],[-79.877048086683942,-6.75922692195233,0.0],[-79.877025963772738,-6.759093071660894,0.0],[-79.876969888647906,-6.759102333317886,0.0],[-79.876947765758786,-6.758968483026715,0.0],[-79.876915746627461,-6.758868970345492,0.0],[-79.876897461780061,-6.758757414820557,0.0],[-79.876880266073911,-6.758652504103189,0.0],[-79.876808937626848,-6.758664021771943,0.0],[-79.876747805259839,-6.758673947669879,0.0],[-79.876717578949851,-6.758651768118659,0.0],[-79.876700024754541,-6.758601908811178,0.0],[-79.876666373537915,-6.758513148127388,0.0],[-79.876643324546734,-6.758465138176414,0.0],[-79.87662128206965,-6.758438107116188,0.0],[-79.876584204995865,-6.758403782373462,0.0],[-79.876551039217318,-6.758384327429156,0.0],[-79.876520117038922,-6.758370439031975,0.0],[-79.876488432226807,-6.758363574527225,0.0],[-79.87646353500763,-6.758358995813396,0.0],[-79.876431073555977,-6.758358167523395,0.0],[-79.876134695239415,-6.75842190537777,0.0],[-79.876078677541898,-6.75843395228152,0.0],[-79.876022508311195,-6.758446031765967,0.0],[-79.875964569969042,-6.758458491699326,0.0],[-79.875930579203569,-6.758465801581647,0.0],[-79.875860178061004,-6.75848449925477,0.0],[-79.875797259925235,-6.758505234700143,0.0],[-79.875753078865856,-6.758522188538977,0.0],[-79.87571292662534,-6.758538518313594,0.0],[-79.875637433454528,-6.758569221107276,0.0],[-79.875560396097072,-6.758600551898899,0.0],[-79.875523753283957,-6.758615454381462,0.0],[-79.875497944010732,-6.758624217545711,0.0],[-79.875472050810558,-6.75862975529942,0.0],[-79.875444265699528,-6.758641981501499,0.0],[-79.875412268798428,-6.758647235634404,0.0],[-79.875359710634697,-6.758652442278432,0.0],[-79.875266081217347,-6.758625585897101,0.0],[-79.875186685192702,-6.758560440565118,0.0],[-79.874961614736833,-6.758310818468918,0.0],[-79.874918383659704,-6.75827807573007,0.0],[-79.874873606438683,-6.758258999948605,0.0],[-79.874591012277634,-6.758282468233247,0.0],[-79.874239061081369,-6.758343786694286,0.0],[-79.874069418170194,-6.758385435327209,0.0],[-79.873963949512756,-6.758418333561156,0.0],[-79.873888921232933,-6.758444555986929,0.0],[-79.873764537866393,-6.758501683645618,0.0],[-79.873683963475116,-6.758540144532529,0.0],[-79.873694890888714,-6.758566554651869,0.0]]]]}},
{"type":"Feature","properties":{"Layer":"TG_HAB_URB","Color":2,"ESTADO":"INFORMAL O SIN DOCUMENTACION","COD_HAB_UR":"0194","ID_COD_URB":"1401010194","TIPO_HAB_U":"H.U.","NOMB_HAB_U":"H.U. SIN DENOMINACION 042"},"geometry":{"type":"MultiPolygon","coordinates":[[[[-79.873610481316433,-6.778297067871303,0.0],[-79.870774693684112,-6.782677380775286,0.0],[-79.871100407730523,-6.783051691282064,0.0],[-79.871132267347832,-6.783032932897259,0.0],[-79.871157552630947,-6.783036094830089,0.0],[-79.87117476500967,-6.783039006446546,0.0],[-79.871182108299479,-6.783042127542987,0.0],[-79.8712570669949,-6.783073984198737,0.0],[-79.871315772075704,-6.783098933229157,0.0],[-79.871252544292602,-6.78319082363352,0.0],[-79.871315736379458,-6.783267610770124,0.0],[-79.87134408045678,-6.783302052979716,0.0],[-79.871372009255992,-6.783335990006139,0.0],[-79.87139976276822,-6.783369714877611,0.0],[-79.871293953747042,-6.783551660654645,0.0],[-79.87127751598787,-6.783595547128604,0.0],[-79.871188454077583,-6.783740949172893,0.0],[-79.871148824476919,-6.783702143828737,0.0],[-79.871112284288955,-6.78375453020588,0.0],[-79.871058627950248,-6.783835702062645,0.0],[-79.871020869146093,-6.783892823943962,0.0],[-79.871496068171297,-6.784221274573955,0.0],[-79.871586488534291,-6.78430298203862,0.0],[-79.871711114679172,-6.784356700966749,0.0],[-79.871835922023706,-6.784410497957793,0.0],[-79.871963040786198,-6.784459604672574,0.0],[-79.872033854650397,-6.784262832703454,0.0],[-79.872198724978119,-6.784299163336164,0.0],[-79.872222277971417,-6.78436803825057,0.0],[-79.872263838349625,-6.784376107736023,0.0],[-79.872279537004047,-6.784380392334099,0.0],[-79.872283145222028,-6.784368029770282,0.0],[-79.872308717999076,-6.784375487586373,0.0],[-79.872307072690887,-6.784381207429418,0.0],[-79.872347971225778,-6.784392962369629,0.0],[-79.872452870256723,-6.784476748679877,0.0],[-79.872562959431477,-6.784440869808503,0.0],[-79.872586937505801,-6.784453781371739,0.0],[-79.872606821778774,-6.784519369403045,0.0],[-79.872628851394992,-6.784514446449372,0.0],[-79.872763805054646,-6.784474327774831,0.0],[-79.872779749116333,-6.784522037774908,0.0],[-79.872796672346965,-6.78457267776998,0.0],[-79.872813595580382,-6.784623317765062,0.0],[-79.872810735057797,-6.784624168672628,0.0],[-79.872826697642026,-6.784678868942404,0.0],[-79.872841266669639,-6.784728793791771,0.0],[-79.872856577356075,-6.784781800723339,0.0],[-79.872868680922139,-6.78485793693276,0.0],[-79.87287123927598,-6.784874029987049,0.0],[-79.872881872552441,-6.78487784353742,0.0],[-79.87287078156524,-6.784907686763971,0.0],[-79.872998989347508,-6.784959883589002,0.0],[-79.873035828226222,-6.784974881676202,0.0],[-79.873248355472057,-6.784499629191393,0.0],[-79.873339770602271,-6.784274578857868,0.0],[-79.873383498435004,-6.784301171542833,0.0],[-79.873429192508254,-6.784317633738949,0.0],[-79.873488782224271,-6.784339102108231,0.0],[-79.873517257625821,-6.784349360929597,0.0],[-79.873538352958434,-6.784366034515205,0.0],[-79.873587237036219,-6.784404672100072,0.0],[-79.873603021547709,-6.784417148049796,0.0],[-79.873656835825713,-6.784417480407819,0.0],[-79.873651901252188,-6.784459993937106,0.0],[-79.873693788737697,-6.784477290653652,0.0],[-79.873735676226673,-6.784494587367044,0.0],[-79.873777563719145,-6.7845118840773,0.0],[-79.873810842976567,-6.784525626163626,0.0],[-79.873845929975076,-6.784521118833183,0.0],[-79.873863771133742,-6.784518826929149,0.0],[-79.873857597875755,-6.784462287922965,0.0],[-79.873851707789669,-6.784408342399551,0.0],[-79.873845817703909,-6.784354396876201,0.0],[-79.873839927618491,-6.784300451352843,0.0],[-79.873834037533385,-6.784246505829513,0.0],[-79.87382814744862,-6.784192560306244,0.0],[-79.873822257364196,-6.784138614782987,0.0],[-79.873816367280085,-6.78408466925974,0.0],[-79.873810477196315,-6.784030723736536,0.0],[-79.873804587112872,-6.783976778213344,0.0],[-79.87379869702977,-6.78392283269018,0.0],[-79.873792806946994,-6.78386888716706,0.0],[-79.873786916864546,-6.783814941643967,0.0],[-79.873781026782424,-6.7837609961209,0.0],[-79.873915946918899,-6.783746295951242,0.0],[-79.874039950219185,-6.783764993876478,0.0],[-79.874598710966424,-6.783972443196054,0.0],[-79.874663418321873,-6.783980899003561,0.0],[-79.874715552556879,-6.78384674963076,0.0],[-79.875034690169343,-6.783975480156095,0.0],[-79.875131367127224,-6.783965573002062,0.0],[-79.875828194638387,-6.783894163693576,0.0],[-79.875777677501773,-6.783161676366091,0.0],[-79.875211170448679,-6.783199738052965,0.0],[-79.875195038638026,-6.782801830728618,0.0],[-79.87495794152666,-6.782780004940358,0.0],[-79.874989427986577,-6.782595726713933,0.0],[-79.875008996955586,-6.782456681614495,0.0],[-79.875086216033338,-6.781991973159647,0.0],[-79.875260622339738,-6.781706330183042,0.0],[-79.874319333110094,-6.781115993207639,0.0],[-79.874283532885059,-6.781186017143163,0.0],[-79.874253517033878,-6.781227026436201,0.0],[-79.874303321918021,-6.781267286056996,0.0],[-79.874282303161053,-6.781314765426292,0.0],[-79.874263961384742,-6.781364537045605,0.0],[-79.874241382021069,-6.781412809660819,0.0],[-79.874211884997266,-6.781458469368951,0.0],[-79.874178477395049,-6.781510182414606,0.0],[-79.87415546163632,-6.781561922880666,0.0],[-79.874117539269037,-6.781620979001572,0.0],[-79.874078914449115,-6.781672450084543,0.0],[-79.874070596943639,-6.781666447101849,0.0],[-79.874046071995835,-6.781701365141668,0.0],[-79.874023567758499,-6.781733406135474,0.0],[-79.873946881222736,-6.78183443784831,0.0],[-79.873871264646226,-6.781670013311781,0.0],[-79.873816437926223,-6.781550795235798,0.0],[-79.873745477782919,-6.78139649572569,0.0],[-79.873741025268714,-6.781387895413538,0.0],[-79.873756423958739,-6.781364277730278,0.0],[-79.873780802672272,-6.781326886962947,0.0],[-79.873806021309079,-6.781288207957713,0.0],[-79.87382987788547,-6.781251617819278,0.0],[-79.873855894334596,-6.781211715335472,0.0],[-79.873880448553791,-6.781174055353679,0.0],[-79.87390509779793,-6.781136249628737,0.0],[-79.873929496872236,-6.781098827645544,0.0],[-79.873953891100641,-6.781061413086674,0.0],[-79.873983098408772,-6.78101661626665,0.0],[-79.874007799707798,-6.780978730658696,0.0],[-79.874032501002688,-6.780940845048754,0.0],[-79.874057202293429,-6.780902959436893,0.0],[-79.874081903580034,-6.780865073823064,0.0],[-79.87410660486249,-6.780827188207279,0.0],[-79.874132294191853,-6.780787787164796,0.0],[-79.874154525338668,-6.780753690107074,0.0],[-79.874179226608945,-6.780715804485567,0.0],[-79.874203927875087,-6.780677918862093,0.0],[-79.874228760253416,-6.780640108191688,0.0],[-79.874306321021336,-6.780522011329723,0.0],[-79.874332414791013,-6.780482279985303,0.0],[-79.874393139436393,-6.780387714921505,0.0],[-79.874459082420614,-6.780427274756857,0.0],[-79.874525025416546,-6.780466834584926,0.0],[-79.874586313623254,-6.780503601948081,0.0],[-79.874665057346732,-6.780550841019351,0.0],[-79.874715484370526,-6.780581092635941,0.0],[-79.874777548409199,-6.780618325388999,0.0],[-79.874740296939692,-6.78067823822081,0.0],[-79.874993230108572,-6.780832545295736,0.0],[-79.875096465507511,-6.780660309911273,0.0],[-79.87516145046574,-6.780723224864706,0.0],[-79.875254715147392,-6.780813518691208,0.0],[-79.875724205315052,-6.780040375768565,0.0],[-79.87573336035716,-6.780025299474376,0.0],[-79.875850487309819,-6.779836765276971,0.0],[-79.873610481316433,-6.778297067871303,0.0]]]]}},
{"type":"Feature","properties":{"Layer":"TG_HAB_URB","Color":2,"ESTADO":"INFORMAL O SIN DOCUMENTACION","COD_HAB_UR":"0065","ID_COD_URB":"1401010065","TIPO_HAB_U":"H.U.","NOMB_HAB_U":"H.U. SIN DENOMINACION 047"},"geometry":{"type":"MultiPolygon","coordinates":[[[[-79.871954100331905,-6.787547755127871,0.0],[-79.871714946771519,-6.788104027822692,0.0],[-79.872709077575337,-6.788489903053687,0.0],[-79.872868141527391,-6.788039887163643,0.0],[-79.87345974852083,-6.788263828991475,0.0],[-79.873662975834819,-6.787712038682399,0.0],[-79.873678740736125,-6.787669234721551,0.0],[-79.873635049726005,-6.787651033410651,0.0],[-79.873602457931199,-6.787643386067243,0.0],[-79.873540966068958,-6.787648852078094,0.0],[-79.873507366742658,-6.787651838718391,0.0],[-79.873487391730606,-6.787644490073726,0.0],[-79.873435136150277,-6.787625265665223,0.0],[-79.873380581670972,-6.78760519550309,0.0],[-79.873330174715861,-6.787586651175794,0.0],[-79.873280600034164,-6.787568413029185,0.0],[-79.873183375962725,-6.787532645018574,0.0],[-79.873079497845183,-6.787494429008031,0.0],[-79.873072735832451,-6.787509716552289,0.0],[-79.873050782912998,-6.787559347657811,0.0],[-79.873028829896271,-6.787608978892464,0.0],[-79.872902941157719,-6.787558275424577,0.0],[-79.872852594341111,-6.787537961514342,0.0],[-79.872823215251557,-6.787526107649885,0.0],[-79.872797103481503,-6.787590861192717,0.0],[-79.872746722582519,-6.787716829163817,0.0],[-79.872696898506007,-6.787696930409034,0.0],[-79.872647357782782,-6.78767720547392,0.0],[-79.87259595904662,-6.787656680068096,0.0],[-79.872546077358692,-6.787636872673017,0.0],[-79.872495298660795,-6.78761663715592,0.0],[-79.872444657809865,-6.787596489211666,0.0],[-79.87244041976443,-6.787594803064636,0.0],[-79.872399626015806,-6.787578560239433,0.0],[-79.872347911432215,-6.787557969065017,0.0],[-79.8722972396247,-6.787537802253666,0.0],[-79.872243663452679,-6.787516465428808,0.0],[-79.87218824893597,-6.787494396271434,0.0],[-79.872177433200306,-6.787519282228614,0.0],[-79.8721558017251,-6.787569054141625,0.0],[-79.872134170244806,-6.787618826052839,0.0],[-79.872006671752359,-6.787568504296683,0.0],[-79.871954100331905,-6.787547755127871,0.0]]]]}},
{"type":"Feature","properties":{"Layer":"TG_HAB_URB","Color":2,"ESTADO":"INFORMAL O SIN DOCUMENTACION","COD_HAB_UR":"0053","ID_COD_URB":"1401010053","TIPO_HAB_U":"FDO.","NOMB_HAB_U":"FDO. CERROPÓN"},"geometry":{"type":"MultiPolygon","coordinates":[[[[-79.863566293658621,-6.78462241814683,0.0],[-79.864135513288176,-6.78490249672917,0.0],[-79.868109421762611,-6.786828660141929,0.0],[-79.868144827505887,-6.786772894990063,0.0],[-79.868497294193475,-6.786217747968551,0.0],[-79.868708879911921,-6.785884492413154,0.0],[-79.868611873530583,-6.785831132137741,0.0],[-79.868389038860499,-6.785708557417959,0.0],[-79.868403806189107,-6.785684749503935,0.0],[-79.868333333196247,-6.785640743961699,0.0],[-79.868179858286481,-6.785544909366683,0.0],[-79.868026383442341,-6.785449074732779,0.0],[-79.867938028205572,-6.785393971114772,0.0],[-79.868130783940032,-6.785086690028091,0.0],[-79.867935269371628,-6.784965090025172,0.0],[-79.867897029916477,-6.785026523552414,0.0],[-79.867858790450853,-6.785087957074897,0.0],[-79.867820550974713,-6.78514939059262,0.0],[-79.867782311488114,-6.785210824105567,0.0],[-79.867651884386532,-6.785129705056275,0.0],[-79.867612897487646,-6.785192090093262,0.0],[-79.867589935115902,-6.785177751610007,0.0],[-79.867422540712738,-6.785446218270159,0.0],[-79.867384147578036,-6.785422298766101,0.0],[-79.867345754447456,-6.785398379259608,0.0],[-79.867307361320968,-6.785374459750718,0.0],[-79.867268968198601,-6.78535054023936,0.0],[-79.867230575080285,-6.785326620725567,0.0],[-79.867340902152407,-6.785149708552984,0.0],[-79.867302509043952,-6.78512578904671,0.0],[-79.867263645038662,-6.785102641876967,0.0],[-79.86722549314986,-6.785078339786494,0.0],[-79.867187100053627,-6.785054420272952,0.0],[-79.867149193224165,-6.785029737991441,0.0],[-79.867111202977483,-6.784817728803073,0.0],[-79.867154814028751,-6.784747944495136,0.0],[-79.866953013452701,-6.784621932974093,0.0],[-79.866648718804782,-6.784431920215732,0.0],[-79.866313788013429,-6.784967858892905,0.0],[-79.866151727525349,-6.784866662158863,0.0],[-79.866127759042186,-6.784905015187303,0.0],[-79.866103790554916,-6.784943368213905,0.0],[-79.865950316401282,-6.784847533020438,0.0],[-79.865861744690164,-6.784802078830948,0.0],[-79.865804447648443,-6.784765734532467,0.0],[-79.865766249647265,-6.784741505010757,0.0],[-79.865728053132955,-6.784717273214832,0.0],[-79.86568985659396,-6.784693041398248,0.0],[-79.86580636939388,-6.78450952070787,0.0],[-79.865154987941793,-6.78410277161124,0.0],[-79.865040516158743,-6.784281099995856,0.0],[-79.8650023196939,-6.784256868136101,0.0],[-79.864964123233165,-6.78423263627398,0.0],[-79.86492592677655,-6.784208404409415,0.0],[-79.864822850319229,-6.784143012592668,0.0],[-79.865090920636121,-6.783714062591295,0.0],[-79.864898207793786,-6.783593724473495,0.0],[-79.864874239301457,-6.783632077435914,0.0],[-79.864850270805007,-6.783670430396511,0.0],[-79.864826302304465,-6.783708783355181,0.0],[-79.864802333799815,-6.783747136312011,0.0],[-79.864778365291073,-6.78378548926695,0.0],[-79.864752790018144,-6.783826413259223,0.0],[-79.864601052890592,-6.783730088777802,0.0],[-79.864576993619977,-6.783714815667618,0.0],[-79.864596502859655,-6.783683555411636,0.0],[-79.864501733553908,-6.783642113447575,0.0],[-79.864482368115532,-6.783674270333313,0.0],[-79.864418218246783,-6.783778174033043,0.0],[-79.864356444270953,-6.783878229434723,0.0],[-79.864217253135593,-6.784103677316502,0.0],[-79.863976800094889,-6.784018243009504,0.0],[-79.863891546367896,-6.783987951850616,0.0],[-79.86384124667498,-6.783970080060659,0.0],[-79.863779437740291,-6.783948118957877,0.0],[-79.863736378816242,-6.784068640432309,0.0],[-79.86370817191515,-6.784170312889537,0.0],[-79.863661838306427,-6.784318346177118,0.0],[-79.863657615427343,-6.784332188037721,0.0],[-79.863566293658621,-6.78462241814683,0.0]]]]}},
{"type":"Feature","properties":{"Layer":"TG_HAB_URB","Color":2,"ESTADO":"INFORMAL O SIN DOCUMENTACION","COD_HAB_UR":"0306","ID_COD_URB":"1401010306","TIPO_HAB_U":"FDO.","NOMB_HAB_U":"FDO. LA ESPERANZA"},"geometry":{"type":"MultiPolygon","coordinates":[[[[-79.868283116567625,-6.787599849059458,0.0],[-79.868330601593343,-6.787647514052392,0.0],[-79.868376526460537,-6.78768918765029,0.0],[-79.868420464378971,-6.787726954500967,0.0],[-79.868481405724879,-6.787782472948527,0.0],[-79.868508761340067,-6.787823852556756,0.0],[-79.868545215162655,-6.78788010562247,0.0],[-79.868567733706314,-6.787916614041464,0.0],[-79.868579588076855,-6.787958445152951,0.0],[-79.868587678556167,-6.787967567376754,0.0],[-79.868590592208918,-6.787978536662309,0.0],[-79.868633496362804,-6.788065320497795,0.0],[-79.868724939373081,-6.78811760070212,0.0],[-79.86884519218232,-6.788245042975903,0.0],[-79.868921161309828,-6.788264645237263,0.0],[-79.868992483277083,-6.788275002298491,0.0],[-79.869079102571192,-6.78829250470637,0.0],[-79.869126976600128,-6.788299389975613,0.0],[-79.86918114512352,-6.788277608979158,0.0],[-79.869214864714948,-6.788248864271741,0.0],[-79.869285858068295,-6.78818834503688,0.0],[-79.869350657908242,-6.788172768828483,0.0],[-79.869465125038346,-6.788148629330889,0.0],[-79.8695329941648,-6.788132315316136,0.0],[-79.869600869172174,-6.788123751146743,0.0],[-79.869728459987897,-6.788107652272647,0.0],[-79.869736603822716,-6.788108779813188,0.0],[-79.869839338247544,-6.788302778560623,0.0],[-79.8698603352329,-6.788370790429339,0.0],[-79.869956433634812,-6.78843249448846,0.0],[-79.869992995682836,-6.788469103860947,0.0],[-79.870080919072905,-6.788557141025139,0.0],[-79.870146704943849,-6.788581314401876,0.0],[-79.870249076352366,-6.788620060967836,0.0],[-79.870319810145674,-6.788646364284272,0.0],[-79.870402842443696,-6.788672900958912,0.0],[-79.870432316792304,-6.78868232079784,0.0],[-79.870527702043887,-6.788691768691462,0.0],[-79.870556615471813,-6.788718519626666,0.0],[-79.870655384086717,-6.788821679076211,0.0],[-79.870803085515888,-6.788973513984198,0.0],[-79.870949523848637,-6.789040597029932,0.0],[-79.871017499674124,-6.789040755329268,0.0],[-79.871269932562598,-6.788965168780694,0.0],[-79.871297509168258,-6.788884080524346,0.0],[-79.871283372442491,-6.788689227368687,0.0],[-79.871313146648646,-6.788606658654825,0.0],[-79.871320722240796,-6.78859698831206,0.0],[-79.871367538273446,-6.788617118997402,0.0],[-79.871400941961369,-6.788635376781196,0.0],[-79.871427237775336,-6.788666360239604,0.0],[-79.871481544397966,-6.788730347860932,0.0],[-79.871481485014769,-6.788524065820554,0.0],[-79.871714946771519,-6.788104027822692,0.0],[-79.87148133834539,-6.788014789422196,0.0],[-79.870806607505543,-6.787757041521377,0.0],[-79.868144827505887,-6.786772894990063,0.0],[-79.868109421762611,-6.786828660141929,0.0],[-79.867892727638207,-6.787207354940797,0.0],[-79.868181124592553,-6.787317160069512,0.0],[-79.868235631423218,-6.787552184336684,0.0],[-79.868283116567625,-6.787599849059458,0.0]]]]}},
{"type":"Feature","properties":{"Layer":"TG_HAB_URB","Color":2,"ESTADO":"INFORMAL O SIN DOCUMENTACION","COD_HAB_UR":"0356","ID_COD_URB":"1401010356","TIPO_HAB_U":"H.U.","NOMB_HAB_U":"H.U. SIN DENOMINACION 056"},"geometry":{"type":"MultiPolygon","coordinates":[[[[-79.817608794551347,-6.757622967306199,0.0],[-79.817587652365376,-6.757662945196302,0.0],[-79.81756651017551,-6.757702923084816,0.0],[-79.817545367981737,-6.757742900971746,0.0],[-79.817524225784098,-6.75778287885707,0.0],[-79.817503083582579,-6.757822856740827,0.0],[-79.817481518533,-6.757863634180622,0.0],[-79.8174599534794,-6.757904411618767,0.0],[-79.817435851355867,-6.757949986400631,0.0],[-79.817239228580405,-6.758321780596535,0.0],[-79.817120831908511,-6.758545656605395,0.0],[-79.817091232721467,-6.758601625599816,0.0],[-79.817061633526777,-6.758657594591129,0.0],[-79.817032034324484,-6.758713563579328,0.0],[-79.817010892032485,-6.758753541426141,0.0],[-79.816989749736564,-6.758793519271365,0.0],[-79.816968184590749,-6.758834296671862,0.0],[-79.816931650687266,-6.758903378381798,0.0],[-79.816890624536754,-6.758955084570944,0.0],[-79.816169105094531,-6.758366892287435,0.0],[-79.815990403047039,-6.75822121164413,0.0],[-79.815213031124685,-6.75736048105382,0.0],[-79.815125381296511,-6.75751162256657,0.0],[-79.815969178188908,-6.758436932660273,0.0],[-79.816072647367747,-6.758550396955818,0.0],[-79.81735328204185,-6.759633543947,0.0],[-79.817470917521561,-6.759545538020982,0.0],[-79.817388153903735,-6.759441931233684,0.0],[-79.817429840309089,-6.759300395468131,0.0],[-79.817693959157594,-6.759244726932181,0.0],[-79.818367656186382,-6.758810970186568,0.0],[-79.81841066034788,-6.75866052628665,0.0],[-79.818418132507446,-6.758634385993485,0.0],[-79.818497912355397,-6.758359500139214,0.0],[-79.818516894619989,-6.758294095639887,0.0],[-79.818535479827773,-6.758230180010444,0.0],[-79.818554100694897,-6.758165953545341,0.0],[-79.818572790617353,-6.75810133359914,0.0],[-79.818591494806071,-6.758036821664001,0.0],[-79.81861012035715,-6.757971919725099,0.0],[-79.818628868385062,-6.75790675159644,0.0],[-79.818645691221732,-6.757848412348586,0.0],[-79.818664922815231,-6.757781719844137,0.0],[-79.818684147556709,-6.757715023650637,0.0],[-79.818703385982232,-6.757648334829862,0.0],[-79.818712305636538,-6.757576087837313,0.0],[-79.818721210308183,-6.757503832775944,0.0],[-79.818729998195082,-6.757432714501858,0.0],[-79.818765323171633,-6.757148455843935,0.0],[-79.818624965029926,-6.756717901156732,0.0],[-79.818616392585739,-6.756683981147066,0.0],[-79.818611760646633,-6.756668592173608,0.0],[-79.818591241647212,-6.756615646791334,0.0],[-79.818569788293118,-6.756571444508549,0.0],[-79.818567489351196,-6.756566707790435,0.0],[-79.818534825481322,-6.756510441674715,0.0],[-79.818494145282401,-6.756453911858216,0.0],[-79.818440419267759,-6.756392938247926,0.0],[-79.818377007013311,-6.756335566313359,0.0],[-79.818347583093782,-6.756352631975264,0.0],[-79.818296336321438,-6.756322885455451,0.0],[-79.818237561386113,-6.756434024129422,0.0],[-79.818212613742617,-6.756481198095255,0.0],[-79.818191471667618,-6.756521176030665,0.0],[-79.818170329588739,-6.756561153964472,0.0],[-79.818149187505966,-6.756601131896726,0.0],[-79.81812212563436,-6.756652303647661,0.0],[-79.818096755123932,-6.756700277161824,0.0],[-79.818075613027631,-6.756740255088541,0.0],[-79.818054470927464,-6.756780233013655,0.0],[-79.818033328823404,-6.756820210937201,0.0],[-79.818012186715436,-6.75686018885916,0.0],[-79.817991044603616,-6.756900166779531,0.0],[-79.817969902487889,-6.756940144698318,0.0],[-79.817948760368282,-6.756980122615519,0.0],[-79.817927618244781,-6.757020100531131,0.0],[-79.817906476117415,-6.757060078445141,0.0],[-79.81788533398614,-6.757100056357598,0.0],[-79.817864191850987,-6.757140034268438,0.0],[-79.817843049711954,-6.757180012177705,0.0],[-79.817821484726139,-6.757220789643522,0.0],[-79.817799919736288,-6.75726156710769,0.0],[-79.817778777585417,-6.757301545012135,0.0],[-79.817757635430681,-6.757341522914993,0.0],[-79.817736493272079,-6.757381500816265,0.0],[-79.817715351109555,-6.757421478715934,0.0],[-79.817694208943152,-6.75746145661405,0.0],[-79.817672221085985,-6.757503033626371,0.0],[-79.817651078911652,-6.757543011521234,0.0],[-79.817629936733454,-6.75758298941451,0.0],[-79.817608794551347,-6.757622967306199,0.0]]]]}},
{"type":"Feature","properties":{"Layer":"TG_HAB_URB","Color":5,"ESTADO":"APROBADOS POR LA MPCH CON RESOLUCION","COD_HAB_UR":"0345","ID_COD_URB":"1401010345","TIPO_HAB_U":"H.U.","NOMB_HAB_U":"H.U. PUERTA DE CHICLAYO III ETAPA"},"geometry":{"type":"MultiPolygon","coordinates":[[[[-79.797180302342682,-6.759030008175357,0.0],[-79.793094116406664,-6.759584891668625,0.0],[-79.793046230927558,-6.759589245703909,0.0],[-79.792431530770656,-6.759617780839625,0.0],[-79.793048270567255,-6.760127472015129,0.0],[-79.793080540111347,-6.7601563838025,0.0],[-79.793110399884512,-6.760187776532624,0.0],[-79.793597944974906,-6.760743151500204,0.0],[-79.799395372348371,-6.759955896876612,0.0],[-79.798783543008454,-6.758892356885521,0.0],[-79.798553408164821,-6.758940000829973,0.0],[-79.798295873500621,-6.758993317109755,0.0],[-79.798082741339471,-6.759037440816833,0.0],[-79.797969020206324,-6.759060600777516,0.0],[-79.797755938649388,-6.759105096972715,0.0],[-79.797720416614467,-6.759112450888527,0.0],[-79.797507284391585,-6.759156574324968,0.0],[-79.79747176235233,-6.759163928221273,0.0],[-79.797258342407446,-6.759208111099386,0.0],[-79.797180302342682,-6.759030008175357,0.0]]]]}},
{"type":"Feature","properties":{"Layer":"TG_HAB_URB","Color":2,"ESTADO":"INFORMAL O SIN DOCUMENTACION","COD_HAB_UR":"0455","ID_COD_URB":"1401010455","TIPO_HAB_U":"H.U.","NOMB_HAB_U":"H.U. SIN DENOMINACION 021"},"geometry":{"type":"MultiPolygon","coordinates":[[[[-79.823908561239719,-6.805422044739522,0.0],[-79.82399430549053,-6.805514018129124,0.0],[-79.824027344072803,-6.805524845652377,0.0],[-79.8241483116457,-6.805494344347027,0.0],[-79.82454210005433,-6.8054394438164,0.0],[-79.825176339944676,-6.805347566595336,0.0],[-79.825590624638295,-6.80528656943486,0.0],[-79.825954431395161,-6.805247771318121,0.0],[-79.826733365798702,-6.805141361863275,0.0],[-79.827591712534584,-6.805011170165072,0.0],[-79.828046497128327,-6.804951922239661,0.0],[-79.828298658681092,-6.804934345276488,0.0],[-79.828435946219216,-6.80490574365328,0.0],[-79.829099022056411,-6.804649985038624,0.0],[-79.82913354992202,-6.804295615946631,0.0],[-79.829208626146297,-6.803587956785809,0.0],[-79.829264170379972,-6.803288713102164,0.0],[-79.829303412440154,-6.803090695049133,0.0],[-79.829411571167569,-6.802560759996299,0.0],[-79.829589941297868,-6.801588405367842,0.0],[-79.82986347368707,-6.800293982598972,0.0],[-79.830137004947304,-6.798999560263916,0.0],[-79.83035657388794,-6.797952191333962,0.0],[-79.830576142411104,-6.796904822099675,0.0],[-79.83079570870521,-6.795857453461135,0.0],[-79.831015273679682,-6.794810083611788,0.0],[-79.831948557724445,-6.7903263331837,0.0],[-79.832135210737931,-6.789429582428142,0.0],[-79.832321863692982,-6.788532831452256,0.0],[-79.83269653871568,-6.786748953363737,0.0],[-79.832883874787029,-6.785857014890278,0.0],[-79.833071286520934,-6.784922351532396,0.0],[-79.833138959005183,-6.784937071877274,0.0],[-79.833252423388231,-6.784379048402797,0.0],[-79.833601454383441,-6.784185458021222,0.0],[-79.832947867236058,-6.783994670906594,0.0],[-79.832484338886431,-6.783795037477255,0.0],[-79.831952269313064,-6.783375498998242,0.0],[-79.831545923755201,-6.782834505354233,0.0],[-79.829793694061109,-6.776831542716033,0.0],[-79.829685503885628,-6.776149217829518,0.0],[-79.829259561477599,-6.774482449501601,0.0],[-79.829290182236278,-6.774468310244612,0.0],[-79.82913041264743,-6.77413929024056,0.0],[-79.828349602919573,-6.77122478186737,0.0],[-79.827756195728824,-6.770371813882083,0.0],[-79.827348627558251,-6.769952093576354,0.0],[-79.825321396832635,-6.767886761409169,0.0],[-79.820851353763445,-6.767605001213335,0.0],[-79.820832508355011,-6.76742014045159,0.0],[-79.81650474801414,-6.767134786062091,0.0],[-79.816488555725456,-6.767280989974291,0.0],[-79.81501208962456,-6.767204223940165,0.0],[-79.814923992817413,-6.769504900127836,0.0],[-79.814725155803814,-6.771365495687514,0.0],[-79.814810446419443,-6.77137425105029,0.0],[-79.814533602676448,-6.775058075781067,0.0],[-79.814633836755903,-6.77506594401514,0.0],[-79.814561416790582,-6.775855304014034,0.0],[-79.814508845975752,-6.776794800891117,0.0],[-79.814412845020357,-6.777875695574526,0.0],[-79.814329856411305,-6.77892072746525,0.0],[-79.81424708421244,-6.77990061293243,0.0],[-79.814165515631572,-6.780928957079373,0.0],[-79.81414634747334,-6.781889720139217,0.0],[-79.814102473555849,-6.782871368117964,0.0],[-79.814086584498952,-6.783837618028432,0.0],[-79.814046805723436,-6.784832503859975,0.0],[-79.814014995557955,-6.785505798265176,0.0],[-79.814010130989715,-6.785732636236876,0.0],[-79.814009769097993,-6.785880518943493,0.0],[-79.814016757974073,-6.785959503209494,0.0],[-79.814026625643564,-6.78603562209313,0.0],[-79.814037909017401,-6.786120359894773,0.0],[-79.814070744895432,-6.786202278879523,0.0],[-79.814106491197222,-6.786268411182645,0.0],[-79.814152261592923,-6.786347489370086,0.0],[-79.81449688392145,-6.786975759837491,0.0],[-79.81485295912789,-6.787619851989783,0.0],[-79.815495096799864,-6.78875854412931,0.0],[-79.815966978300182,-6.789624025763334,0.0],[-79.816438994630545,-6.790434948660852,0.0],[-79.816902369725042,-6.791255900114744,0.0],[-79.817610228848139,-6.791953972588441,0.0],[-79.818349597840225,-6.792689450969988,0.0],[-79.819083284090567,-6.793400507252452,0.0],[-79.819185017368881,-6.793502694674607,0.0],[-79.81931137832224,-6.793621562018817,0.0],[-79.819441432834878,-6.793787600209351,0.0],[-79.81950434556569,-6.793905486812562,0.0],[-79.819557130724377,-6.794053498359274,0.0],[-79.819929799162992,-6.795554779808581,0.0],[-79.820113340451783,-6.796273109336254,0.0],[-79.820176061039263,-6.796469961866693,0.0],[-79.820218723884537,-6.79660299828748,0.0],[-79.820305965919601,-6.796800503401439,0.0],[-79.820747523830264,-6.797737697999261,0.0],[-79.821224978152799,-6.798680721994416,0.0],[-79.821653754638888,-6.799559017578256,0.0],[-79.822126476997994,-6.800623589670132,0.0],[-79.822594419564822,-6.801571699047658,0.0],[-79.823453225200055,-6.804003222625115,0.0],[-79.823875665526771,-6.805352520872376,0.0],[-79.823908561239719,-6.805422044739522,0.0]]]]}}
]
}
